/c/ClippersHQ_renders/outputs_bl1241_20260813_151911/_work/paste_CsbHEA-grtu__20260813T132744Z/head.mp4	962707	9.40
/c/ClippersHQ_renders/outputs_bl1241_20260813_151911/_work/paste_CsbHEA-grtu__20260813T132744Z/instagram/spidey_feels/3106107430254328686_47199803474.mp4	962707	9.40
/c/ClippersHQ_renders/outputs_bl1241_20260813_151911/_work/paste_DU2FhWojcYd__20260813T132426Z/_bl1226_magenta.mp4	1937703	14.47
/c/ClippersHQ_renders/outputs_bl1241_20260813_151911/_work/paste_DU2FhWojcYd__20260813T132426Z/head.mp4	913208	14.49
/c/ClippersHQ_renders/outputs_bl1241_20260813_151911/_work/paste_DU2FhWojcYd__20260813T132426Z/instagram/men/3834276415030543901_3959377667.mp4	913208	14.49
/c/ClippersHQ_renders/outputs_bl1241_20260813_151911/_work/paste_DU2FhWojcYd__20260813T132426Z/instagram/men/final/white_frame/3834276415030543901_3959377667.mp4	1875650	14.47
/c/ClippersHQ_renders/outputs_bl1241_20260813_151911/_work/paste_DVO9ZryDKCZ__20260813T131920Z/_bl1226_magenta.mp4	1639990	9.53
/c/ClippersHQ_renders/outputs_bl1241_20260813_151911/_work/paste_DVO9ZryDKCZ__20260813T131920Z/head.mp4	527992	9.53
/c/ClippersHQ_renders/outputs_bl1241_20260813_151911/_work/paste_DVO9ZryDKCZ__20260813T131920Z/instagram/memeflickofficial/3841277578028294297_77716476902.mp4	527992	9.53
/c/ClippersHQ_renders/outputs_bl1241_20260813_151911/_work/paste_DVO9ZryDKCZ__20260813T131920Z/instagram/memeflickofficial/final/white_frame/3841277578028294297_77716476902.mp4	1528376	9.53
/c/ClippersHQ_renders/outputs_bl1241_20260813_151911/_work/paste_DVnpOeJEUx6__20260813T132034Z/head.mp4	652580	7.99
/c/ClippersHQ_renders/outputs_bl1241_20260813_151911/_work/paste_DVnpOeJEUx6__20260813T132034Z/instagram/sarcasticbutreal/3848225720955391098_56006658065.mp4	652580	7.99
/c/ClippersHQ_renders/outputs_bl1241_20260813_151911/_work/paste_DWRNKdxjPIO__20260813T132109Z/_bl1226_magenta.mp4	950519	8.83
/c/ClippersHQ_renders/outputs_bl1241_20260813_151911/_work/paste_DWRNKdxjPIO__20260813T132109Z/head.mp4	515181	8.87
/c/ClippersHQ_renders/outputs_bl1241_20260813_151911/_work/paste_DWRNKdxjPIO__20260813T132109Z/instagram/timelessbruh/3859924249402470926_75332641989.mp4	515181	8.87
/c/ClippersHQ_renders/outputs_bl1241_20260813_151911/_work/paste_DWRNKdxjPIO__20260813T132109Z/instagram/timelessbruh/final/white_frame/3859924249402470926_75332641989.mp4	921736	8.83
/c/ClippersHQ_renders/outputs_bl1241_20260813_151911/_work/paste_DXeQkziiFL7__20260813T132316Z/_bl1226_magenta.mp4	5521571	15.57
/c/ClippersHQ_renders/outputs_bl1241_20260813_151911/_work/paste_DXeQkziiFL7__20260813T132316Z/head.mp4	2103709	15.58
/c/ClippersHQ_renders/outputs_bl1241_20260813_151911/_work/paste_DXeQkziiFL7__20260813T132316Z/instagram/clips/3881612826825478907_810675847.mp4	2103709	15.58
/c/ClippersHQ_renders/outputs_bl1241_20260813_151911/_work/paste_DXeQkziiFL7__20260813T132316Z/instagram/clips/final/white_frame/3881612826825478907_810675847.mp4	5472844	15.57
/c/ClippersHQ_renders/outputs_bl1241_20260813_151911/_work/paste_DXoARykk00L__20260813T132051Z/head.mp4	398305	7.97
/c/ClippersHQ_renders/outputs_bl1241_20260813_151911/_work/paste_DXoARykk00L__20260813T132051Z/instagram/silent.core__/3884355901138881803_48147626747.mp4	398305	7.97
/c/ClippersHQ_renders/outputs_bl1241_20260813_151911/_work/paste_DYBTHfevjk5__20260813T132237Z/_bl1226_magenta.mp4	2384483	14.63
/c/ClippersHQ_renders/outputs_bl1241_20260813_151911/_work/paste_DYBTHfevjk5__20260813T132237Z/head.mp4	830989	14.63
/c/ClippersHQ_renders/outputs_bl1241_20260813_151911/_work/paste_DYBTHfevjk5__20260813T132237Z/instagram/th_ezmaya/3891475630746646841_79546934480.mp4	830989	14.63
/c/ClippersHQ_renders/outputs_bl1241_20260813_151911/_work/paste_DYBTHfevjk5__20260813T132237Z/instagram/th_ezmaya/final/white_frame/3891475630746646841_79546934480.mp4	2621521	14.63
/c/ClippersHQ_renders/outputs_bl1241_20260813_151911/_work/paste_DZIk3qyhSfX__20260813T132509Z/_bl1226_magenta.mp4	2523517	17.00
/c/ClippersHQ_renders/outputs_bl1241_20260813_151911/_work/paste_DZIk3qyhSfX__20260813T132509Z/head.mp4	929651	17.02
/c/ClippersHQ_renders/outputs_bl1241_20260813_151911/_work/paste_DZIk3qyhSfX__20260813T132509Z/instagram/wasted/3911538431561639895_1415356583.mp4	929651	17.02
/c/ClippersHQ_renders/outputs_bl1241_20260813_151911/_work/paste_DZIk3qyhSfX__20260813T132509Z/instagram/wasted/final/white_frame/3911538431561639895_1415356583.mp4	2406637	17.00
/c/ClippersHQ_renders/outputs_bl1241_20260813_151911/_work/paste_DaGakktA_S4__20260813T132808Z/_bl1226_magenta.mp4	15286790	19.97
/c/ClippersHQ_renders/outputs_bl1241_20260813_151911/_work/paste_DaGakktA_S4__20260813T132808Z/head.mp4	5458467	20.02
/c/ClippersHQ_renders/outputs_bl1241_20260813_151911/_work/paste_DaGakktA_S4__20260813T132808Z/instagram/_.actias/3928944587447727288_25441300720.mp4	11691561	40.50
/c/ClippersHQ_renders/outputs_bl1241_20260813_151911/_work/paste_DaGakktA_S4__20260813T132808Z/instagram/_.actias/final/white_frame/3928944587447727288_25441300720.mp4	14862993	19.97
/c/ClippersHQ_renders/outputs_bl1241_20260813_151911/_work/paste_DazdiMZtceF__20260813T132922Z/_bl1226_magenta.mp4	9136058	18.43
/c/ClippersHQ_renders/outputs_bl1241_20260813_151911/_work/paste_DazdiMZtceF__20260813T132922Z/head.mp4	2766588	18.44
/c/ClippersHQ_renders/outputs_bl1241_20260813_151911/_work/paste_DazdiMZtceF__20260813T132922Z/instagram/movies.h1story/3941623992006592389_25176775959.mp4	2766588	18.44
/c/ClippersHQ_renders/outputs_bl1241_20260813_151911/_work/paste_DazdiMZtceF__20260813T132922Z/instagram/movies.h1story/final/white_frame/3941623992006592389_25176775959.mp4	9086194	18.43
/c/ClippersHQ_renders/outputs_bl1241_20260813_151911/_work/paste_Db2nMXoPMQz__20260813T132206Z/_bl1226_magenta.mp4	1653284	11.37
/c/ClippersHQ_renders/outputs_bl1241_20260813_151911/_work/paste_Db2nMXoPMQz__20260813T132206Z/head.mp4	1044275	11.38
/c/ClippersHQ_renders/outputs_bl1241_20260813_151911/_work/paste_Db2nMXoPMQz__20260813T132206Z/instagram/shinn.ae0/3960525296137716787_26996397048.mp4	1044275	11.38
/c/ClippersHQ_renders/outputs_bl1241_20260813_151911/_work/paste_Db2nMXoPMQz__20260813T132206Z/instagram/shinn.ae0/final/white_frame/3960525296137716787_26996397048.mp4	1644549	11.37
/c/ClippersHQ_renders/outputs_bl1241_20260813_151911/_work/paste_Db3dFs-vmtu__20260813T132133Z/_bl1226_magenta.mp4	2784491	12.00
/c/ClippersHQ_renders/outputs_bl1241_20260813_151911/_work/paste_Db3dFs-vmtu__20260813T132133Z/head.mp4	1008331	12.03
/c/ClippersHQ_renders/outputs_bl1241_20260813_151911/_work/paste_Db3dFs-vmtu__20260813T132133Z/instagram/_memehive_/3960762332539153262_39135459843.mp4	1008331	12.03
/c/ClippersHQ_renders/outputs_bl1241_20260813_151911/_work/paste_Db3dFs-vmtu__20260813T132133Z/instagram/_memehive_/final/white_frame/3960762332539153262_39135459843.mp4	2784590	12.00
/c/ClippersHQ_renders/outputs_bl1241_20260813_151911/_work/paste_DbEA5SaJlRc__20260813T132009Z/head.mp4	315020	6.40
/c/ClippersHQ_renders/outputs_bl1241_20260813_151911/_work/paste_DbEA5SaJlRc__20260813T132009Z/instagram/toxiclaughsonly.45/3946283110259643484_25335820697.mp4	315020	6.40
/c/ClippersHQ_renders/outputs_bl1241_20260813_151911/_work/paste_Dbfc3OLPECO__20260813T132659Z/_bl1226_magenta.mp4	4619156	11.50
/c/ClippersHQ_renders/outputs_bl1241_20260813_151911/_work/paste_Dbfc3OLPECO__20260813T132659Z/head.mp4	2386622	11.52
/c/ClippersHQ_renders/outputs_bl1241_20260813_151911/_work/paste_Dbfc3OLPECO__20260813T132659Z/instagram/memeequest/3954005937948999822_19864046377.mp4	2386622	11.52
/c/ClippersHQ_renders/outputs_bl1241_20260813_151911/_work/paste_Dbfc3OLPECO__20260813T132659Z/instagram/memeequest/final/white_frame/3954005937948999822_19864046377.mp4	4479611	11.50
/c/ClippersHQ_renders/outputs_bl1241_20260813_151911/_work/paste_Dblku9wSuTa__20260813T132357Z/_bl1226_magenta.mp4	2091901	11.37
/c/ClippersHQ_renders/outputs_bl1241_20260813_151911/_work/paste_Dblku9wSuTa__20260813T132357Z/head.mp4	723767	11.37
/c/ClippersHQ_renders/outputs_bl1241_20260813_151911/_work/paste_Dblku9wSuTa__20260813T132357Z/instagram/datingsins/3955729404793644250_75567162066.mp4	723767	11.37
/c/ClippersHQ_renders/outputs_bl1241_20260813_151911/_work/paste_Dblku9wSuTa__20260813T132357Z/instagram/datingsins/final/white_frame/3955729404793644250_75567162066.mp4	2160595	11.37
/c/ClippersHQ_renders/outputs_bl1245probe_20260813_181651/_work/paste_DVO9ZryDKCZ__20260813T161701Z/head.mp4	582501	9.53
/c/ClippersHQ_renders/outputs_bl1245probe_20260813_181651/_work/paste_DVO9ZryDKCZ__20260813T161701Z/instagram/memeflickofficial/3841277578028294297_77716476902.mp4	582501	9.53
/c/ClippersHQ_renders/outputs_bl1245probe_20260813_181651/_work/paste_DVO9ZryDKCZ__20260813T161701Z/instagram/memeflickofficial/final/white_frame/3841277578028294297_77716476902.mp4	1545135	9.53
/c/ClippersHQ_renders/outputs_paste_20260811_121208/_work/paste_DVf-UBgEu3K__20260811T101738Z/head.mp4	942148	13.65
/c/ClippersHQ_renders/outputs_paste_20260811_121208/_work/paste_DVf-UBgEu3K__20260811T101738Z/instagram/theclipbuzzz/3846066661682769354_79829007746.mp4	942148	13.65
/c/ClippersHQ_renders/outputs_paste_20260811_121208/_work/paste_DVf-UBgEu3K__20260811T101738Z/instagram/theclipbuzzz/final/white_frame/3846066661682769354_79829007746.mp4	1903746	13.37
/c/ClippersHQ_renders/outputs_paste_20260811_121208/_work/paste_DWH-XU-gByq__20260811T101904Z/head.mp4	853829	18.62
/c/ClippersHQ_renders/outputs_paste_20260811_121208/_work/paste_DWH-XU-gByq__20260811T101904Z/instagram/wasted/3857325887821192362_1415356583.mp4	853829	18.62
/c/ClippersHQ_renders/outputs_paste_20260811_121208/_work/paste_DXUJmT-jCTH__20260811T101706Z/head.mp4	458736	6.48
/c/ClippersHQ_renders/outputs_paste_20260811_121208/_work/paste_DXUJmT-jCTH__20260811T101706Z/instagram/wreckedrudyy/3878767394282022087_69384001664.mp4	458736	6.48
/c/ClippersHQ_renders/outputs_paste_20260811_121208/_work/paste_DY-IF_1x_jE__20260811T101820Z/head.mp4	1171952	9.78
/c/ClippersHQ_renders/outputs_paste_20260811_121208/_work/paste_DY-IF_1x_jE__20260811T101820Z/instagram/gamblinginclips/3908597123121674436_62465047064.mp4	1171952	9.78
/c/ClippersHQ_renders/outputs_paste_20260811_121208/_work/paste_DY-IF_1x_jE__20260811T101820Z/instagram/gamblinginclips/final/white_frame/3908597123121674436_62465047064.mp4	2365700	9.78
/c/ClippersHQ_renders/outputs_paste_20260811_121208/_work/paste_DZ5gIGWB-uS__20260811T102121Z/head.mp4	932204	13.84
/c/ClippersHQ_renders/outputs_paste_20260811_121208/_work/paste_DZ5gIGWB-uS__20260811T102121Z/instagram/wasted/3925309844286335890_1415356583.mp4	932204	13.84
/c/ClippersHQ_renders/outputs_paste_20260811_121208/_work/paste_DZ5gIGWB-uS__20260811T102121Z/instagram/wasted/final/white_frame/3925309844286335890_1415356583.mp4	2065409	13.83
/c/ClippersHQ_renders/outputs_paste_20260811_121208/_work/paste_DZSmfaTAwnb__20260811T102216Z/head.mp4	599822	7.55
/c/ClippersHQ_renders/outputs_paste_20260811_121208/_work/paste_DZSmfaTAwnb__20260811T102216Z/instagram/velorenth/3914360310445836763_15581656261.mp4	599822	7.55
/c/ClippersHQ_renders/outputs_paste_20260811_121208/_work/paste_DZdeVdFvymx__20260811T101218Z/head.mp4	1096875	11.21
/c/ClippersHQ_renders/outputs_paste_20260811_121208/_work/paste_DZdeVdFvymx__20260811T101218Z/instagram/transitions.community/3917420666621471153_53819312489.mp4	1096875	11.21
/c/ClippersHQ_renders/outputs_paste_20260811_121208/_work/paste_DZdeVdFvymx__20260811T101218Z/instagram/transitions.community/final/white_frame/3917420666621471153_53819312489.mp4	2814744	11.20
/c/ClippersHQ_renders/outputs_paste_20260811_121208/_work/paste_DZpC53dqwcS__20260811T102005Z/head.mp4	2283181	11.52
/c/ClippersHQ_renders/outputs_paste_20260811_121208/_work/paste_DZpC53dqwcS__20260811T102005Z/instagram/9to5binge/3920677723259471634_74904641891.mp4	2283181	11.52
/c/ClippersHQ_renders/outputs_paste_20260811_121208/_work/paste_DZpC53dqwcS__20260811T102005Z/instagram/9to5binge/final/white_frame/3920677723259471634_74904641891.mp4	4936304	11.50
/c/ClippersHQ_renders/outputs_paste_20260811_121208/_work/paste_Db153LyMm04__20260811T101606Z/head.mp4	537858	11.42
/c/ClippersHQ_renders/outputs_paste_20260811_121208/_work/paste_Db153LyMm04__20260811T101606Z/instagram/wasted/3960325928217898296_1415356583.mp4	537858	11.42
/c/ClippersHQ_renders/outputs_paste_20260811_121208/_work/paste_Db153LyMm04__20260811T101606Z/instagram/wasted/final/white_frame/3960325928217898296_1415356583.mp4	795122	11.40
/c/ClippersHQ_renders/outputs_paste_20260811_121208/_work/paste_Db1Jihts6Au__20260811T102235Z/head.mp4	3436821	18.79
/c/ClippersHQ_renders/outputs_paste_20260811_121208/_work/paste_Db1Jihts6Au__20260811T102235Z/instagram/animeotaku_amv10k/3960113402423255086_79178646620.mp4	3436821	18.79
/c/ClippersHQ_renders/outputs_paste_20260811_121208/_work/paste_Db1Jihts6Au__20260811T102235Z/instagram/animeotaku_amv10k/final/white_frame/3960113402423255086_79178646620.mp4	6100875	18.70
/c/ClippersHQ_renders/outputs_paste_20260811_121208/_work/paste_DbwHAvvyZOq__20260811T101405Z/head.mp4	704000	10.63
/c/ClippersHQ_renders/outputs_paste_20260811_121208/_work/paste_DbwHAvvyZOq__20260811T101405Z/instagram/apexsyndicate__/3958694910051849130_47389926004.mp4	704000	10.63
/c/ClippersHQ_renders/outputs_paste_20260811_121208/_work/paste_DbwHAvvyZOq__20260811T101405Z/instagram/apexsyndicate__/final/white_frame/3958694910051849130_47389926004.mp4	1430631	10.63
/c/ClippersHQ_renders/outputs_paste_20260811_121208/_work/paste_Dbx3enXIyqJ__20260811T102052Z/head.mp4	524864	6.18
/c/ClippersHQ_renders/outputs_paste_20260811_121208/_work/paste_Dbx3enXIyqJ__20260811T102052Z/instagram/wittymedia._/3959189543841901193_39871741023.mp4	524864	6.18
/c/ClippersHQ_renders/outputs_paste_20260811_122622/_work/paste_DVf-UBgEu3K__20260811T103543Z/head.mp4	845578	13.65
/c/ClippersHQ_renders/outputs_paste_20260811_122622/_work/paste_DVf-UBgEu3K__20260811T103543Z/instagram/theclipbuzzz/3846066661682769354_79829007746.mp4	845578	13.65
/c/ClippersHQ_renders/outputs_paste_20260811_122622/_work/paste_DVf-UBgEu3K__20260811T103543Z/instagram/theclipbuzzz/final/white_frame/3846066661682769354_79829007746.mp4	1788369	13.44
/c/ClippersHQ_renders/outputs_paste_20260811_122622/_work/paste_DWH-XU-gByq__20260811T104142Z/head.mp4	853829	18.62
/c/ClippersHQ_renders/outputs_paste_20260811_122622/_work/paste_DWH-XU-gByq__20260811T104142Z/instagram/wasted/3857325887821192362_1415356583.mp4	853829	18.62
/c/ClippersHQ_renders/outputs_paste_20260811_122622/_work/paste_DWH-XU-gByq__20260811T104142Z/instagram/wasted/final/white_frame/3857325887821192362_1415356583.mp4	2556403	18.60
/c/ClippersHQ_renders/outputs_paste_20260811_122622/_work/paste_DXUJmT-jCTH__20260811T103348Z/head.mp4	403550	6.48
/c/ClippersHQ_renders/outputs_paste_20260811_122622/_work/paste_DXUJmT-jCTH__20260811T103348Z/instagram/wreckedrudyy/3878767394282022087_69384001664.mp4	403550	6.48
/c/ClippersHQ_renders/outputs_paste_20260811_122622/_work/paste_DY-IF_1x_jE__20260811T103900Z/head.mp4	1062118	9.78
/c/ClippersHQ_renders/outputs_paste_20260811_122622/_work/paste_DY-IF_1x_jE__20260811T103900Z/instagram/gamblinginclips/3908597123121674436_62465047064.mp4	1062118	9.78
/c/ClippersHQ_renders/outputs_paste_20260811_122622/_work/paste_DY-IF_1x_jE__20260811T103900Z/instagram/gamblinginclips/final/white_frame/3908597123121674436_62465047064.mp4	2331697	9.78
/c/ClippersHQ_renders/outputs_paste_20260811_122622/_work/paste_DZ5gIGWB-uS__20260811T104545Z/head.mp4	932204	13.84
/c/ClippersHQ_renders/outputs_paste_20260811_122622/_work/paste_DZ5gIGWB-uS__20260811T104545Z/instagram/wasted/3925309844286335890_1415356583.mp4	932204	13.84
/c/ClippersHQ_renders/outputs_paste_20260811_122622/_work/paste_DZ5gIGWB-uS__20260811T104545Z/instagram/wasted/final/white_frame/3925309844286335890_1415356583.mp4	1992161	13.83
/c/ClippersHQ_renders/outputs_paste_20260811_122622/_work/paste_DZSmfaTAwnb__20260811T104708Z/head.mp4	599822	7.55
/c/ClippersHQ_renders/outputs_paste_20260811_122622/_work/paste_DZSmfaTAwnb__20260811T104708Z/instagram/velorenth/3914360310445836763_15581656261.mp4	599822	7.55
/c/ClippersHQ_renders/outputs_paste_20260811_122622/_work/paste_DZdeVdFvymx__20260811T102651Z/head.mp4	1049385	11.21
/c/ClippersHQ_renders/outputs_paste_20260811_122622/_work/paste_DZdeVdFvymx__20260811T102651Z/instagram/transitions.community/3917420666621471153_53819312489.mp4	1049385	11.21
/c/ClippersHQ_renders/outputs_paste_20260811_122622/_work/paste_DZdeVdFvymx__20260811T102651Z/instagram/transitions.community/final/white_frame/3917420666621471153_53819312489.mp4	2891207	11.20
/c/ClippersHQ_renders/outputs_paste_20260811_122622/_work/paste_DZpC53dqwcS__20260811T104337Z/head.mp4	2283181	11.52
/c/ClippersHQ_renders/outputs_paste_20260811_122622/_work/paste_DZpC53dqwcS__20260811T104337Z/instagram/9to5binge/3920677723259471634_74904641891.mp4	2283181	11.52
/c/ClippersHQ_renders/outputs_paste_20260811_122622/_work/paste_DZpC53dqwcS__20260811T104337Z/instagram/9to5binge/final/white_frame/3920677723259471634_74904641891.mp4	4735207	11.50
/c/ClippersHQ_renders/outputs_paste_20260811_122622/_work/paste_Db153LyMm04__20260811T103059Z/head.mp4	537858	11.42
/c/ClippersHQ_renders/outputs_paste_20260811_122622/_work/paste_Db153LyMm04__20260811T103059Z/instagram/wasted/3960325928217898296_1415356583.mp4	537858	11.42
/c/ClippersHQ_renders/outputs_paste_20260811_122622/_work/paste_Db153LyMm04__20260811T103059Z/instagram/wasted/final/white_frame/3960325928217898296_1415356583.mp4	862704	11.40
/c/ClippersHQ_renders/outputs_paste_20260811_122622/_work/paste_Db1Jihts6Au__20260811T104732Z/head.mp4	3436821	18.79
/c/ClippersHQ_renders/outputs_paste_20260811_122622/_work/paste_Db1Jihts6Au__20260811T104732Z/instagram/animeotaku_amv10k/3960113402423255086_79178646620.mp4	3436821	18.79
/c/ClippersHQ_renders/outputs_paste_20260811_122622/_work/paste_DbwHAvvyZOq__20260811T102901Z/head.mp4	679483	10.63
/c/ClippersHQ_renders/outputs_paste_20260811_122622/_work/paste_DbwHAvvyZOq__20260811T102901Z/instagram/apexsyndicate__/3958694910051849130_47389926004.mp4	679483	10.63
/c/ClippersHQ_renders/outputs_paste_20260811_122622/_work/paste_DbwHAvvyZOq__20260811T102901Z/instagram/apexsyndicate__/final/white_frame/3958694910051849130_47389926004.mp4	1317115	10.63
/c/ClippersHQ_renders/outputs_paste_20260811_122622/_work/paste_Dbx3enXIyqJ__20260811T104510Z/head.mp4	430475	6.18
/c/ClippersHQ_renders/outputs_paste_20260811_122622/_work/paste_Dbx3enXIyqJ__20260811T104510Z/instagram/wittymedia._/3959189543841901193_39871741023.mp4	430475	6.18
/c/ClippersHQ_renders/outputs_paste_20260811_153854/_work/paste_DVf-UBgEu3K__20260811T134106Z/head.mp4	1306176	13.65
/c/ClippersHQ_renders/outputs_paste_20260811_153854/_work/paste_DVf-UBgEu3K__20260811T134106Z/instagram/theclipbuzzz/3846066661682769354_79829007746.mp4	1306176	13.65
/c/ClippersHQ_renders/outputs_paste_20260811_153854/_work/paste_DVf-UBgEu3K__20260811T134106Z/instagram/theclipbuzzz/final/white_frame/3846066661682769354_79829007746.mp4	3608014	13.37
/c/ClippersHQ_renders/outputs_paste_20260811_153854/_work/paste_DWH-XU-gByq__20260811T134228Z/head.mp4	853829	18.62
/c/ClippersHQ_renders/outputs_paste_20260811_153854/_work/paste_DWH-XU-gByq__20260811T134228Z/instagram/wasted/3857325887821192362_1415356583.mp4	853829	18.62
/c/ClippersHQ_renders/outputs_paste_20260811_153854/_work/paste_DWH-XU-gByq__20260811T134228Z/instagram/wasted/final/white_frame/3857325887821192362_1415356583.mp4	2502094	18.60
/c/ClippersHQ_renders/outputs_paste_20260811_153854/_work/paste_DXUJmT-jCTH__20260811T134047Z/head.mp4	369752	6.48
/c/ClippersHQ_renders/outputs_paste_20260811_153854/_work/paste_DXUJmT-jCTH__20260811T134047Z/instagram/wreckedrudyy/3878767394282022087_69384001664.mp4	369752	6.48
/c/ClippersHQ_renders/outputs_paste_20260811_153854/_work/paste_DY-IF_1x_jE__20260811T134158Z/head.mp4	1045408	9.78
/c/ClippersHQ_renders/outputs_paste_20260811_153854/_work/paste_DY-IF_1x_jE__20260811T134158Z/instagram/gamblinginclips/3908597123121674436_62465047064.mp4	1045408	9.78
/c/ClippersHQ_renders/outputs_paste_20260811_153854/_work/paste_DY-IF_1x_jE__20260811T134158Z/instagram/gamblinginclips/final/white_frame/3908597123121674436_62465047064.mp4	2461747	9.78
/c/ClippersHQ_renders/outputs_paste_20260811_153854/_work/paste_DZ5gIGWB-uS__20260811T134420Z/head.mp4	932204	13.84
/c/ClippersHQ_renders/outputs_paste_20260811_153854/_work/paste_DZ5gIGWB-uS__20260811T134420Z/instagram/wasted/3925309844286335890_1415356583.mp4	932204	13.84
/c/ClippersHQ_renders/outputs_paste_20260811_153854/_work/paste_DZ5gIGWB-uS__20260811T134420Z/instagram/wasted/final/white_frame/3925309844286335890_1415356583.mp4	2135454	13.83
/c/ClippersHQ_renders/outputs_paste_20260811_153854/_work/paste_DZSmfaTAwnb__20260811T134530Z/head.mp4	599822	7.55
/c/ClippersHQ_renders/outputs_paste_20260811_153854/_work/paste_DZSmfaTAwnb__20260811T134530Z/instagram/velorenth/3914360310445836763_15581656261.mp4	599822	7.55
/c/ClippersHQ_renders/outputs_paste_20260811_153854/_work/paste_DZdeVdFvymx__20260811T133905Z/head.mp4	1049385	11.21
/c/ClippersHQ_renders/outputs_paste_20260811_153854/_work/paste_DZdeVdFvymx__20260811T133905Z/instagram/transitions.community/3917420666621471153_53819312489.mp4	1049385	11.21
/c/ClippersHQ_renders/outputs_paste_20260811_153854/_work/paste_DZdeVdFvymx__20260811T133905Z/instagram/transitions.community/final/white_frame/3917420666621471153_53819312489.mp4	2830399	11.20
/c/ClippersHQ_renders/outputs_paste_20260811_153854/_work/paste_DZpC53dqwcS__20260811T134317Z/head.mp4	2676780	11.52
/c/ClippersHQ_renders/outputs_paste_20260811_153854/_work/paste_DZpC53dqwcS__20260811T134317Z/instagram/9to5binge/3920677723259471634_74904641891.mp4	2676780	11.52
/c/ClippersHQ_renders/outputs_paste_20260811_153854/_work/paste_DZpC53dqwcS__20260811T134317Z/instagram/9to5binge/final/white_frame/3920677723259471634_74904641891.mp4	5189791	11.50
/c/ClippersHQ_renders/outputs_paste_20260811_153854/_work/paste_Db153LyMm04__20260811T134023Z/head.mp4	389069	11.42
/c/ClippersHQ_renders/outputs_paste_20260811_153854/_work/paste_Db153LyMm04__20260811T134023Z/instagram/wasted/3960325928217898296_1415356583.mp4	389069	11.42
/c/ClippersHQ_renders/outputs_paste_20260811_153854/_work/paste_Db153LyMm04__20260811T134023Z/instagram/wasted/final/white_frame/3960325928217898296_1415356583.mp4	847923	11.40
/c/ClippersHQ_renders/outputs_paste_20260811_153854/_work/paste_Db1Jihts6Au__20260811T134547Z/head.mp4	2035526	18.79
/c/ClippersHQ_renders/outputs_paste_20260811_153854/_work/paste_Db1Jihts6Au__20260811T134547Z/instagram/animeotaku_amv10k/3960113402423255086_79178646620.mp4	2035526	18.79
/c/ClippersHQ_renders/outputs_paste_20260811_153854/_work/paste_Db1Jihts6Au__20260811T134547Z/instagram/animeotaku_amv10k/final/white_frame/3960113402423255086_79178646620.mp4	3013026	18.70
/c/ClippersHQ_renders/outputs_paste_20260811_153854/_work/paste_DbwHAvvyZOq__20260811T133954Z/head.mp4	415980	10.63
/c/ClippersHQ_renders/outputs_paste_20260811_153854/_work/paste_DbwHAvvyZOq__20260811T133954Z/instagram/apexsyndicate__/3958694910051849130_47389926004.mp4	415980	10.63
/c/ClippersHQ_renders/outputs_paste_20260811_153854/_work/paste_DbwHAvvyZOq__20260811T133954Z/instagram/apexsyndicate__/final/white_frame/3958694910051849130_47389926004.mp4	789091	10.63
/c/ClippersHQ_renders/outputs_paste_20260811_153854/_work/paste_Dbx3enXIyqJ__20260811T134402Z/head.mp4	487918	6.18
/c/ClippersHQ_renders/outputs_paste_20260811_153854/_work/paste_Dbx3enXIyqJ__20260811T134402Z/instagram/wittymedia._/3959189543841901193_39871741023.mp4	487918	6.18
/c/ClippersHQ_renders/outputs_paste_20260811_170434/_work/paste_CsbHEA-grtu__20260811T151205Z/head.mp4	962707	9.40
/c/ClippersHQ_renders/outputs_paste_20260811_170434/_work/paste_CsbHEA-grtu__20260811T151205Z/instagram/spidey_feels/3106107430254328686_47199803474.mp4	962707	9.40
/c/ClippersHQ_renders/outputs_paste_20260811_170434/_work/paste_DU2FhWojcYd__20260811T151023Z/head.mp4	913208	14.49
/c/ClippersHQ_renders/outputs_paste_20260811_170434/_work/paste_DU2FhWojcYd__20260811T151023Z/instagram/men/3834276415030543901_3959377667.mp4	913208	14.49
/c/ClippersHQ_renders/outputs_paste_20260811_170434/_work/paste_DU2FhWojcYd__20260811T151023Z/instagram/men/final/white_frame/3834276415030543901_3959377667.mp4	1913170	14.47
/c/ClippersHQ_renders/outputs_paste_20260811_170434/_work/paste_DVO9ZryDKCZ__20260811T150439Z/head.mp4	402210	9.53
/c/ClippersHQ_renders/outputs_paste_20260811_170434/_work/paste_DVO9ZryDKCZ__20260811T150439Z/instagram/memeflickofficial/3841277578028294297_77716476902.mp4	402210	9.53
/c/ClippersHQ_renders/outputs_paste_20260811_170434/_work/paste_DVO9ZryDKCZ__20260811T150439Z/instagram/memeflickofficial/final/white_frame/3841277578028294297_77716476902.mp4	931324	9.53
/c/ClippersHQ_renders/outputs_paste_20260811_170434/_work/paste_DVPApBmAoja__20260811T151556Z/head.mp4	691920	8.22
/c/ClippersHQ_renders/outputs_paste_20260811_170434/_work/paste_DVPApBmAoja__20260811T151556Z/instagram/levelgonn/3841291826380310746_69011852061.mp4	691920	8.22
/c/ClippersHQ_renders/outputs_paste_20260811_170434/_work/paste_DVPApBmAoja__20260811T151556Z/instagram/levelgonn/final/white_frame/3841291826380310746_69011852061.mp4	2044299	8.20
/c/ClippersHQ_renders/outputs_paste_20260811_170434/_work/paste_DVQIcZFkxk-__20260811T151452Z/head.mp4	845081	10.30
/c/ClippersHQ_renders/outputs_paste_20260811_170434/_work/paste_DVQIcZFkxk-__20260811T151452Z/instagram/rexx.cum/3841607617601542462_46417411631.mp4	845081	10.30
/c/ClippersHQ_renders/outputs_paste_20260811_170434/_work/paste_DVQIcZFkxk-__20260811T151452Z/instagram/rexx.cum/final/white_frame/3841607617601542462_46417411631.mp4	2254130	10.30
/c/ClippersHQ_renders/outputs_paste_20260811_170434/_work/paste_DVg1HViDLYz__20260811T151529Z/head.mp4	912594	9.77
/c/ClippersHQ_renders/outputs_paste_20260811_170434/_work/paste_DVg1HViDLYz__20260811T151529Z/instagram/memeflickofficial/3846307682395665971_77716476902.mp4	912594	9.77
/c/ClippersHQ_renders/outputs_paste_20260811_170434/_work/paste_DVg1HViDLYz__20260811T151529Z/instagram/memeflickofficial/final/white_frame/3846307682395665971_77716476902.mp4	1097828	9.77
/c/ClippersHQ_renders/outputs_paste_20260811_170434/_work/paste_DVnpOeJEUx6__20260811T150535Z/head.mp4	633175	7.99
/c/ClippersHQ_renders/outputs_paste_20260811_170434/_work/paste_DVnpOeJEUx6__20260811T150535Z/instagram/sarcasticbutreal/3848225720955391098_56006658065.mp4	633175	7.99
/c/ClippersHQ_renders/outputs_paste_20260811_170434/_work/paste_DWRNKdxjPIO__20260811T150620Z/head.mp4	759746	8.87
/c/ClippersHQ_renders/outputs_paste_20260811_170434/_work/paste_DWRNKdxjPIO__20260811T150620Z/instagram/timelessbruh/3859924249402470926_75332641989.mp4	759746	8.87
/c/ClippersHQ_renders/outputs_paste_20260811_170434/_work/paste_DWRNKdxjPIO__20260811T150620Z/instagram/timelessbruh/final/white_frame/3859924249402470926_75332641989.mp4	1459985	8.83
/c/ClippersHQ_renders/outputs_paste_20260811_170434/_work/paste_DXeQkziiFL7__20260811T150851Z/head.mp4	1460186	15.58
/c/ClippersHQ_renders/outputs_paste_20260811_170434/_work/paste_DXeQkziiFL7__20260811T150851Z/instagram/clips/3881612826825478907_810675847.mp4	1460186	15.58
/c/ClippersHQ_renders/outputs_paste_20260811_170434/_work/paste_DXeQkziiFL7__20260811T150851Z/instagram/clips/final/white_frame/3881612826825478907_810675847.mp4	2652666	15.57
/c/ClippersHQ_renders/outputs_paste_20260811_170434/_work/paste_DXoARykk00L__20260811T150558Z/head.mp4	597555	7.97
/c/ClippersHQ_renders/outputs_paste_20260811_170434/_work/paste_DXoARykk00L__20260811T150558Z/instagram/silent.core__/3884355901138881803_48147626747.mp4	597555	7.97
/c/ClippersHQ_renders/outputs_paste_20260811_170434/_work/paste_DYBTHfevjk5__20260811T150758Z/head.mp4	806075	14.63
/c/ClippersHQ_renders/outputs_paste_20260811_170434/_work/paste_DYBTHfevjk5__20260811T150758Z/instagram/th_ezmaya/3891475630746646841_79546934480.mp4	806075	14.63
/c/ClippersHQ_renders/outputs_paste_20260811_170434/_work/paste_DYBTHfevjk5__20260811T150758Z/instagram/th_ezmaya/final/white_frame/3891475630746646841_79546934480.mp4	2794056	14.63
/c/ClippersHQ_renders/outputs_paste_20260811_170434/_work/paste_DYTPB_4pWpM__20260811T151721Z/head.mp4	1139087	11.24
/c/ClippersHQ_renders/outputs_paste_20260811_170434/_work/paste_DYTPB_4pWpM__20260811T151721Z/instagram/voidbuffet/3896524210618853964_39184176345.mp4	1139087	11.24
/c/ClippersHQ_renders/outputs_paste_20260811_170434/_work/paste_DYTPB_4pWpM__20260811T151721Z/instagram/voidbuffet/final/white_frame/3896524210618853964_39184176345.mp4	3165501	11.13
/c/ClippersHQ_renders/outputs_paste_20260811_170434/_work/paste_DZIk3qyhSfX__20260811T151054Z/head.mp4	999094	17.02
/c/ClippersHQ_renders/outputs_paste_20260811_170434/_work/paste_DZIk3qyhSfX__20260811T151054Z/instagram/wasted/3911538431561639895_1415356583.mp4	999094	17.02
/c/ClippersHQ_renders/outputs_paste_20260811_170434/_work/paste_DZIk3qyhSfX__20260811T151054Z/instagram/wasted/final/white_frame/3911538431561639895_1415356583.mp4	2481786	17.00
/c/ClippersHQ_renders/outputs_paste_20260811_170434/_work/paste_DaGakktA_S4__20260811T151219Z/head.mp4	4809049	20.10
/c/ClippersHQ_renders/outputs_paste_20260811_170434/_work/paste_DaGakktA_S4__20260811T151219Z/instagram/_.actias/3928944587447727288_25441300720.mp4	10040346	40.50
/c/ClippersHQ_renders/outputs_paste_20260811_170434/_work/paste_DaGakktA_S4__20260811T151219Z/instagram/_.actias/final/white_frame/3928944587447727288_25441300720.mp4	7303369	19.97
/c/ClippersHQ_renders/outputs_paste_20260811_170434/_work/paste_DajhDiZs99M__20260811T151632Z/head.mp4	1192682	13.98
/c/ClippersHQ_renders/outputs_paste_20260811_170434/_work/paste_DajhDiZs99M__20260811T151632Z/instagram/wasted/3937135877883682636_1415356583.mp4	1192682	13.98
/c/ClippersHQ_renders/outputs_paste_20260811_170434/_work/paste_DajhDiZs99M__20260811T151632Z/instagram/wasted/final/white_frame/3937135877883682636_1415356583.mp4	3307887	13.97
/c/ClippersHQ_renders/outputs_paste_20260811_170434/_work/paste_DazdiMZtceF__20260811T151250Z/head.mp4	2980423	18.44
/c/ClippersHQ_renders/outputs_paste_20260811_170434/_work/paste_DazdiMZtceF__20260811T151250Z/instagram/movies.h1story/3941623992006592389_25176775959.mp4	2980423	18.44
/c/ClippersHQ_renders/outputs_paste_20260811_170434/_work/paste_DazdiMZtceF__20260811T151250Z/instagram/movies.h1story/final/white_frame/3941623992006592389_25176775959.mp4	8473569	18.43
/c/ClippersHQ_renders/outputs_paste_20260811_170434/_work/paste_Db2nMXoPMQz__20260811T150741Z/head.mp4	1011161	11.38
/c/ClippersHQ_renders/outputs_paste_20260811_170434/_work/paste_Db2nMXoPMQz__20260811T150741Z/instagram/shinn.ae0/3960525296137716787_26996397048.mp4	1011161	11.38
/c/ClippersHQ_renders/outputs_paste_20260811_170434/_work/paste_Db3dFs-vmtu__20260811T150700Z/head.mp4	911605	12.03
/c/ClippersHQ_renders/outputs_paste_20260811_170434/_work/paste_Db3dFs-vmtu__20260811T150700Z/instagram/_memehive_/3960762332539153262_39135459843.mp4	911605	12.03
/c/ClippersHQ_renders/outputs_paste_20260811_170434/_work/paste_Db3dFs-vmtu__20260811T150700Z/instagram/_memehive_/final/white_frame/3960762332539153262_39135459843.mp4	2844936	12.00
/c/ClippersHQ_renders/outputs_paste_20260811_170434/_work/paste_DbEA5SaJlRc__20260811T150515Z/head.mp4	215567	6.40
/c/ClippersHQ_renders/outputs_paste_20260811_170434/_work/paste_DbEA5SaJlRc__20260811T150515Z/instagram/toxiclaughsonly.45/3946283110259643484_25335820697.mp4	215567	6.40
/c/ClippersHQ_renders/outputs_paste_20260811_170434/_work/paste_Dbfc3OLPECO__20260811T151144Z/head.mp4	1467152	11.52
/c/ClippersHQ_renders/outputs_paste_20260811_170434/_work/paste_Dbfc3OLPECO__20260811T151144Z/instagram/memeequest/3954005937948999822_19864046377.mp4	1467152	11.52
/c/ClippersHQ_renders/outputs_paste_20260811_170434/_work/paste_Dbfc3OLPECO__20260811T151144Z/instagram/memeequest/final/white_frame/3954005937948999822_19864046377.mp4	2100670	11.50
/c/ClippersHQ_renders/outputs_paste_20260811_170434/_work/paste_Dblku9wSuTa__20260811T150917Z/head.mp4	1167182	11.37
/c/ClippersHQ_renders/outputs_paste_20260811_170434/_work/paste_Dblku9wSuTa__20260811T150917Z/instagram/datingsins/3955729404793644250_75567162066.mp4	1167182	11.37
/c/ClippersHQ_renders/outputs_paste_20260811_170434/_work/paste_Dblku9wSuTa__20260811T150917Z/instagram/datingsins/final/white_frame/3955729404793644250_75567162066.mp4	4929043	11.37
/c/ClippersHQ_renders/outputs_paste_20260811_170434/_work/paste_Dbz9vxLAEid__20260811T151354Z/head.mp4	930108	12.86
/c/ClippersHQ_renders/outputs_paste_20260811_170434/_work/paste_Dbz9vxLAEid__20260811T151354Z/instagram/unsentclips.in/3959780060839299229_57799943517.mp4	930108	12.86
/c/ClippersHQ_renders/outputs_paste_20260811_170434/_work/paste_Dbz9vxLAEid__20260811T151354Z/instagram/unsentclips.in/final/white_frame/3959780060839299229_57799943517.mp4	2707899	12.77
/c/ClippersHQ_renders/outputs_paste_20260811_180119/_work/paste_CsbHEA-grtu__20260811T161007Z/head.mp4	962707	9.40
/c/ClippersHQ_renders/outputs_paste_20260811_180119/_work/paste_CsbHEA-grtu__20260811T161007Z/instagram/spidey_feels/3106107430254328686_47199803474.mp4	962707	9.40
/c/ClippersHQ_renders/outputs_paste_20260811_180119/_work/paste_DU2FhWojcYd__20260811T160743Z/head.mp4	1261915	14.49
/c/ClippersHQ_renders/outputs_paste_20260811_180119/_work/paste_DU2FhWojcYd__20260811T160743Z/instagram/men/3834276415030543901_3959377667.mp4	1261915	14.49
/c/ClippersHQ_renders/outputs_paste_20260811_180119/_work/paste_DU2FhWojcYd__20260811T160743Z/instagram/men/final/white_frame/3834276415030543901_3959377667.mp4	4268643	14.47
/c/ClippersHQ_renders/outputs_paste_20260811_180119/_work/paste_DVO9ZryDKCZ__20260811T160128Z/head.mp4	425451	9.53
/c/ClippersHQ_renders/outputs_paste_20260811_180119/_work/paste_DVO9ZryDKCZ__20260811T160128Z/instagram/memeflickofficial/3841277578028294297_77716476902.mp4	425451	9.53
/c/ClippersHQ_renders/outputs_paste_20260811_180119/_work/paste_DVO9ZryDKCZ__20260811T160128Z/instagram/memeflickofficial/final/white_frame/3841277578028294297_77716476902.mp4	1524667	9.53
/c/ClippersHQ_renders/outputs_paste_20260811_180119/_work/paste_DVPApBmAoja__20260811T161407Z/head.mp4	621596	8.22
/c/ClippersHQ_renders/outputs_paste_20260811_180119/_work/paste_DVPApBmAoja__20260811T161407Z/instagram/levelgonn/3841291826380310746_69011852061.mp4	621596	8.22
/c/ClippersHQ_renders/outputs_paste_20260811_180119/_work/paste_DVPApBmAoja__20260811T161407Z/instagram/levelgonn/final/white_frame/3841291826380310746_69011852061.mp4	1176363	8.20
/c/ClippersHQ_renders/outputs_paste_20260811_180119/_work/paste_DVQIcZFkxk-__20260811T161303Z/head.mp4	845081	10.30
/c/ClippersHQ_renders/outputs_paste_20260811_180119/_work/paste_DVQIcZFkxk-__20260811T161303Z/instagram/rexx.cum/3841607617601542462_46417411631.mp4	845081	10.30
/c/ClippersHQ_renders/outputs_paste_20260811_180119/_work/paste_DVQIcZFkxk-__20260811T161303Z/instagram/rexx.cum/final/white_frame/3841607617601542462_46417411631.mp4	2270699	10.30
/c/ClippersHQ_renders/outputs_paste_20260811_180119/_work/paste_DVg1HViDLYz__20260811T161334Z/head.mp4	1206202	9.77
/c/ClippersHQ_renders/outputs_paste_20260811_180119/_work/paste_DVg1HViDLYz__20260811T161334Z/instagram/memeflickofficial/3846307682395665971_77716476902.mp4	1206202	9.77
/c/ClippersHQ_renders/outputs_paste_20260811_180119/_work/paste_DVg1HViDLYz__20260811T161334Z/instagram/memeflickofficial/final/white_frame/3846307682395665971_77716476902.mp4	1923033	9.77
/c/ClippersHQ_renders/outputs_paste_20260811_180119/_work/paste_DVnpOeJEUx6__20260811T160230Z/head.mp4	441311	7.99
/c/ClippersHQ_renders/outputs_paste_20260811_180119/_work/paste_DVnpOeJEUx6__20260811T160230Z/instagram/sarcasticbutreal/3848225720955391098_56006658065.mp4	441311	7.99
/c/ClippersHQ_renders/outputs_paste_20260811_180119/_work/paste_DWRNKdxjPIO__20260811T160314Z/head.mp4	746190	8.87
/c/ClippersHQ_renders/outputs_paste_20260811_180119/_work/paste_DWRNKdxjPIO__20260811T160314Z/instagram/timelessbruh/3859924249402470926_75332641989.mp4	746190	8.87
/c/ClippersHQ_renders/outputs_paste_20260811_180119/_work/paste_DWRNKdxjPIO__20260811T160314Z/instagram/timelessbruh/final/white_frame/3859924249402470926_75332641989.mp4	1427346	8.83
/c/ClippersHQ_renders/outputs_paste_20260811_180119/_work/paste_DXeQkziiFL7__20260811T160559Z/head.mp4	2103709	15.58
/c/ClippersHQ_renders/outputs_paste_20260811_180119/_work/paste_DXeQkziiFL7__20260811T160559Z/instagram/clips/3881612826825478907_810675847.mp4	2103709	15.58
/c/ClippersHQ_renders/outputs_paste_20260811_180119/_work/paste_DXeQkziiFL7__20260811T160559Z/instagram/clips/final/white_frame/3881612826825478907_810675847.mp4	5580514	15.57
/c/ClippersHQ_renders/outputs_paste_20260811_180119/_work/paste_DXoARykk00L__20260811T160252Z/head.mp4	482009	7.97
/c/ClippersHQ_renders/outputs_paste_20260811_180119/_work/paste_DXoARykk00L__20260811T160252Z/instagram/silent.core__/3884355901138881803_48147626747.mp4	482009	7.97
/c/ClippersHQ_renders/outputs_paste_20260811_180119/_work/paste_DYBTHfevjk5__20260811T160513Z/head.mp4	859839	14.63
/c/ClippersHQ_renders/outputs_paste_20260811_180119/_work/paste_DYBTHfevjk5__20260811T160513Z/instagram/th_ezmaya/3891475630746646841_79546934480.mp4	859839	14.63
/c/ClippersHQ_renders/outputs_paste_20260811_180119/_work/paste_DYBTHfevjk5__20260811T160513Z/instagram/th_ezmaya/final/white_frame/3891475630746646841_79546934480.mp4	2537853	14.63
/c/ClippersHQ_renders/outputs_paste_20260811_180119/_work/paste_DYTPB_4pWpM__20260811T161453Z/head.mp4	1139087	11.24
/c/ClippersHQ_renders/outputs_paste_20260811_180119/_work/paste_DYTPB_4pWpM__20260811T161453Z/instagram/voidbuffet/3896524210618853964_39184176345.mp4	1139087	11.24
/c/ClippersHQ_renders/outputs_paste_20260811_180119/_work/paste_DYTPB_4pWpM__20260811T161453Z/instagram/voidbuffet/final/white_frame/3896524210618853964_39184176345.mp4	3317385	11.13
/c/ClippersHQ_renders/outputs_paste_20260811_180119/_work/paste_DZIk3qyhSfX__20260811T160839Z/head.mp4	929651	17.02
/c/ClippersHQ_renders/outputs_paste_20260811_180119/_work/paste_DZIk3qyhSfX__20260811T160839Z/instagram/wasted/3911538431561639895_1415356583.mp4	929651	17.02
/c/ClippersHQ_renders/outputs_paste_20260811_180119/_work/paste_DZIk3qyhSfX__20260811T160839Z/instagram/wasted/final/white_frame/3911538431561639895_1415356583.mp4	2450626	17.00
/c/ClippersHQ_renders/outputs_paste_20260811_180119/_work/paste_DaGakktA_S4__20260811T161028Z/head.mp4	2448461	20.02
/c/ClippersHQ_renders/outputs_paste_20260811_180119/_work/paste_DaGakktA_S4__20260811T161028Z/instagram/_.actias/3928944587447727288_25441300720.mp4	5122100	40.50
/c/ClippersHQ_renders/outputs_paste_20260811_180119/_work/paste_DaGakktA_S4__20260811T161028Z/instagram/_.actias/final/white_frame/3928944587447727288_25441300720.mp4	7003698	19.97
/c/ClippersHQ_renders/outputs_paste_20260811_180119/_work/paste_DajhDiZs99M__20260811T161430Z/head.mp4	990264	13.98
/c/ClippersHQ_renders/outputs_paste_20260811_180119/_work/paste_DajhDiZs99M__20260811T161430Z/instagram/wasted/3937135877883682636_1415356583.mp4	990264	13.98
/c/ClippersHQ_renders/outputs_paste_20260811_180119/_work/paste_DazdiMZtceF__20260811T161124Z/head.mp4	2208497	18.44
/c/ClippersHQ_renders/outputs_paste_20260811_180119/_work/paste_DazdiMZtceF__20260811T161124Z/instagram/movies.h1story/3941623992006592389_25176775959.mp4	2208497	18.44
/c/ClippersHQ_renders/outputs_paste_20260811_180119/_work/paste_DazdiMZtceF__20260811T161124Z/instagram/movies.h1story/final/white_frame/3941623992006592389_25176775959.mp4	4695692	18.45
/c/ClippersHQ_renders/outputs_paste_20260811_180119/_work/paste_Db2nMXoPMQz__20260811T160423Z/head.mp4	1847193	11.38
/c/ClippersHQ_renders/outputs_paste_20260811_180119/_work/paste_Db2nMXoPMQz__20260811T160423Z/instagram/shinn.ae0/3960525296137716787_26996397048.mp4	1847193	11.38
/c/ClippersHQ_renders/outputs_paste_20260811_180119/_work/paste_Db2nMXoPMQz__20260811T160423Z/instagram/shinn.ae0/final/white_frame/3960525296137716787_26996397048.mp4	3058507	11.37
/c/ClippersHQ_renders/outputs_paste_20260811_180119/_work/paste_Db3dFs-vmtu__20260811T160359Z/head.mp4	845998	12.03
/c/ClippersHQ_renders/outputs_paste_20260811_180119/_work/paste_Db3dFs-vmtu__20260811T160359Z/instagram/_memehive_/3960762332539153262_39135459843.mp4	845998	12.03
/c/ClippersHQ_renders/outputs_paste_20260811_180119/_work/paste_DbEA5SaJlRc__20260811T160212Z/head.mp4	340638	6.40
/c/ClippersHQ_renders/outputs_paste_20260811_180119/_work/paste_DbEA5SaJlRc__20260811T160212Z/instagram/toxiclaughsonly.45/3946283110259643484_25335820697.mp4	340638	6.40
/c/ClippersHQ_renders/outputs_paste_20260811_180119/_work/paste_Dbfc3OLPECO__20260811T160930Z/head.mp4	1828508	11.52
/c/ClippersHQ_renders/outputs_paste_20260811_180119/_work/paste_Dbfc3OLPECO__20260811T160930Z/instagram/memeequest/3954005937948999822_19864046377.mp4	1828508	11.52
/c/ClippersHQ_renders/outputs_paste_20260811_180119/_work/paste_Dbfc3OLPECO__20260811T160930Z/instagram/memeequest/final/white_frame/3954005937948999822_19864046377.mp4	2580323	11.50
/c/ClippersHQ_renders/outputs_paste_20260811_180119/_work/paste_Dblku9wSuTa__20260811T160656Z/head.mp4	864394	11.37
/c/ClippersHQ_renders/outputs_paste_20260811_180119/_work/paste_Dblku9wSuTa__20260811T160656Z/instagram/datingsins/3955729404793644250_75567162066.mp4	864394	11.37
/c/ClippersHQ_renders/outputs_paste_20260811_180119/_work/paste_Dblku9wSuTa__20260811T160656Z/instagram/datingsins/final/white_frame/3955729404793644250_75567162066.mp4	3639603	11.37
/c/ClippersHQ_renders/outputs_paste_20260811_180119/_work/paste_Dbz9vxLAEid__20260811T161206Z/head.mp4	999908	12.86
/c/ClippersHQ_renders/outputs_paste_20260811_180119/_work/paste_Dbz9vxLAEid__20260811T161206Z/instagram/unsentclips.in/3959780060839299229_57799943517.mp4	999908	12.86
/c/ClippersHQ_renders/outputs_paste_20260811_180119/_work/paste_Dbz9vxLAEid__20260811T161206Z/instagram/unsentclips.in/final/white_frame/3959780060839299229_57799943517.mp4	2807075	12.77
/c/ClippersHQ_renders/outputs_paste_20260811_221024/_work/paste_CsbHEA-grtu__20260811T201720Z/head.mp4	962707	9.40
/c/ClippersHQ_renders/outputs_paste_20260811_221024/_work/paste_CsbHEA-grtu__20260811T201720Z/instagram/spidey_feels/3106107430254328686_47199803474.mp4	962707	9.40
/c/ClippersHQ_renders/outputs_paste_20260811_221024/_work/paste_DU2FhWojcYd__20260811T201543Z/head.mp4	1157207	14.49
/c/ClippersHQ_renders/outputs_paste_20260811_221024/_work/paste_DU2FhWojcYd__20260811T201543Z/instagram/men/3834276415030543901_3959377667.mp4	1157207	14.49
/c/ClippersHQ_renders/outputs_paste_20260811_221024/_work/paste_DU2FhWojcYd__20260811T201543Z/instagram/men/final/white_frame/3834276415030543901_3959377667.mp4	4019993	14.47
/c/ClippersHQ_renders/outputs_paste_20260811_221024/_work/paste_DVO9ZryDKCZ__20260811T201033Z/_bl1226_magenta.mp4	1628626	9.53
/c/ClippersHQ_renders/outputs_paste_20260811_221024/_work/paste_DVO9ZryDKCZ__20260811T201033Z/head.mp4	492350	9.53
/c/ClippersHQ_renders/outputs_paste_20260811_221024/_work/paste_DVO9ZryDKCZ__20260811T201033Z/instagram/memeflickofficial/3841277578028294297_77716476902.mp4	492350	9.53
/c/ClippersHQ_renders/outputs_paste_20260811_221024/_work/paste_DVO9ZryDKCZ__20260811T201033Z/instagram/memeflickofficial/final/white_frame/3841277578028294297_77716476902.mp4	1543798	9.53
/c/ClippersHQ_renders/outputs_paste_20260811_221024/_work/paste_DVPApBmAoja__20260811T202156Z/head.mp4	691920	8.22
/c/ClippersHQ_renders/outputs_paste_20260811_221024/_work/paste_DVPApBmAoja__20260811T202156Z/instagram/levelgonn/3841291826380310746_69011852061.mp4	691920	8.22
/c/ClippersHQ_renders/outputs_paste_20260811_221024/_work/paste_DVPApBmAoja__20260811T202156Z/instagram/levelgonn/final/white_frame/3841291826380310746_69011852061.mp4	2007402	8.20
/c/ClippersHQ_renders/outputs_paste_20260811_221024/_work/paste_DVQIcZFkxk-__20260811T201959Z/head.mp4	1140851	10.30
/c/ClippersHQ_renders/outputs_paste_20260811_221024/_work/paste_DVQIcZFkxk-__20260811T201959Z/instagram/rexx.cum/3841607617601542462_46417411631.mp4	1140851	10.30
/c/ClippersHQ_renders/outputs_paste_20260811_221024/_work/paste_DVQIcZFkxk-__20260811T201959Z/instagram/rexx.cum/final/white_frame/3841607617601542462_46417411631.mp4	4064001	10.30
/c/ClippersHQ_renders/outputs_paste_20260811_221024/_work/paste_DVg1HViDLYz__20260811T202118Z/head.mp4	1186660	9.77
/c/ClippersHQ_renders/outputs_paste_20260811_221024/_work/paste_DVg1HViDLYz__20260811T202118Z/instagram/memeflickofficial/3846307682395665971_77716476902.mp4	1186660	9.77
/c/ClippersHQ_renders/outputs_paste_20260811_221024/_work/paste_DVg1HViDLYz__20260811T202118Z/instagram/memeflickofficial/final/white_frame/3846307682395665971_77716476902.mp4	1881355	9.77
/c/ClippersHQ_renders/outputs_paste_20260811_221024/_work/paste_DVnpOeJEUx6__20260811T201139Z/head.mp4	577598	7.99
/c/ClippersHQ_renders/outputs_paste_20260811_221024/_work/paste_DVnpOeJEUx6__20260811T201139Z/instagram/sarcasticbutreal/3848225720955391098_56006658065.mp4	577598	7.99
/c/ClippersHQ_renders/outputs_paste_20260811_221024/_work/paste_DWRNKdxjPIO__20260811T201220Z/_bl1226_magenta.mp4	939833	8.83
/c/ClippersHQ_renders/outputs_paste_20260811_221024/_work/paste_DWRNKdxjPIO__20260811T201220Z/head.mp4	580167	8.87
/c/ClippersHQ_renders/outputs_paste_20260811_221024/_work/paste_DWRNKdxjPIO__20260811T201220Z/instagram/timelessbruh/3859924249402470926_75332641989.mp4	580167	8.87
/c/ClippersHQ_renders/outputs_paste_20260811_221024/_work/paste_DWRNKdxjPIO__20260811T201220Z/instagram/timelessbruh/final/white_frame/3859924249402470926_75332641989.mp4	954058	8.83
/c/ClippersHQ_renders/outputs_paste_20260811_221024/_work/paste_DXeQkziiFL7__20260811T201444Z/head.mp4	1814892	15.58
/c/ClippersHQ_renders/outputs_paste_20260811_221024/_work/paste_DXeQkziiFL7__20260811T201444Z/instagram/clips/3881612826825478907_810675847.mp4	1814892	15.58
/c/ClippersHQ_renders/outputs_paste_20260811_221024/_work/paste_DXeQkziiFL7__20260811T201444Z/instagram/clips/final/white_frame/3881612826825478907_810675847.mp4	2973452	15.57
/c/ClippersHQ_renders/outputs_paste_20260811_221024/_work/paste_DXoARykk00L__20260811T201203Z/head.mp4	398305	7.97
/c/ClippersHQ_renders/outputs_paste_20260811_221024/_work/paste_DXoARykk00L__20260811T201203Z/instagram/silent.core__/3884355901138881803_48147626747.mp4	398305	7.97
/c/ClippersHQ_renders/outputs_paste_20260811_221024/_work/paste_DYBTHfevjk5__20260811T201412Z/head.mp4	283184	14.63
/c/ClippersHQ_renders/outputs_paste_20260811_221024/_work/paste_DYBTHfevjk5__20260811T201412Z/instagram/th_ezmaya/3891475630746646841_79546934480.mp4	283184	14.63
/c/ClippersHQ_renders/outputs_paste_20260811_221024/_work/paste_DYBTHfevjk5__20260811T201412Z/instagram/th_ezmaya/final/white_frame/3891475630746646841_79546934480.mp4	1500779	14.63
/c/ClippersHQ_renders/outputs_paste_20260811_221024/_work/paste_DYTPB_4pWpM__20260811T202300Z/head.mp4	944306	11.24
/c/ClippersHQ_renders/outputs_paste_20260811_221024/_work/paste_DYTPB_4pWpM__20260811T202300Z/instagram/voidbuffet/3896524210618853964_39184176345.mp4	944306	11.24
/c/ClippersHQ_renders/outputs_paste_20260811_221024/_work/paste_DYTPB_4pWpM__20260811T202300Z/instagram/voidbuffet/final/white_frame/3896524210618853964_39184176345.mp4	1707623	11.13
/c/ClippersHQ_renders/outputs_paste_20260811_221024/_work/paste_DZIk3qyhSfX__20260811T201631Z/head.mp4	695105	17.02
/c/ClippersHQ_renders/outputs_paste_20260811_221024/_work/paste_DZIk3qyhSfX__20260811T201631Z/instagram/wasted/3911538431561639895_1415356583.mp4	695105	17.02
/c/ClippersHQ_renders/outputs_paste_20260811_221024/_work/paste_DaGakktA_S4__20260811T201737Z/head.mp4	4809049	20.10
/c/ClippersHQ_renders/outputs_paste_20260811_221024/_work/paste_DaGakktA_S4__20260811T201737Z/instagram/_.actias/3928944587447727288_25441300720.mp4	10040346	40.50
/c/ClippersHQ_renders/outputs_paste_20260811_221024/_work/paste_DaGakktA_S4__20260811T201737Z/instagram/_.actias/final/white_frame/3928944587447727288_25441300720.mp4	7125678	19.97
/c/ClippersHQ_renders/outputs_paste_20260811_221024/_work/paste_DajhDiZs99M__20260811T202234Z/head.mp4	996031	13.98
/c/ClippersHQ_renders/outputs_paste_20260811_221024/_work/paste_DajhDiZs99M__20260811T202234Z/instagram/wasted/3937135877883682636_1415356583.mp4	996031	13.98
/c/ClippersHQ_renders/outputs_paste_20260811_221024/_work/paste_DazdiMZtceF__20260811T201812Z/head.mp4	2980423	18.44
/c/ClippersHQ_renders/outputs_paste_20260811_221024/_work/paste_DazdiMZtceF__20260811T201812Z/instagram/movies.h1story/3941623992006592389_25176775959.mp4	2980423	18.44
/c/ClippersHQ_renders/outputs_paste_20260811_221024/_work/paste_DazdiMZtceF__20260811T201812Z/instagram/movies.h1story/final/white_frame/3941623992006592389_25176775959.mp4	9175661	18.43
/c/ClippersHQ_renders/outputs_paste_20260811_221024/_work/paste_Db2nMXoPMQz__20260811T201325Z/head.mp4	1847193	11.38
/c/ClippersHQ_renders/outputs_paste_20260811_221024/_work/paste_Db2nMXoPMQz__20260811T201325Z/instagram/shinn.ae0/3960525296137716787_26996397048.mp4	1847193	11.38
/c/ClippersHQ_renders/outputs_paste_20260811_221024/_work/paste_Db2nMXoPMQz__20260811T201325Z/instagram/shinn.ae0/final/white_frame/3960525296137716787_26996397048.mp4	3089896	11.37
/c/ClippersHQ_renders/outputs_paste_20260811_221024/_work/paste_Db3dFs-vmtu__20260811T201246Z/_bl1226_magenta.mp4	2825076	12.00
/c/ClippersHQ_renders/outputs_paste_20260811_221024/_work/paste_Db3dFs-vmtu__20260811T201246Z/head.mp4	1008331	12.03
/c/ClippersHQ_renders/outputs_paste_20260811_221024/_work/paste_Db3dFs-vmtu__20260811T201246Z/instagram/_memehive_/3960762332539153262_39135459843.mp4	1008331	12.03
/c/ClippersHQ_renders/outputs_paste_20260811_221024/_work/paste_Db3dFs-vmtu__20260811T201246Z/instagram/_memehive_/final/white_frame/3960762332539153262_39135459843.mp4	2934991	12.00
/c/ClippersHQ_renders/outputs_paste_20260811_221024/_work/paste_DbEA5SaJlRc__20260811T201118Z/head.mp4	426600	6.40
/c/ClippersHQ_renders/outputs_paste_20260811_221024/_work/paste_DbEA5SaJlRc__20260811T201118Z/instagram/toxiclaughsonly.45/3946283110259643484_25335820697.mp4	426600	6.40
/c/ClippersHQ_renders/outputs_paste_20260811_221024/_work/paste_Dbfc3OLPECO__20260811T201656Z/head.mp4	1467152	11.52
/c/ClippersHQ_renders/outputs_paste_20260811_221024/_work/paste_Dbfc3OLPECO__20260811T201656Z/instagram/memeequest/3954005937948999822_19864046377.mp4	1467152	11.52
/c/ClippersHQ_renders/outputs_paste_20260811_221024/_work/paste_Dbfc3OLPECO__20260811T201656Z/instagram/memeequest/final/white_frame/3954005937948999822_19864046377.mp4	2304963	11.50
/c/ClippersHQ_renders/outputs_paste_20260811_221024/_work/paste_Dblku9wSuTa__20260811T201515Z/head.mp4	847162	11.37
/c/ClippersHQ_renders/outputs_paste_20260811_221024/_work/paste_Dblku9wSuTa__20260811T201515Z/instagram/datingsins/3955729404793644250_75567162066.mp4	847162	11.37
/c/ClippersHQ_renders/outputs_paste_20260811_221024/_work/paste_Dblku9wSuTa__20260811T201515Z/instagram/datingsins/final/white_frame/3955729404793644250_75567162066.mp4	2131589	11.37
/c/ClippersHQ_renders/outputs_paste_20260811_221024/_work/paste_Dbz9vxLAEid__20260811T201915Z/head.mp4	930108	12.86
/c/ClippersHQ_renders/outputs_paste_20260811_221024/_work/paste_Dbz9vxLAEid__20260811T201915Z/instagram/unsentclips.in/3959780060839299229_57799943517.mp4	930108	12.86
/c/ClippersHQ_renders/outputs_paste_20260811_221024/_work/paste_Dbz9vxLAEid__20260811T201915Z/instagram/unsentclips.in/final/white_frame/3959780060839299229_57799943517.mp4	2664356	12.77
/c/ClippersHQ_renders/outputs_paste_20260812_115607/_work/paste_DVO9ZryDKCZ__20260811T201033Z/instagram/memeflickofficial/3841277578028294297_77716476902.mp4	492350	9.53
/c/ClippersHQ_renders/outputs_paste_20260812_115658/_work/paste_DVO9ZryDKCZ__20260811T201033Z/instagram/memeflickofficial/3841277578028294297_77716476902.mp4	492350	9.53
/c/ClippersHQ_renders/outputs_paste_20260812_115658/_work/paste_DVO9ZryDKCZ__20260811T201033Z/instagram/memeflickofficial/final/white_frame/3841277578028294297_77716476902.mp4	1520292	9.53
/c/ClippersHQ_renders/outputs_paste_20260812_115806/_work/paste_DU2FhWojcYd__20260811T201543Z/instagram/men/3834276415030543901_3959377667.mp4	1157207	14.49
/c/ClippersHQ_renders/outputs_paste_20260812_115806/_work/paste_DU2FhWojcYd__20260811T201543Z/instagram/men/final/white_frame/3834276415030543901_3959377667.mp4	4303241	14.47
/c/ClippersHQ_renders/outputs_paste_20260812_115806/_work/paste_DVO9ZryDKCZ__20260811T201033Z/instagram/memeflickofficial/3841277578028294297_77716476902.mp4	492350	9.53
/c/ClippersHQ_renders/outputs_paste_20260812_115806/_work/paste_DVO9ZryDKCZ__20260811T201033Z/instagram/memeflickofficial/final/white_frame/3841277578028294297_77716476902.mp4	1668904	9.53
/c/ClippersHQ_renders/outputs_paste_20260812_115806/_work/paste_DVPApBmAoja__20260811T202156Z/instagram/levelgonn/3841291826380310746_69011852061.mp4	691920	8.22
/c/ClippersHQ_renders/outputs_paste_20260812_115806/_work/paste_DVPApBmAoja__20260811T202156Z/instagram/levelgonn/final/white_frame/3841291826380310746_69011852061.mp4	1913939	8.20
/c/ClippersHQ_renders/outputs_paste_20260812_115806/_work/paste_DVQIcZFkxk-__20260811T201959Z/instagram/rexx.cum/3841607617601542462_46417411631.mp4	1140851	10.30
/c/ClippersHQ_renders/outputs_paste_20260812_115806/_work/paste_DVQIcZFkxk-__20260811T201959Z/instagram/rexx.cum/final/white_frame/3841607617601542462_46417411631.mp4	3789154	10.30
/c/ClippersHQ_renders/outputs_paste_20260812_115806/_work/paste_DVg1HViDLYz__20260811T202118Z/instagram/memeflickofficial/3846307682395665971_77716476902.mp4	1186660	9.77
/c/ClippersHQ_renders/outputs_paste_20260812_115806/_work/paste_DVg1HViDLYz__20260811T202118Z/instagram/memeflickofficial/final/white_frame/3846307682395665971_77716476902.mp4	1959097	9.77
/c/ClippersHQ_renders/outputs_paste_20260812_115806/_work/paste_DWRNKdxjPIO__20260811T201220Z/instagram/timelessbruh/3859924249402470926_75332641989.mp4	580167	8.87
/c/ClippersHQ_renders/outputs_paste_20260812_115806/_work/paste_DWRNKdxjPIO__20260811T201220Z/instagram/timelessbruh/final/white_frame/3859924249402470926_75332641989.mp4	927976	8.83
/c/ClippersHQ_renders/outputs_paste_20260812_115806/_work/paste_DXeQkziiFL7__20260811T201444Z/instagram/clips/3881612826825478907_810675847.mp4	1814892	15.58
/c/ClippersHQ_renders/outputs_paste_20260812_115806/_work/paste_DXeQkziiFL7__20260811T201444Z/instagram/clips/final/white_frame/3881612826825478907_810675847.mp4	2878925	15.57
/c/ClippersHQ_renders/outputs_paste_20260812_115806/_work/paste_DYBTHfevjk5__20260811T201412Z/instagram/th_ezmaya/3891475630746646841_79546934480.mp4	283184	14.63
/c/ClippersHQ_renders/outputs_paste_20260812_115806/_work/paste_DYBTHfevjk5__20260811T201412Z/instagram/th_ezmaya/final/white_frame/3891475630746646841_79546934480.mp4	1383174	14.63
/c/ClippersHQ_renders/outputs_paste_20260812_115806/_work/paste_DYTPB_4pWpM__20260811T202300Z/instagram/voidbuffet/3896524210618853964_39184176345.mp4	944306	11.24
/c/ClippersHQ_renders/outputs_paste_20260812_115806/_work/paste_DYTPB_4pWpM__20260811T202300Z/instagram/voidbuffet/final/white_frame/3896524210618853964_39184176345.mp4	1733638	11.13
/c/ClippersHQ_renders/outputs_paste_20260812_115806/_work/paste_DZIk3qyhSfX__20260811T201631Z/instagram/wasted/3911538431561639895_1415356583.mp4	695105	17.02
/c/ClippersHQ_renders/outputs_paste_20260812_115806/_work/paste_DZIk3qyhSfX__20260811T201631Z/instagram/wasted/final/white_frame/3911538431561639895_1415356583.mp4	1337995	17.00
/c/ClippersHQ_renders/outputs_paste_20260812_115806/_work/paste_DaGakktA_S4__20260811T201737Z/instagram/_.actias/3928944587447727288_25441300720.mp4	10040346	40.50
/c/ClippersHQ_renders/outputs_paste_20260812_115806/_work/paste_DaGakktA_S4__20260811T201737Z/instagram/_.actias/final/white_frame/3928944587447727288_25441300720.mp4	7266836	19.97
/c/ClippersHQ_renders/outputs_paste_20260812_115806/_work/paste_DajhDiZs99M__20260811T202234Z/instagram/wasted/3937135877883682636_1415356583.mp4	996031	13.98
/c/ClippersHQ_renders/outputs_paste_20260812_115806/_work/paste_DajhDiZs99M__20260811T202234Z/instagram/wasted/final/white_frame/3937135877883682636_1415356583.mp4	1742654	13.97
/c/ClippersHQ_renders/outputs_paste_20260812_115806/_work/paste_DazdiMZtceF__20260811T201812Z/instagram/movies.h1story/3941623992006592389_25176775959.mp4	2980423	18.44
/c/ClippersHQ_renders/outputs_paste_20260812_115806/_work/paste_DazdiMZtceF__20260811T201812Z/instagram/movies.h1story/final/white_frame/3941623992006592389_25176775959.mp4	9006083	18.43
/c/ClippersHQ_renders/outputs_paste_20260812_115806/_work/paste_Db2nMXoPMQz__20260811T201325Z/instagram/shinn.ae0/3960525296137716787_26996397048.mp4	1847193	11.38
/c/ClippersHQ_renders/outputs_paste_20260812_115806/_work/paste_Db2nMXoPMQz__20260811T201325Z/instagram/shinn.ae0/final/white_frame/3960525296137716787_26996397048.mp4	2991834	11.37
/c/ClippersHQ_renders/outputs_paste_20260812_115806/_work/paste_Db3dFs-vmtu__20260811T201246Z/instagram/_memehive_/3960762332539153262_39135459843.mp4	1008331	12.03
/c/ClippersHQ_renders/outputs_paste_20260812_115806/_work/paste_Db3dFs-vmtu__20260811T201246Z/instagram/_memehive_/final/white_frame/3960762332539153262_39135459843.mp4	2854220	12.00
/c/ClippersHQ_renders/outputs_paste_20260812_115806/_work/paste_Dbfc3OLPECO__20260811T201656Z/instagram/memeequest/3954005937948999822_19864046377.mp4	1467152	11.52
/c/ClippersHQ_renders/outputs_paste_20260812_115806/_work/paste_Dbfc3OLPECO__20260811T201656Z/instagram/memeequest/final/white_frame/3954005937948999822_19864046377.mp4	2195794	11.50
/c/ClippersHQ_renders/outputs_paste_20260812_115806/_work/paste_Dblku9wSuTa__20260811T201515Z/instagram/datingsins/3955729404793644250_75567162066.mp4	847162	11.37
/c/ClippersHQ_renders/outputs_paste_20260812_115806/_work/paste_Dblku9wSuTa__20260811T201515Z/instagram/datingsins/final/white_frame/3955729404793644250_75567162066.mp4	2129824	11.37
/c/ClippersHQ_renders/outputs_paste_20260812_115806/_work/paste_Dbz9vxLAEid__20260811T201915Z/instagram/unsentclips.in/3959780060839299229_57799943517.mp4	930108	12.86
/c/ClippersHQ_renders/outputs_paste_20260812_115806/_work/paste_Dbz9vxLAEid__20260811T201915Z/instagram/unsentclips.in/final/white_frame/3959780060839299229_57799943517.mp4	2895897	12.77
/c/ClippersHQ_renders/outputs_paste_20260812_120757/_work/paste_DU2FhWojcYd__20260811T201543Z/instagram/men/3834276415030543901_3959377667.mp4	1157207	14.49
/c/ClippersHQ_renders/outputs_paste_20260812_120757/_work/paste_DU2FhWojcYd__20260811T201543Z/instagram/men/final/white_frame/3834276415030543901_3959377667.mp4	4316595	14.47
/c/ClippersHQ_renders/outputs_paste_20260812_120757/_work/paste_DVO9ZryDKCZ__20260811T201033Z/instagram/memeflickofficial/3841277578028294297_77716476902.mp4	492350	9.53
/c/ClippersHQ_renders/outputs_paste_20260812_120757/_work/paste_DVO9ZryDKCZ__20260811T201033Z/instagram/memeflickofficial/final/white_frame/3841277578028294297_77716476902.mp4	1502849	9.53
/c/ClippersHQ_renders/outputs_paste_20260812_120757/_work/paste_DVPApBmAoja__20260811T202156Z/instagram/levelgonn/3841291826380310746_69011852061.mp4	691920	8.22
/c/ClippersHQ_renders/outputs_paste_20260812_120757/_work/paste_DVPApBmAoja__20260811T202156Z/instagram/levelgonn/final/white_frame/3841291826380310746_69011852061.mp4	1962336	8.20
/c/ClippersHQ_renders/outputs_paste_20260812_120757/_work/paste_DVQIcZFkxk-__20260811T201959Z/instagram/rexx.cum/3841607617601542462_46417411631.mp4	1140851	10.30
/c/ClippersHQ_renders/outputs_paste_20260812_120757/_work/paste_DVQIcZFkxk-__20260811T201959Z/instagram/rexx.cum/final/white_frame/3841607617601542462_46417411631.mp4	3752606	10.30
/c/ClippersHQ_renders/outputs_paste_20260812_120757/_work/paste_DVg1HViDLYz__20260811T202118Z/instagram/memeflickofficial/3846307682395665971_77716476902.mp4	1186660	9.77
/c/ClippersHQ_renders/outputs_paste_20260812_120757/_work/paste_DVg1HViDLYz__20260811T202118Z/instagram/memeflickofficial/final/white_frame/3846307682395665971_77716476902.mp4	1794929	9.77
/c/ClippersHQ_renders/outputs_paste_20260812_120757/_work/paste_DWRNKdxjPIO__20260811T201220Z/instagram/timelessbruh/3859924249402470926_75332641989.mp4	580167	8.87
/c/ClippersHQ_renders/outputs_paste_20260812_120757/_work/paste_DWRNKdxjPIO__20260811T201220Z/instagram/timelessbruh/final/white_frame/3859924249402470926_75332641989.mp4	935761	8.83
/c/ClippersHQ_renders/outputs_paste_20260812_120757/_work/paste_DXeQkziiFL7__20260811T201444Z/instagram/clips/3881612826825478907_810675847.mp4	1814892	15.58
/c/ClippersHQ_renders/outputs_paste_20260812_120757/_work/paste_DXeQkziiFL7__20260811T201444Z/instagram/clips/final/white_frame/3881612826825478907_810675847.mp4	2900444	15.57
/c/ClippersHQ_renders/outputs_paste_20260812_120757/_work/paste_DYBTHfevjk5__20260811T201412Z/instagram/th_ezmaya/3891475630746646841_79546934480.mp4	283184	14.63
/c/ClippersHQ_renders/outputs_paste_20260812_120757/_work/paste_DYBTHfevjk5__20260811T201412Z/instagram/th_ezmaya/final/white_frame/3891475630746646841_79546934480.mp4	1353335	14.63
/c/ClippersHQ_renders/outputs_paste_20260812_120757/_work/paste_DYTPB_4pWpM__20260811T202300Z/instagram/voidbuffet/3896524210618853964_39184176345.mp4	944306	11.24
/c/ClippersHQ_renders/outputs_paste_20260812_120757/_work/paste_DYTPB_4pWpM__20260811T202300Z/instagram/voidbuffet/final/white_frame/3896524210618853964_39184176345.mp4	1781348	11.13
/c/ClippersHQ_renders/outputs_paste_20260812_120757/_work/paste_DZIk3qyhSfX__20260811T201631Z/instagram/wasted/3911538431561639895_1415356583.mp4	695105	17.02
/c/ClippersHQ_renders/outputs_paste_20260812_120757/_work/paste_DZIk3qyhSfX__20260811T201631Z/instagram/wasted/final/white_frame/3911538431561639895_1415356583.mp4	1382238	17.00
/c/ClippersHQ_renders/outputs_paste_20260812_120757/_work/paste_DaGakktA_S4__20260811T201737Z/instagram/_.actias/3928944587447727288_25441300720.mp4	10040346	40.50
/c/ClippersHQ_renders/outputs_paste_20260812_120757/_work/paste_DaGakktA_S4__20260811T201737Z/instagram/_.actias/final/white_frame/3928944587447727288_25441300720.mp4	7148384	19.97
/c/ClippersHQ_renders/outputs_paste_20260812_120757/_work/paste_DajhDiZs99M__20260811T202234Z/instagram/wasted/3937135877883682636_1415356583.mp4	996031	13.98
/c/ClippersHQ_renders/outputs_paste_20260812_120757/_work/paste_DajhDiZs99M__20260811T202234Z/instagram/wasted/final/white_frame/3937135877883682636_1415356583.mp4	1872220	13.97
/c/ClippersHQ_renders/outputs_paste_20260812_120757/_work/paste_DazdiMZtceF__20260811T201812Z/instagram/movies.h1story/3941623992006592389_25176775959.mp4	2980423	18.44
/c/ClippersHQ_renders/outputs_paste_20260812_120757/_work/paste_DazdiMZtceF__20260811T201812Z/instagram/movies.h1story/final/white_frame/3941623992006592389_25176775959.mp4	8541885	18.43
/c/ClippersHQ_renders/outputs_paste_20260812_120757/_work/paste_Db2nMXoPMQz__20260811T201325Z/instagram/shinn.ae0/3960525296137716787_26996397048.mp4	1847193	11.38
/c/ClippersHQ_renders/outputs_paste_20260812_120757/_work/paste_Db2nMXoPMQz__20260811T201325Z/instagram/shinn.ae0/final/white_frame/3960525296137716787_26996397048.mp4	3139352	11.37
/c/ClippersHQ_renders/outputs_paste_20260812_120757/_work/paste_Db3dFs-vmtu__20260811T201246Z/instagram/_memehive_/3960762332539153262_39135459843.mp4	1008331	12.03
/c/ClippersHQ_renders/outputs_paste_20260812_120757/_work/paste_Db3dFs-vmtu__20260811T201246Z/instagram/_memehive_/final/white_frame/3960762332539153262_39135459843.mp4	2754449	12.00
/c/ClippersHQ_renders/outputs_paste_20260812_120757/_work/paste_Dbfc3OLPECO__20260811T201656Z/instagram/memeequest/3954005937948999822_19864046377.mp4	1467152	11.52
/c/ClippersHQ_renders/outputs_paste_20260812_120757/_work/paste_Dbfc3OLPECO__20260811T201656Z/instagram/memeequest/final/white_frame/3954005937948999822_19864046377.mp4	2150936	11.50
/c/ClippersHQ_renders/outputs_paste_20260812_120757/_work/paste_Dblku9wSuTa__20260811T201515Z/instagram/datingsins/3955729404793644250_75567162066.mp4	847162	11.37
/c/ClippersHQ_renders/outputs_paste_20260812_120757/_work/paste_Dblku9wSuTa__20260811T201515Z/instagram/datingsins/final/white_frame/3955729404793644250_75567162066.mp4	2095389	11.37
/c/ClippersHQ_renders/outputs_paste_20260812_120757/_work/paste_Dbz9vxLAEid__20260811T201915Z/instagram/unsentclips.in/3959780060839299229_57799943517.mp4	930108	12.86
/c/ClippersHQ_renders/outputs_paste_20260812_120757/_work/paste_Dbz9vxLAEid__20260811T201915Z/instagram/unsentclips.in/final/white_frame/3959780060839299229_57799943517.mp4	2914261	12.77
/c/ClippersHQ_renders/outputs_paste_20260812_141520/_work/paste_CsbHEA-grtu__20260812T122117Z/head.mp4	962707	9.40
/c/ClippersHQ_renders/outputs_paste_20260812_141520/_work/paste_CsbHEA-grtu__20260812T122117Z/instagram/spidey_feels/3106107430254328686_47199803474.mp4	962707	9.40
/c/ClippersHQ_renders/outputs_paste_20260812_141520/_work/paste_DU2FhWojcYd__20260812T121947Z/head.mp4	1016703	14.49
/c/ClippersHQ_renders/outputs_paste_20260812_141520/_work/paste_DU2FhWojcYd__20260812T121947Z/instagram/men/3834276415030543901_3959377667.mp4	1016703	14.49
/c/ClippersHQ_renders/outputs_paste_20260812_141520/_work/paste_DU2FhWojcYd__20260812T121947Z/instagram/men/final/white_frame/3834276415030543901_3959377667.mp4	2328230	14.47
/c/ClippersHQ_renders/outputs_paste_20260812_141520/_work/paste_DVO9ZryDKCZ__20260812T121525Z/head.mp4	527992	9.53
/c/ClippersHQ_renders/outputs_paste_20260812_141520/_work/paste_DVO9ZryDKCZ__20260812T121525Z/instagram/memeflickofficial/3841277578028294297_77716476902.mp4	527992	9.53
/c/ClippersHQ_renders/outputs_paste_20260812_141520/_work/paste_DVO9ZryDKCZ__20260812T121525Z/instagram/memeflickofficial/final/white_frame/3841277578028294297_77716476902.mp4	1601415	9.53
/c/ClippersHQ_renders/outputs_paste_20260812_141520/_work/paste_DVPApBmAoja__20260812T122358Z/head.mp4	763041	8.22
/c/ClippersHQ_renders/outputs_paste_20260812_141520/_work/paste_DVPApBmAoja__20260812T122358Z/instagram/levelgonn/3841291826380310746_69011852061.mp4	763041	8.22
/c/ClippersHQ_renders/outputs_paste_20260812_141520/_work/paste_DVPApBmAoja__20260812T122358Z/instagram/levelgonn/final/white_frame/3841291826380310746_69011852061.mp4	1962566	8.20
/c/ClippersHQ_renders/outputs_paste_20260812_141520/_work/paste_DVQIcZFkxk-__20260812T122306Z/head.mp4	839361	10.30
/c/ClippersHQ_renders/outputs_paste_20260812_141520/_work/paste_DVQIcZFkxk-__20260812T122306Z/instagram/rexx.cum/3841607617601542462_46417411631.mp4	839361	10.30
/c/ClippersHQ_renders/outputs_paste_20260812_141520/_work/paste_DVQIcZFkxk-__20260812T122306Z/instagram/rexx.cum/final/white_frame/3841607617601542462_46417411631.mp4	2334497	10.30
/c/ClippersHQ_renders/outputs_paste_20260812_141520/_work/paste_DVg1HViDLYz__20260812T122333Z/head.mp4	835403	9.77
/c/ClippersHQ_renders/outputs_paste_20260812_141520/_work/paste_DVg1HViDLYz__20260812T122333Z/instagram/memeflickofficial/3846307682395665971_77716476902.mp4	835403	9.77
/c/ClippersHQ_renders/outputs_paste_20260812_141520/_work/paste_DVg1HViDLYz__20260812T122333Z/instagram/memeflickofficial/final/white_frame/3846307682395665971_77716476902.mp4	1132101	9.77
/c/ClippersHQ_renders/outputs_paste_20260812_141520/_work/paste_DVnpOeJEUx6__20260812T121620Z/head.mp4	652580	7.99
/c/ClippersHQ_renders/outputs_paste_20260812_141520/_work/paste_DVnpOeJEUx6__20260812T121620Z/instagram/sarcasticbutreal/3848225720955391098_56006658065.mp4	652580	7.99
/c/ClippersHQ_renders/outputs_paste_20260812_141520/_work/paste_DWRNKdxjPIO__20260812T121700Z/head.mp4	580167	8.87
/c/ClippersHQ_renders/outputs_paste_20260812_141520/_work/paste_DWRNKdxjPIO__20260812T121700Z/instagram/timelessbruh/3859924249402470926_75332641989.mp4	580167	8.87
/c/ClippersHQ_renders/outputs_paste_20260812_141520/_work/paste_DWRNKdxjPIO__20260812T121700Z/instagram/timelessbruh/final/white_frame/3859924249402470926_75332641989.mp4	943864	8.83
/c/ClippersHQ_renders/outputs_paste_20260812_141520/_work/paste_DXeQkziiFL7__20260812T121858Z/head.mp4	1814892	15.58
/c/ClippersHQ_renders/outputs_paste_20260812_141520/_work/paste_DXeQkziiFL7__20260812T121858Z/instagram/clips/3881612826825478907_810675847.mp4	1814892	15.58
/c/ClippersHQ_renders/outputs_paste_20260812_141520/_work/paste_DXeQkziiFL7__20260812T121858Z/instagram/clips/final/white_frame/3881612826825478907_810675847.mp4	3010426	15.57
/c/ClippersHQ_renders/outputs_paste_20260812_141520/_work/paste_DXoARykk00L__20260812T121642Z/head.mp4	522643	7.97
/c/ClippersHQ_renders/outputs_paste_20260812_141520/_work/paste_DXoARykk00L__20260812T121642Z/instagram/silent.core__/3884355901138881803_48147626747.mp4	522643	7.97
/c/ClippersHQ_renders/outputs_paste_20260812_141520/_work/paste_DYBTHfevjk5__20260812T121822Z/head.mp4	830989	14.63
/c/ClippersHQ_renders/outputs_paste_20260812_141520/_work/paste_DYBTHfevjk5__20260812T121822Z/instagram/th_ezmaya/3891475630746646841_79546934480.mp4	830989	14.63
/c/ClippersHQ_renders/outputs_paste_20260812_141520/_work/paste_DYBTHfevjk5__20260812T121822Z/instagram/th_ezmaya/final/white_frame/3891475630746646841_79546934480.mp4	2370899	14.63
/c/ClippersHQ_renders/outputs_paste_20260812_141520/_work/paste_DYTPB_4pWpM__20260812T122502Z/head.mp4	1139087	11.24
/c/ClippersHQ_renders/outputs_paste_20260812_141520/_work/paste_DYTPB_4pWpM__20260812T122502Z/instagram/voidbuffet/3896524210618853964_39184176345.mp4	1139087	11.24
/c/ClippersHQ_renders/outputs_paste_20260812_141520/_work/paste_DYTPB_4pWpM__20260812T122502Z/instagram/voidbuffet/final/white_frame/3896524210618853964_39184176345.mp4	2954009	11.13
/c/ClippersHQ_renders/outputs_paste_20260812_141520/_work/paste_DZIk3qyhSfX__20260812T122015Z/head.mp4	999094	17.02
/c/ClippersHQ_renders/outputs_paste_20260812_141520/_work/paste_DZIk3qyhSfX__20260812T122015Z/instagram/wasted/3911538431561639895_1415356583.mp4	999094	17.02
/c/ClippersHQ_renders/outputs_paste_20260812_141520/_work/paste_DZIk3qyhSfX__20260812T122015Z/instagram/wasted/final/white_frame/3911538431561639895_1415356583.mp4	2450716	17.00
/c/ClippersHQ_renders/outputs_paste_20260812_141520/_work/paste_DaGakktA_S4__20260812T122130Z/head.mp4	2236046	20.04
/c/ClippersHQ_renders/outputs_paste_20260812_141520/_work/paste_DaGakktA_S4__20260812T122130Z/instagram/_.actias/3928944587447727288_25441300720.mp4	4690530	40.50
/c/ClippersHQ_renders/outputs_paste_20260812_141520/_work/paste_DaGakktA_S4__20260812T122130Z/instagram/_.actias/final/white_frame/3928944587447727288_25441300720.mp4	6937775	19.97
/c/ClippersHQ_renders/outputs_paste_20260812_141520/_work/paste_DajhDiZs99M__20260812T122432Z/head.mp4	890976	13.98
/c/ClippersHQ_renders/outputs_paste_20260812_141520/_work/paste_DajhDiZs99M__20260812T122432Z/instagram/wasted/3937135877883682636_1415356583.mp4	890976	13.98
/c/ClippersHQ_renders/outputs_paste_20260812_141520/_work/paste_DajhDiZs99M__20260812T122432Z/instagram/wasted/final/white_frame/3937135877883682636_1415356583.mp4	2024456	13.97
/c/ClippersHQ_renders/outputs_paste_20260812_141520/_work/paste_DazdiMZtceF__20260812T122212Z/head.mp4	2707487	18.44
/c/ClippersHQ_renders/outputs_paste_20260812_141520/_work/paste_DazdiMZtceF__20260812T122212Z/instagram/movies.h1story/3941623992006592389_25176775959.mp4	2707487	18.44
/c/ClippersHQ_renders/outputs_paste_20260812_141520/_work/paste_DazdiMZtceF__20260812T122212Z/instagram/movies.h1story/final/white_frame/3941623992006592389_25176775959.mp4	4441456	18.43
/c/ClippersHQ_renders/outputs_paste_20260812_141520/_work/paste_Db2nMXoPMQz__20260812T121757Z/head.mp4	1044275	11.38
/c/ClippersHQ_renders/outputs_paste_20260812_141520/_work/paste_Db2nMXoPMQz__20260812T121757Z/instagram/shinn.ae0/3960525296137716787_26996397048.mp4	1044275	11.38
/c/ClippersHQ_renders/outputs_paste_20260812_141520/_work/paste_Db2nMXoPMQz__20260812T121757Z/instagram/shinn.ae0/final/white_frame/3960525296137716787_26996397048.mp4	1602125	11.37
/c/ClippersHQ_renders/outputs_paste_20260812_141520/_work/paste_Db3dFs-vmtu__20260812T121720Z/head.mp4	1271211	12.03
/c/ClippersHQ_renders/outputs_paste_20260812_141520/_work/paste_Db3dFs-vmtu__20260812T121720Z/instagram/_memehive_/3960762332539153262_39135459843.mp4	1271211	12.03
/c/ClippersHQ_renders/outputs_paste_20260812_141520/_work/paste_Db3dFs-vmtu__20260812T121720Z/instagram/_memehive_/final/white_frame/3960762332539153262_39135459843.mp4	2619152	11.98
/c/ClippersHQ_renders/outputs_paste_20260812_141520/_work/paste_DbEA5SaJlRc__20260812T121601Z/head.mp4	340638	6.40
/c/ClippersHQ_renders/outputs_paste_20260812_141520/_work/paste_DbEA5SaJlRc__20260812T121601Z/instagram/toxiclaughsonly.45/3946283110259643484_25335820697.mp4	340638	6.40
/c/ClippersHQ_renders/outputs_paste_20260812_141520/_work/paste_Dbfc3OLPECO__20260812T122052Z/head.mp4	1681710	11.52
/c/ClippersHQ_renders/outputs_paste_20260812_141520/_work/paste_Dbfc3OLPECO__20260812T122052Z/instagram/memeequest/3954005937948999822_19864046377.mp4	1681710	11.52
/c/ClippersHQ_renders/outputs_paste_20260812_141520/_work/paste_Dbfc3OLPECO__20260812T122052Z/instagram/memeequest/final/white_frame/3954005937948999822_19864046377.mp4	2489300	11.50
/c/ClippersHQ_renders/outputs_paste_20260812_141520/_work/paste_Dblku9wSuTa__20260812T121926Z/head.mp4	847162	11.37
/c/ClippersHQ_renders/outputs_paste_20260812_141520/_work/paste_Dblku9wSuTa__20260812T121926Z/instagram/datingsins/3955729404793644250_75567162066.mp4	847162	11.37
/c/ClippersHQ_renders/outputs_paste_20260812_141520/_work/paste_Dblku9wSuTa__20260812T121926Z/instagram/datingsins/final/white_frame/3955729404793644250_75567162066.mp4	2142573	11.37
/c/ClippersHQ_renders/outputs_paste_20260812_141520/_work/paste_Dbz9vxLAEid__20260812T122241Z/head.mp4	694580	12.86
/c/ClippersHQ_renders/outputs_paste_20260812_141520/_work/paste_Dbz9vxLAEid__20260812T122241Z/instagram/unsentclips.in/3959780060839299229_57799943517.mp4	694580	12.86
/c/ClippersHQ_renders/outputs_paste_20260812_141520/_work/paste_Dbz9vxLAEid__20260812T122241Z/instagram/unsentclips.in/final/white_frame/3959780060839299229_57799943517.mp4	1647022	12.77
/c/ClippersHQ_renders/outputs_paste_20260812_154819/_work/paste_CsbHEA-grtu__20260812T142830Z/head.mp4	962707	9.40
/c/ClippersHQ_renders/outputs_paste_20260812_154819/_work/paste_CsbHEA-grtu__20260812T142830Z/instagram/spidey_feels/3106107430254328686_47199803474.mp4	962707	9.40
/c/ClippersHQ_renders/outputs_paste_20260812_154819/_work/paste_DU2FhWojcYd__20260812T141912Z/head.mp4	1157207	14.49
/c/ClippersHQ_renders/outputs_paste_20260812_154819/_work/paste_DU2FhWojcYd__20260812T141912Z/instagram/men/3834276415030543901_3959377667.mp4	1157207	14.49
/c/ClippersHQ_renders/outputs_paste_20260812_154819/_work/paste_DU2FhWojcYd__20260812T141912Z/instagram/men/final/white_frame/3834276415030543901_3959377667.mp4	4508082	14.47
/c/ClippersHQ_renders/outputs_paste_20260812_154819/_work/paste_DVO9ZryDKCZ__20260812T134901Z/head.mp4	482528	9.53
/c/ClippersHQ_renders/outputs_paste_20260812_154819/_work/paste_DVO9ZryDKCZ__20260812T134901Z/instagram/memeflickofficial/3841277578028294297_77716476902.mp4	482528	9.53
/c/ClippersHQ_renders/outputs_paste_20260812_154819/_work/paste_DVO9ZryDKCZ__20260812T134901Z/instagram/memeflickofficial/final/white_frame/3841277578028294297_77716476902.mp4	819999	9.53
/c/ClippersHQ_renders/outputs_paste_20260812_154819/_work/paste_DVQIcZFkxk-__20260812T143704Z/head.mp4	1280912	10.30
/c/ClippersHQ_renders/outputs_paste_20260812_154819/_work/paste_DVQIcZFkxk-__20260812T143704Z/instagram/rexx.cum/3841607617601542462_46417411631.mp4	1280912	10.30
/c/ClippersHQ_renders/outputs_paste_20260812_154819/_work/paste_DVQIcZFkxk-__20260812T143704Z/instagram/rexx.cum/final/white_frame/3841607617601542462_46417411631.mp4	3921280	10.30
/c/ClippersHQ_renders/outputs_paste_20260812_154819/_work/paste_DVnpOeJEUx6__20260812T135147Z/head.mp4	633175	7.99
/c/ClippersHQ_renders/outputs_paste_20260812_154819/_work/paste_DVnpOeJEUx6__20260812T135147Z/instagram/sarcasticbutreal/3848225720955391098_56006658065.mp4	633175	7.99
/c/ClippersHQ_renders/outputs_paste_20260812_154819/_work/paste_DWRNKdxjPIO__20260812T135531Z/head.mp4	759746	8.87
/c/ClippersHQ_renders/outputs_paste_20260812_154819/_work/paste_DWRNKdxjPIO__20260812T135531Z/instagram/timelessbruh/3859924249402470926_75332641989.mp4	759746	8.87
/c/ClippersHQ_renders/outputs_paste_20260812_154819/_work/paste_DWRNKdxjPIO__20260812T135531Z/instagram/timelessbruh/final/white_frame/3859924249402470926_75332641989.mp4	1571161	8.83
/c/ClippersHQ_renders/outputs_paste_20260812_154819/_work/paste_DXeQkziiFL7__20260812T141155Z/head.mp4	1598249	15.58
/c/ClippersHQ_renders/outputs_paste_20260812_154819/_work/paste_DXeQkziiFL7__20260812T141155Z/instagram/clips/3881612826825478907_810675847.mp4	1598249	15.58
/c/ClippersHQ_renders/outputs_paste_20260812_154819/_work/paste_DXeQkziiFL7__20260812T141155Z/instagram/clips/final/white_frame/3881612826825478907_810675847.mp4	2843652	15.57
/c/ClippersHQ_renders/outputs_paste_20260812_154819/_work/paste_DXoARykk00L__20260812T135312Z/head.mp4	597555	7.97
/c/ClippersHQ_renders/outputs_paste_20260812_154819/_work/paste_DXoARykk00L__20260812T135312Z/instagram/silent.core__/3884355901138881803_48147626747.mp4	597555	7.97
/c/ClippersHQ_renders/outputs_paste_20260812_154819/_work/paste_DYBTHfevjk5__20260812T140541Z/head.mp4	670869	14.63
/c/ClippersHQ_renders/outputs_paste_20260812_154819/_work/paste_DYBTHfevjk5__20260812T140541Z/instagram/th_ezmaya/3891475630746646841_79546934480.mp4	670869	14.63
/c/ClippersHQ_renders/outputs_paste_20260812_154819/_work/paste_DYBTHfevjk5__20260812T140541Z/instagram/th_ezmaya/final/white_frame/3891475630746646841_79546934480.mp4	2528063	14.63
/c/ClippersHQ_renders/outputs_paste_20260812_154819/_work/paste_DZIk3qyhSfX__20260812T142155Z/head.mp4	712556	17.02
/c/ClippersHQ_renders/outputs_paste_20260812_154819/_work/paste_DZIk3qyhSfX__20260812T142155Z/instagram/wasted/3911538431561639895_1415356583.mp4	712556	17.02
/c/ClippersHQ_renders/outputs_paste_20260812_154819/_work/paste_DZIk3qyhSfX__20260812T142155Z/instagram/wasted/final/white_frame/3911538431561639895_1415356583.mp4	1378929	17.00
/c/ClippersHQ_renders/outputs_paste_20260812_154819/_work/paste_DaGakktA_S4__20260812T142959Z/head.mp4	5458467	20.02
/c/ClippersHQ_renders/outputs_paste_20260812_154819/_work/paste_DaGakktA_S4__20260812T142959Z/instagram/_.actias/3928944587447727288_25441300720.mp4	11691561	40.50
/c/ClippersHQ_renders/outputs_paste_20260812_154819/_work/paste_DaGakktA_S4__20260812T142959Z/instagram/_.actias/final/white_frame/3928944587447727288_25441300720.mp4	15238448	19.97
/c/ClippersHQ_renders/outputs_paste_20260812_154819/_work/paste_DazdiMZtceF__20260812T143240Z/head.mp4	2980423	18.44
/c/ClippersHQ_renders/outputs_paste_20260812_154819/_work/paste_DazdiMZtceF__20260812T143240Z/instagram/movies.h1story/3941623992006592389_25176775959.mp4	2980423	18.44
/c/ClippersHQ_renders/outputs_paste_20260812_154819/_work/paste_DazdiMZtceF__20260812T143240Z/instagram/movies.h1story/final/white_frame/3941623992006592389_25176775959.mp4	8750790	18.43
/c/ClippersHQ_renders/outputs_paste_20260812_154819/_work/paste_Db2nMXoPMQz__20260812T140321Z/head.mp4	1020944	11.38
/c/ClippersHQ_renders/outputs_paste_20260812_154819/_work/paste_Db2nMXoPMQz__20260812T140321Z/instagram/shinn.ae0/3960525296137716787_26996397048.mp4	1020944	11.38
/c/ClippersHQ_renders/outputs_paste_20260812_154819/_work/paste_Db3dFs-vmtu__20260812T140034Z/head.mp4	1008331	12.03
/c/ClippersHQ_renders/outputs_paste_20260812_154819/_work/paste_Db3dFs-vmtu__20260812T140034Z/instagram/_memehive_/3960762332539153262_39135459843.mp4	1008331	12.03
/c/ClippersHQ_renders/outputs_paste_20260812_154819/_work/paste_Db3dFs-vmtu__20260812T140034Z/instagram/_memehive_/final/white_frame/3960762332539153262_39135459843.mp4	2739621	12.00
/c/ClippersHQ_renders/outputs_paste_20260812_154819/_work/paste_DbEA5SaJlRc__20260812T135115Z/head.mp4	215567	6.40
/c/ClippersHQ_renders/outputs_paste_20260812_154819/_work/paste_DbEA5SaJlRc__20260812T135115Z/instagram/toxiclaughsonly.45/3946283110259643484_25335820697.mp4	215567	6.40
/c/ClippersHQ_renders/outputs_paste_20260812_154819/_work/paste_Dbfc3OLPECO__20260812T142554Z/head.mp4	2386622	11.52
/c/ClippersHQ_renders/outputs_paste_20260812_154819/_work/paste_Dbfc3OLPECO__20260812T142554Z/instagram/memeequest/3954005937948999822_19864046377.mp4	2386622	11.52
/c/ClippersHQ_renders/outputs_paste_20260812_154819/_work/paste_Dbfc3OLPECO__20260812T142554Z/instagram/memeequest/final/white_frame/3954005937948999822_19864046377.mp4	4498720	11.50
/c/ClippersHQ_renders/outputs_paste_20260812_154819/_work/paste_Dblku9wSuTa__20260812T141623Z/head.mp4	695415	11.37
/c/ClippersHQ_renders/outputs_paste_20260812_154819/_work/paste_Dblku9wSuTa__20260812T141623Z/instagram/datingsins/3955729404793644250_75567162066.mp4	695415	11.37
/c/ClippersHQ_renders/outputs_paste_20260812_154819/_work/paste_Dblku9wSuTa__20260812T141623Z/instagram/datingsins/final/white_frame/3955729404793644250_75567162066.mp4	2148954	11.37
/c/ClippersHQ_renders/outputs_paste_20260812_154819/_work/paste_Dbz9vxLAEid__20260812T143524Z/head.mp4	930108	12.86
/c/ClippersHQ_renders/outputs_paste_20260812_154819/_work/paste_Dbz9vxLAEid__20260812T143524Z/instagram/unsentclips.in/3959780060839299229_57799943517.mp4	930108	12.86
/c/ClippersHQ_renders/outputs_paste_20260812_154819/_work/paste_Dbz9vxLAEid__20260812T143524Z/instagram/unsentclips.in/final/white_frame/3959780060839299229_57799943517.mp4	2891911	12.77
/c/ClippersHQ_renders/outputs_paste_20260812_164104/_work/paste_DVPApBmAoja__20260812T144359Z/head.mp4	611334	8.22
/c/ClippersHQ_renders/outputs_paste_20260812_164104/_work/paste_DVPApBmAoja__20260812T144359Z/instagram/levelgonn/3841291826380310746_69011852061.mp4	611334	8.22
/c/ClippersHQ_renders/outputs_paste_20260812_164104/_work/paste_DVPApBmAoja__20260812T144359Z/instagram/levelgonn/final/white_frame/3841291826380310746_69011852061.mp4	1062112	8.20
/c/ClippersHQ_renders/outputs_paste_20260812_164104/_work/paste_DVQIcZFkxk-__20260812T144114Z/head.mp4	1132910	10.30
/c/ClippersHQ_renders/outputs_paste_20260812_164104/_work/paste_DVQIcZFkxk-__20260812T144114Z/instagram/rexx.cum/3841607617601542462_46417411631.mp4	1132910	10.30
/c/ClippersHQ_renders/outputs_paste_20260812_164104/_work/paste_DVQIcZFkxk-__20260812T144114Z/instagram/rexx.cum/final/white_frame/3841607617601542462_46417411631.mp4	3860710	10.30
/c/ClippersHQ_renders/outputs_paste_20260812_164104/_work/paste_DVg1HViDLYz__20260812T144238Z/head.mp4	1078901	9.77
/c/ClippersHQ_renders/outputs_paste_20260812_164104/_work/paste_DVg1HViDLYz__20260812T144238Z/instagram/memeflickofficial/3846307682395665971_77716476902.mp4	1078901	9.77
/c/ClippersHQ_renders/outputs_paste_20260812_164104/_work/paste_DVg1HViDLYz__20260812T144238Z/instagram/memeflickofficial/final/white_frame/3846307682395665971_77716476902.mp4	1835003	9.77
/c/ClippersHQ_renders/outputs_paste_20260812_164435/_work/paste_DYTPB_4pWpM__20260812T144535Z/head.mp4	1104161	11.24
/c/ClippersHQ_renders/outputs_paste_20260812_164435/_work/paste_DYTPB_4pWpM__20260812T144535Z/instagram/voidbuffet/3896524210618853964_39184176345.mp4	1104161	11.24
/c/ClippersHQ_renders/outputs_paste_20260812_164435/_work/paste_DYTPB_4pWpM__20260812T144535Z/instagram/voidbuffet/final/white_frame/3896524210618853964_39184176345.mp4	3281656	11.13
/c/ClippersHQ_renders/outputs_paste_20260812_164435/_work/paste_DajhDiZs99M__20260812T144443Z/head.mp4	1291404	13.98
/c/ClippersHQ_renders/outputs_paste_20260812_164435/_work/paste_DajhDiZs99M__20260812T144443Z/instagram/wasted/3937135877883682636_1415356583.mp4	1291404	13.98
/c/ClippersHQ_renders/outputs_paste_20260812_164435/_work/paste_DajhDiZs99M__20260812T144443Z/instagram/wasted/final/white_frame/3937135877883682636_1415356583.mp4	3323572	13.97
/c/ClippersHQ_renders/outputs_paste_20260812_164827/_work/paste_DVO9ZryDKCZ__20260812T144834Z/head.mp4	437841	9.53
/c/ClippersHQ_renders/outputs_paste_20260812_164827/_work/paste_DVO9ZryDKCZ__20260812T144834Z/instagram/memeflickofficial/3841277578028294297_77716476902.mp4	437841	9.53
/c/ClippersHQ_renders/outputs_paste_20260812_164827/_work/paste_DVO9ZryDKCZ__20260812T144834Z/instagram/memeflickofficial/final/white_frame/3841277578028294297_77716476902.mp4	1502649	9.53
/c/ClippersHQ_renders/outputs_paste_20260812_164827/_work/paste_DXeQkziiFL7__20260812T144934Z/head.mp4	1460186	15.58
/c/ClippersHQ_renders/outputs_paste_20260812_164827/_work/paste_DXeQkziiFL7__20260812T144934Z/instagram/clips/3881612826825478907_810675847.mp4	1460186	15.58
/c/ClippersHQ_renders/outputs_paste_20260812_164827/_work/paste_DXeQkziiFL7__20260812T144934Z/instagram/clips/final/white_frame/3881612826825478907_810675847.mp4	2638915	15.57
/c/ClippersHQ_renders/outputs_paste_20260812_164827/_work/paste_DbEA5SaJlRc__20260812T144918Z/head.mp4	215567	6.40
/c/ClippersHQ_renders/outputs_paste_20260812_164827/_work/paste_DbEA5SaJlRc__20260812T144918Z/instagram/toxiclaughsonly.45/3946283110259643484_25335820697.mp4	215567	6.40
/c/ClippersHQ_renders/outputs_paste_20260812_164827/_work/paste_Dblku9wSuTa__20260812T145000Z/head.mp4	1581526	11.37
/c/ClippersHQ_renders/outputs_paste_20260812_164827/_work/paste_Dblku9wSuTa__20260812T145000Z/instagram/datingsins/3955729404793644250_75567162066.mp4	1581526	11.37
/c/ClippersHQ_renders/outputs_paste_20260812_164827/_work/paste_Dblku9wSuTa__20260812T145000Z/instagram/datingsins/final/white_frame/3955729404793644250_75567162066.mp4	5075774	11.37
/c/ClippersHQ_renders/outputs_paste_20260812_170819/_work/paste_CsbHEA-grtu__20260812T151900Z/head.mp4	962707	9.40
/c/ClippersHQ_renders/outputs_paste_20260812_170819/_work/paste_CsbHEA-grtu__20260812T151900Z/instagram/spidey_feels/3106107430254328686_47199803474.mp4	962707	9.40
/c/ClippersHQ_renders/outputs_paste_20260812_170819/_work/paste_DU2FhWojcYd__20260812T151639Z/head.mp4	1144914	14.49
/c/ClippersHQ_renders/outputs_paste_20260812_170819/_work/paste_DU2FhWojcYd__20260812T151639Z/instagram/men/3834276415030543901_3959377667.mp4	1144914	14.49
/c/ClippersHQ_renders/outputs_paste_20260812_170819/_work/paste_DU2FhWojcYd__20260812T151639Z/instagram/men/final/white_frame/3834276415030543901_3959377667.mp4	2226182	14.47
/c/ClippersHQ_renders/outputs_paste_20260812_170819/_work/paste_DVO9ZryDKCZ__20260812T150826Z/head.mp4	517535	9.53
/c/ClippersHQ_renders/outputs_paste_20260812_170819/_work/paste_DVO9ZryDKCZ__20260812T150826Z/instagram/memeflickofficial/3841277578028294297_77716476902.mp4	517535	9.53
/c/ClippersHQ_renders/outputs_paste_20260812_170819/_work/paste_DVO9ZryDKCZ__20260812T150826Z/instagram/memeflickofficial/final/white_frame/3841277578028294297_77716476902.mp4	1744431	9.53
/c/ClippersHQ_renders/outputs_paste_20260812_170819/_work/paste_DVPApBmAoja__20260812T152401Z/head.mp4	611334	8.22
/c/ClippersHQ_renders/outputs_paste_20260812_170819/_work/paste_DVPApBmAoja__20260812T152401Z/instagram/levelgonn/3841291826380310746_69011852061.mp4	611334	8.22
/c/ClippersHQ_renders/outputs_paste_20260812_170819/_work/paste_DVPApBmAoja__20260812T152401Z/instagram/levelgonn/final/white_frame/3841291826380310746_69011852061.mp4	1058849	8.20
/c/ClippersHQ_renders/outputs_paste_20260812_170819/_work/paste_DVQIcZFkxk-__20260812T152236Z/head.mp4	1132910	10.30
/c/ClippersHQ_renders/outputs_paste_20260812_170819/_work/paste_DVQIcZFkxk-__20260812T152236Z/instagram/rexx.cum/3841607617601542462_46417411631.mp4	1132910	10.30
/c/ClippersHQ_renders/outputs_paste_20260812_170819/_work/paste_DVQIcZFkxk-__20260812T152236Z/instagram/rexx.cum/final/white_frame/3841607617601542462_46417411631.mp4	3869118	10.30
/c/ClippersHQ_renders/outputs_paste_20260812_170819/_work/paste_DVg1HViDLYz__20260812T152321Z/head.mp4	1283393	9.77
/c/ClippersHQ_renders/outputs_paste_20260812_170819/_work/paste_DVg1HViDLYz__20260812T152321Z/instagram/memeflickofficial/3846307682395665971_77716476902.mp4	1283393	9.77
/c/ClippersHQ_renders/outputs_paste_20260812_170819/_work/paste_DVg1HViDLYz__20260812T152321Z/instagram/memeflickofficial/final/white_frame/3846307682395665971_77716476902.mp4	2098103	9.77
/c/ClippersHQ_renders/outputs_paste_20260812_170819/_work/paste_DVnpOeJEUx6__20260812T150937Z/head.mp4	567516	7.99
/c/ClippersHQ_renders/outputs_paste_20260812_170819/_work/paste_DVnpOeJEUx6__20260812T150937Z/instagram/sarcasticbutreal/3848225720955391098_56006658065.mp4	567516	7.99
/c/ClippersHQ_renders/outputs_paste_20260812_170819/_work/paste_DWRNKdxjPIO__20260812T151055Z/head.mp4	681204	8.87
/c/ClippersHQ_renders/outputs_paste_20260812_170819/_work/paste_DWRNKdxjPIO__20260812T151055Z/instagram/timelessbruh/3859924249402470926_75332641989.mp4	681204	8.87
/c/ClippersHQ_renders/outputs_paste_20260812_170819/_work/paste_DWRNKdxjPIO__20260812T151055Z/instagram/timelessbruh/final/white_frame/3859924249402470926_75332641989.mp4	1556085	8.83
/c/ClippersHQ_renders/outputs_paste_20260812_170819/_work/paste_DXeQkziiFL7__20260812T151428Z/head.mp4	2103709	15.58
/c/ClippersHQ_renders/outputs_paste_20260812_170819/_work/paste_DXeQkziiFL7__20260812T151428Z/instagram/clips/3881612826825478907_810675847.mp4	2103709	15.58
/c/ClippersHQ_renders/outputs_paste_20260812_170819/_work/paste_DXeQkziiFL7__20260812T151428Z/instagram/clips/final/white_frame/3881612826825478907_810675847.mp4	5436913	15.57
/c/ClippersHQ_renders/outputs_paste_20260812_170819/_work/paste_DXoARykk00L__20260812T151013Z/head.mp4	550270	7.97
/c/ClippersHQ_renders/outputs_paste_20260812_170819/_work/paste_DXoARykk00L__20260812T151013Z/instagram/silent.core__/3884355901138881803_48147626747.mp4	550270	7.97
/c/ClippersHQ_renders/outputs_paste_20260812_170819/_work/paste_DYBTHfevjk5__20260812T151328Z/head.mp4	670869	14.63
/c/ClippersHQ_renders/outputs_paste_20260812_170819/_work/paste_DYBTHfevjk5__20260812T151328Z/instagram/th_ezmaya/3891475630746646841_79546934480.mp4	670869	14.63
/c/ClippersHQ_renders/outputs_paste_20260812_170819/_work/paste_DYBTHfevjk5__20260812T151328Z/instagram/th_ezmaya/final/white_frame/3891475630746646841_79546934480.mp4	2541207	14.63
/c/ClippersHQ_renders/outputs_paste_20260812_170819/_work/paste_DYTPB_4pWpM__20260812T152454Z/head.mp4	835788	11.24
/c/ClippersHQ_renders/outputs_paste_20260812_170819/_work/paste_DYTPB_4pWpM__20260812T152454Z/instagram/voidbuffet/3896524210618853964_39184176345.mp4	835788	11.24
/c/ClippersHQ_renders/outputs_paste_20260812_170819/_work/paste_DYTPB_4pWpM__20260812T152454Z/instagram/voidbuffet/final/white_frame/3896524210618853964_39184176345.mp4	1858728	11.13
/c/ClippersHQ_renders/outputs_paste_20260812_170819/_work/paste_DZIk3qyhSfX__20260812T151719Z/head.mp4	929651	17.02
/c/ClippersHQ_renders/outputs_paste_20260812_170819/_work/paste_DZIk3qyhSfX__20260812T151719Z/instagram/wasted/3911538431561639895_1415356583.mp4	929651	17.02
/c/ClippersHQ_renders/outputs_paste_20260812_170819/_work/paste_DZIk3qyhSfX__20260812T151719Z/instagram/wasted/final/white_frame/3911538431561639895_1415356583.mp4	2561692	17.00
/c/ClippersHQ_renders/outputs_paste_20260812_170819/_work/paste_DaGakktA_S4__20260812T151917Z/head.mp4	5458467	20.02
/c/ClippersHQ_renders/outputs_paste_20260812_170819/_work/paste_DaGakktA_S4__20260812T151917Z/instagram/_.actias/3928944587447727288_25441300720.mp4	11691561	40.50
/c/ClippersHQ_renders/outputs_paste_20260812_170819/_work/paste_DaGakktA_S4__20260812T151917Z/instagram/_.actias/final/white_frame/3928944587447727288_25441300720.mp4	14862364	19.97
/c/ClippersHQ_renders/outputs_paste_20260812_170819/_work/paste_DajhDiZs99M__20260812T152424Z/head.mp4	996031	13.98
/c/ClippersHQ_renders/outputs_paste_20260812_170819/_work/paste_DajhDiZs99M__20260812T152424Z/instagram/wasted/3937135877883682636_1415356583.mp4	996031	13.98
/c/ClippersHQ_renders/outputs_paste_20260812_170819/_work/paste_DajhDiZs99M__20260812T152424Z/instagram/wasted/final/white_frame/3937135877883682636_1415356583.mp4	1809635	13.97
/c/ClippersHQ_renders/outputs_paste_20260812_170819/_work/paste_DazdiMZtceF__20260812T152040Z/head.mp4	2980423	18.44
/c/ClippersHQ_renders/outputs_paste_20260812_170819/_work/paste_DazdiMZtceF__20260812T152040Z/instagram/movies.h1story/3941623992006592389_25176775959.mp4	2980423	18.44
/c/ClippersHQ_renders/outputs_paste_20260812_170819/_work/paste_DazdiMZtceF__20260812T152040Z/instagram/movies.h1story/final/white_frame/3941623992006592389_25176775959.mp4	8497542	18.43
/c/ClippersHQ_renders/outputs_paste_20260812_170819/_work/paste_Db2nMXoPMQz__20260812T151211Z/head.mp4	1847193	11.38
/c/ClippersHQ_renders/outputs_paste_20260812_170819/_work/paste_Db2nMXoPMQz__20260812T151211Z/instagram/shinn.ae0/3960525296137716787_26996397048.mp4	1847193	11.38
/c/ClippersHQ_renders/outputs_paste_20260812_170819/_work/paste_Db2nMXoPMQz__20260812T151211Z/instagram/shinn.ae0/final/white_frame/3960525296137716787_26996397048.mp4	2980866	11.37
/c/ClippersHQ_renders/outputs_paste_20260812_170819/_work/paste_Db3dFs-vmtu__20260812T151149Z/head.mp4	845998	12.03
/c/ClippersHQ_renders/outputs_paste_20260812_170819/_work/paste_Db3dFs-vmtu__20260812T151149Z/instagram/_memehive_/3960762332539153262_39135459843.mp4	845998	12.03
/c/ClippersHQ_renders/outputs_paste_20260812_170819/_work/paste_DbEA5SaJlRc__20260812T150905Z/head.mp4	337482	6.40
/c/ClippersHQ_renders/outputs_paste_20260812_170819/_work/paste_DbEA5SaJlRc__20260812T150905Z/instagram/toxiclaughsonly.45/3946283110259643484_25335820697.mp4	337482	6.40
/c/ClippersHQ_renders/outputs_paste_20260812_170819/_work/paste_Dbfc3OLPECO__20260812T151814Z/head.mp4	3663305	11.52
/c/ClippersHQ_renders/outputs_paste_20260812_170819/_work/paste_Dbfc3OLPECO__20260812T151814Z/instagram/memeequest/3954005937948999822_19864046377.mp4	3663305	11.52
/c/ClippersHQ_renders/outputs_paste_20260812_170819/_work/paste_Dbfc3OLPECO__20260812T151814Z/instagram/memeequest/final/white_frame/3954005937948999822_19864046377.mp4	5368063	11.50
/c/ClippersHQ_renders/outputs_paste_20260812_170819/_work/paste_Dblku9wSuTa__20260812T151533Z/head.mp4	1304572	11.37
/c/ClippersHQ_renders/outputs_paste_20260812_170819/_work/paste_Dblku9wSuTa__20260812T151533Z/instagram/datingsins/3955729404793644250_75567162066.mp4	1304572	11.37
/c/ClippersHQ_renders/outputs_paste_20260812_170819/_work/paste_Dblku9wSuTa__20260812T151533Z/instagram/datingsins/final/white_frame/3955729404793644250_75567162066.mp4	4862013	11.37
/c/ClippersHQ_renders/outputs_paste_20260812_170819/_work/paste_Dbz9vxLAEid__20260812T152158Z/head.mp4	727015	12.86
/c/ClippersHQ_renders/outputs_paste_20260812_170819/_work/paste_Dbz9vxLAEid__20260812T152158Z/instagram/unsentclips.in/3959780060839299229_57799943517.mp4	727015	12.86
/c/ClippersHQ_renders/outputs_paste_20260812_170819/_work/paste_Dbz9vxLAEid__20260812T152158Z/instagram/unsentclips.in/final/white_frame/3959780060839299229_57799943517.mp4	1449232	12.77
/c/ClippersHQ_renders/outputs_paste_20260812_211716/_work/paste_DU2FhWojcYd__20260812T151639Z/instagram/men/3834276415030543901_3959377667.mp4	1144914	14.49
/c/ClippersHQ_renders/outputs_paste_20260812_211716/_work/paste_DU2FhWojcYd__20260812T151639Z/instagram/men/final/white_frame/3834276415030543901_3959377667.mp4	2241605	14.47
/c/ClippersHQ_renders/outputs_paste_20260812_211716/_work/paste_DVO9ZryDKCZ__20260812T150826Z/instagram/memeflickofficial/3841277578028294297_77716476902.mp4	517535	9.53
/c/ClippersHQ_renders/outputs_paste_20260812_211716/_work/paste_DVO9ZryDKCZ__20260812T150826Z/instagram/memeflickofficial/final/white_frame/3841277578028294297_77716476902.mp4	1750270	9.53
/c/ClippersHQ_renders/outputs_paste_20260812_211716/_work/paste_DVPApBmAoja__20260812T152401Z/instagram/levelgonn/3841291826380310746_69011852061.mp4	611334	8.22
/c/ClippersHQ_renders/outputs_paste_20260812_211716/_work/paste_DVPApBmAoja__20260812T152401Z/instagram/levelgonn/final/white_frame/3841291826380310746_69011852061.mp4	1066856	8.20
/c/ClippersHQ_renders/outputs_paste_20260812_211716/_work/paste_DVQIcZFkxk-__20260812T152236Z/instagram/rexx.cum/3841607617601542462_46417411631.mp4	1132910	10.30
/c/ClippersHQ_renders/outputs_paste_20260812_211716/_work/paste_DVQIcZFkxk-__20260812T152236Z/instagram/rexx.cum/final/white_frame/3841607617601542462_46417411631.mp4	3903100	10.30
/c/ClippersHQ_renders/outputs_paste_20260812_211716/_work/paste_DVg1HViDLYz__20260812T152321Z/instagram/memeflickofficial/3846307682395665971_77716476902.mp4	1283393	9.77
/c/ClippersHQ_renders/outputs_paste_20260812_211716/_work/paste_DVg1HViDLYz__20260812T152321Z/instagram/memeflickofficial/final/white_frame/3846307682395665971_77716476902.mp4	1894370	9.77
/c/ClippersHQ_renders/outputs_paste_20260812_211716/_work/paste_DWRNKdxjPIO__20260812T151055Z/instagram/timelessbruh/3859924249402470926_75332641989.mp4	681204	8.87
/c/ClippersHQ_renders/outputs_paste_20260812_211716/_work/paste_DWRNKdxjPIO__20260812T151055Z/instagram/timelessbruh/final/white_frame/3859924249402470926_75332641989.mp4	1537332	8.83
/c/ClippersHQ_renders/outputs_paste_20260812_211716/_work/paste_DXeQkziiFL7__20260812T151428Z/instagram/clips/3881612826825478907_810675847.mp4	2103709	15.58
/c/ClippersHQ_renders/outputs_paste_20260812_211716/_work/paste_DXeQkziiFL7__20260812T151428Z/instagram/clips/final/white_frame/3881612826825478907_810675847.mp4	5395121	15.57
/c/ClippersHQ_renders/outputs_paste_20260812_211716/_work/paste_DYBTHfevjk5__20260812T151328Z/instagram/th_ezmaya/3891475630746646841_79546934480.mp4	670869	14.63
/c/ClippersHQ_renders/outputs_paste_20260812_211716/_work/paste_DYBTHfevjk5__20260812T151328Z/instagram/th_ezmaya/final/white_frame/3891475630746646841_79546934480.mp4	2299563	14.63
/c/ClippersHQ_renders/outputs_paste_20260812_211716/_work/paste_DYTPB_4pWpM__20260812T152454Z/instagram/voidbuffet/3896524210618853964_39184176345.mp4	835788	11.24
/c/ClippersHQ_renders/outputs_paste_20260812_211716/_work/paste_DYTPB_4pWpM__20260812T152454Z/instagram/voidbuffet/final/white_frame/3896524210618853964_39184176345.mp4	1794963	11.13
/c/ClippersHQ_renders/outputs_paste_20260812_211716/_work/paste_DZIk3qyhSfX__20260812T151719Z/instagram/wasted/3911538431561639895_1415356583.mp4	929651	17.02
/c/ClippersHQ_renders/outputs_paste_20260812_211716/_work/paste_DZIk3qyhSfX__20260812T151719Z/instagram/wasted/final/white_frame/3911538431561639895_1415356583.mp4	2492753	17.00
/c/ClippersHQ_renders/outputs_paste_20260812_211716/_work/paste_DaGakktA_S4__20260812T151917Z/instagram/_.actias/3928944587447727288_25441300720.mp4	11691561	40.50
/c/ClippersHQ_renders/outputs_paste_20260812_211716/_work/paste_DaGakktA_S4__20260812T151917Z/instagram/_.actias/final/white_frame/3928944587447727288_25441300720.mp4	14882695	19.97
/c/ClippersHQ_renders/outputs_paste_20260812_211716/_work/paste_DajhDiZs99M__20260812T152424Z/instagram/wasted/3937135877883682636_1415356583.mp4	996031	13.98
/c/ClippersHQ_renders/outputs_paste_20260812_211716/_work/paste_DajhDiZs99M__20260812T152424Z/instagram/wasted/final/white_frame/3937135877883682636_1415356583.mp4	1830731	13.97
/c/ClippersHQ_renders/outputs_paste_20260812_211716/_work/paste_DazdiMZtceF__20260812T152040Z/instagram/movies.h1story/3941623992006592389_25176775959.mp4	2980423	18.44
/c/ClippersHQ_renders/outputs_paste_20260812_211716/_work/paste_DazdiMZtceF__20260812T152040Z/instagram/movies.h1story/final/white_frame/3941623992006592389_25176775959.mp4	9023458	18.43
/c/ClippersHQ_renders/outputs_paste_20260812_211716/_work/paste_Db2nMXoPMQz__20260812T151211Z/instagram/shinn.ae0/3960525296137716787_26996397048.mp4	1847193	11.38
/c/ClippersHQ_renders/outputs_paste_20260812_211716/_work/paste_Db2nMXoPMQz__20260812T151211Z/instagram/shinn.ae0/final/white_frame/3960525296137716787_26996397048.mp4	2957872	11.37
/c/ClippersHQ_renders/outputs_paste_20260812_211716/_work/paste_Dbfc3OLPECO__20260812T151814Z/instagram/memeequest/3954005937948999822_19864046377.mp4	3663305	11.52
/c/ClippersHQ_renders/outputs_paste_20260812_211716/_work/paste_Dbfc3OLPECO__20260812T151814Z/instagram/memeequest/final/white_frame/3954005937948999822_19864046377.mp4	5789236	11.50
/c/ClippersHQ_renders/outputs_paste_20260812_211716/_work/paste_Dblku9wSuTa__20260812T151533Z/instagram/datingsins/3955729404793644250_75567162066.mp4	1304572	11.37
/c/ClippersHQ_renders/outputs_paste_20260812_211716/_work/paste_Dblku9wSuTa__20260812T151533Z/instagram/datingsins/final/white_frame/3955729404793644250_75567162066.mp4	4776041	11.37
/c/ClippersHQ_renders/outputs_paste_20260812_211716/_work/paste_Dbz9vxLAEid__20260812T152158Z/instagram/unsentclips.in/3959780060839299229_57799943517.mp4	727015	12.86
/c/ClippersHQ_renders/outputs_paste_20260812_211716/_work/paste_Dbz9vxLAEid__20260812T152158Z/instagram/unsentclips.in/final/white_frame/3959780060839299229_57799943517.mp4	1490659	12.77
/c/ClippersHQ_renders/outputs_paste_20260813_171405/_work/paste_CsbHEA-grtu__20260813T151809Z/head.mp4	962707	9.40
/c/ClippersHQ_renders/outputs_paste_20260813_171405/_work/paste_CsbHEA-grtu__20260813T151809Z/instagram/spidey_feels/3106107430254328686_47199803474.mp4	962707	9.40
/c/ClippersHQ_renders/outputs_paste_20260813_171405/_work/paste_DVO9ZryDKCZ__20260813T151412Z/head.mp4	527992	9.53
/c/ClippersHQ_renders/outputs_paste_20260813_171405/_work/paste_DVO9ZryDKCZ__20260813T151412Z/instagram/memeflickofficial/3841277578028294297_77716476902.mp4	527992	9.53
/c/ClippersHQ_renders/outputs_paste_20260813_171405/_work/paste_DVO9ZryDKCZ__20260813T151412Z/instagram/memeflickofficial/final/white_frame/3841277578028294297_77716476902.mp4	1488237	9.53
/c/ClippersHQ_renders/outputs_paste_20260813_171405/_work/paste_DVQIcZFkxk-__20260813T152106Z/head.mp4	1280912	10.30
/c/ClippersHQ_renders/outputs_paste_20260813_171405/_work/paste_DVQIcZFkxk-__20260813T152106Z/instagram/rexx.cum/3841607617601542462_46417411631.mp4	1280912	10.30
/c/ClippersHQ_renders/outputs_paste_20260813_171405/_work/paste_DVQIcZFkxk-__20260813T152106Z/instagram/rexx.cum/final/white_frame/3841607617601542462_46417411631.mp4	3931601	10.30
/c/ClippersHQ_renders/outputs_paste_20260813_171405/_work/paste_DVg1HViDLYz__20260813T152153Z/head.mp4	1186660	9.77
/c/ClippersHQ_renders/outputs_paste_20260813_171405/_work/paste_DVg1HViDLYz__20260813T152153Z/instagram/memeflickofficial/3846307682395665971_77716476902.mp4	1186660	9.77
/c/ClippersHQ_renders/outputs_paste_20260813_171405/_work/paste_DVg1HViDLYz__20260813T152153Z/instagram/memeflickofficial/final/white_frame/3846307682395665971_77716476902.mp4	1947652	9.77
/c/ClippersHQ_renders/outputs_paste_20260813_171405/_work/paste_DVnpOeJEUx6__20260813T151505Z/head.mp4	633175	7.99
/c/ClippersHQ_renders/outputs_paste_20260813_171405/_work/paste_DVnpOeJEUx6__20260813T151505Z/instagram/sarcasticbutreal/3848225720955391098_56006658065.mp4	633175	7.99
/c/ClippersHQ_renders/outputs_paste_20260813_171405/_work/paste_DWRNKdxjPIO__20260813T151557Z/head.mp4	759746	8.87
/c/ClippersHQ_renders/outputs_paste_20260813_171405/_work/paste_DWRNKdxjPIO__20260813T151557Z/instagram/timelessbruh/3859924249402470926_75332641989.mp4	759746	8.87
/c/ClippersHQ_renders/outputs_paste_20260813_171405/_work/paste_DWRNKdxjPIO__20260813T151557Z/instagram/timelessbruh/final/white_frame/3859924249402470926_75332641989.mp4	1645825	8.83
/c/ClippersHQ_renders/outputs_paste_20260813_171405/_work/paste_DXoARykk00L__20260813T151530Z/head.mp4	597555	7.97
/c/ClippersHQ_renders/outputs_paste_20260813_171405/_work/paste_DXoARykk00L__20260813T151530Z/instagram/silent.core__/3884355901138881803_48147626747.mp4	597555	7.97
/c/ClippersHQ_renders/outputs_paste_20260813_171405/_work/paste_DYTPB_4pWpM__20260813T152304Z/head.mp4	1139087	11.24
/c/ClippersHQ_renders/outputs_paste_20260813_171405/_work/paste_DYTPB_4pWpM__20260813T152304Z/instagram/voidbuffet/3896524210618853964_39184176345.mp4	1139087	11.24
/c/ClippersHQ_renders/outputs_paste_20260813_171405/_work/paste_DYTPB_4pWpM__20260813T152304Z/instagram/voidbuffet/final/white_frame/3896524210618853964_39184176345.mp4	3066051	11.13
/c/ClippersHQ_renders/outputs_paste_20260813_171405/_work/paste_DZIk3qyhSfX__20260813T151635Z/head.mp4	763299	17.02
/c/ClippersHQ_renders/outputs_paste_20260813_171405/_work/paste_DZIk3qyhSfX__20260813T151635Z/instagram/wasted/3911538431561639895_1415356583.mp4	763299	17.02
/c/ClippersHQ_renders/outputs_paste_20260813_171405/_work/paste_DZIk3qyhSfX__20260813T151635Z/instagram/wasted/final/white_frame/3911538431561639895_1415356583.mp4	2431196	17.00
/c/ClippersHQ_renders/outputs_paste_20260813_171405/_work/paste_DaGakktA_S4__20260813T151828Z/head.mp4	4809049	20.10
/c/ClippersHQ_renders/outputs_paste_20260813_171405/_work/paste_DaGakktA_S4__20260813T151828Z/instagram/_.actias/3928944587447727288_25441300720.mp4	10040346	40.50
/c/ClippersHQ_renders/outputs_paste_20260813_171405/_work/paste_DaGakktA_S4__20260813T151828Z/instagram/_.actias/final/white_frame/3928944587447727288_25441300720.mp4	7325889	19.97
/c/ClippersHQ_renders/outputs_paste_20260813_171405/_work/paste_DajhDiZs99M__20260813T152233Z/head.mp4	990264	13.98
/c/ClippersHQ_renders/outputs_paste_20260813_171405/_work/paste_DajhDiZs99M__20260813T152233Z/instagram/wasted/3937135877883682636_1415356583.mp4	990264	13.98
/c/ClippersHQ_renders/outputs_paste_20260813_171405/_work/paste_DajhDiZs99M__20260813T152233Z/instagram/wasted/final/white_frame/3937135877883682636_1415356583.mp4	2091994	13.97
/c/ClippersHQ_renders/outputs_paste_20260813_171405/_work/paste_DazdiMZtceF__20260813T151900Z/head.mp4	2980423	18.44
/c/ClippersHQ_renders/outputs_paste_20260813_171405/_work/paste_DazdiMZtceF__20260813T151900Z/instagram/movies.h1story/3941623992006592389_25176775959.mp4	2980423	18.44
/c/ClippersHQ_renders/outputs_paste_20260813_171405/_work/paste_DazdiMZtceF__20260813T151900Z/instagram/movies.h1story/final/white_frame/3941623992006592389_25176775959.mp4	8935602	18.43
/c/ClippersHQ_renders/outputs_paste_20260813_171405/_work/paste_DbEA5SaJlRc__20260813T151448Z/head.mp4	315020	6.40
/c/ClippersHQ_renders/outputs_paste_20260813_171405/_work/paste_DbEA5SaJlRc__20260813T151448Z/instagram/toxiclaughsonly.45/3946283110259643484_25335820697.mp4	315020	6.40
/c/ClippersHQ_renders/outputs_paste_20260813_171405/_work/paste_Dbfc3OLPECO__20260813T151721Z/head.mp4	3663305	11.52
/c/ClippersHQ_renders/outputs_paste_20260813_171405/_work/paste_Dbfc3OLPECO__20260813T151721Z/instagram/memeequest/3954005937948999822_19864046377.mp4	3663305	11.52
/c/ClippersHQ_renders/outputs_paste_20260813_171405/_work/paste_Dbfc3OLPECO__20260813T151721Z/instagram/memeequest/final/white_frame/3954005937948999822_19864046377.mp4	5252809	11.50
/c/ClippersHQ_renders/outputs_paste_20260813_171405/_work/paste_Dbz9vxLAEid__20260813T152008Z/head.mp4	727015	12.86
/c/ClippersHQ_renders/outputs_paste_20260813_171405/_work/paste_Dbz9vxLAEid__20260813T152008Z/instagram/unsentclips.in/3959780060839299229_57799943517.mp4	727015	12.86
/c/ClippersHQ_renders/outputs_paste_20260813_171405/_work/paste_Dbz9vxLAEid__20260813T152008Z/instagram/unsentclips.in/final/white_frame/3959780060839299229_57799943517.mp4	1593851	12.77
/c/ClippersHQ_renders/outputs_paste_20260813_180421/_work/paste_CsbHEA-grtu__20260813T160832Z/head.mp4	962707	9.40
/c/ClippersHQ_renders/outputs_paste_20260813_180421/_work/paste_CsbHEA-grtu__20260813T160832Z/instagram/spidey_feels/3106107430254328686_47199803474.mp4	962707	9.40
/c/ClippersHQ_renders/outputs_paste_20260813_180421/_work/paste_DVO9ZryDKCZ__20260813T160426Z/head.mp4	479960	9.53
/c/ClippersHQ_renders/outputs_paste_20260813_180421/_work/paste_DVO9ZryDKCZ__20260813T160426Z/instagram/memeflickofficial/3841277578028294297_77716476902.mp4	479960	9.53
/c/ClippersHQ_renders/outputs_paste_20260813_180421/_work/paste_DVO9ZryDKCZ__20260813T160426Z/instagram/memeflickofficial/final/white_frame/3841277578028294297_77716476902.mp4	1542819	9.53
/c/ClippersHQ_renders/outputs_paste_20260813_180421/_work/paste_DVQIcZFkxk-__20260813T161103Z/head.mp4	839361	10.30
/c/ClippersHQ_renders/outputs_paste_20260813_180421/_work/paste_DVQIcZFkxk-__20260813T161103Z/instagram/rexx.cum/3841607617601542462_46417411631.mp4	839361	10.30
/c/ClippersHQ_renders/outputs_paste_20260813_180421/_work/paste_DVQIcZFkxk-__20260813T161103Z/instagram/rexx.cum/final/white_frame/3841607617601542462_46417411631.mp4	2213698	10.30
/c/ClippersHQ_renders/outputs_paste_20260813_180421/_work/paste_DVg1HViDLYz__20260813T161141Z/head.mp4	647758	9.77
/c/ClippersHQ_renders/outputs_paste_20260813_180421/_work/paste_DVg1HViDLYz__20260813T161141Z/instagram/memeflickofficial/3846307682395665971_77716476902.mp4	647758	9.77
/c/ClippersHQ_renders/outputs_paste_20260813_180421/_work/paste_DVg1HViDLYz__20260813T161141Z/instagram/memeflickofficial/final/white_frame/3846307682395665971_77716476902.mp4	1159038	9.77
/c/ClippersHQ_renders/outputs_paste_20260813_180421/_work/paste_DVnpOeJEUx6__20260813T160535Z/head.mp4	633175	7.99
/c/ClippersHQ_renders/outputs_paste_20260813_180421/_work/paste_DVnpOeJEUx6__20260813T160535Z/instagram/sarcasticbutreal/3848225720955391098_56006658065.mp4	633175	7.99
/c/ClippersHQ_renders/outputs_paste_20260813_180421/_work/paste_DWRNKdxjPIO__20260813T160628Z/head.mp4	759746	8.87
/c/ClippersHQ_renders/outputs_paste_20260813_180421/_work/paste_DWRNKdxjPIO__20260813T160628Z/instagram/timelessbruh/3859924249402470926_75332641989.mp4	759746	8.87
/c/ClippersHQ_renders/outputs_paste_20260813_180421/_work/paste_DWRNKdxjPIO__20260813T160628Z/instagram/timelessbruh/final/white_frame/3859924249402470926_75332641989.mp4	1649144	8.83
/c/ClippersHQ_renders/outputs_paste_20260813_180421/_work/paste_DXoARykk00L__20260813T160603Z/head.mp4	445932	7.97
/c/ClippersHQ_renders/outputs_paste_20260813_180421/_work/paste_DXoARykk00L__20260813T160603Z/instagram/silent.core__/3884355901138881803_48147626747.mp4	445932	7.97
/c/ClippersHQ_renders/outputs_paste_20260813_180421/_work/paste_DYTPB_4pWpM__20260813T161246Z/head.mp4	840381	11.24
/c/ClippersHQ_renders/outputs_paste_20260813_180421/_work/paste_DYTPB_4pWpM__20260813T161246Z/instagram/voidbuffet/3896524210618853964_39184176345.mp4	840381	11.24
/c/ClippersHQ_renders/outputs_paste_20260813_180421/_work/paste_DYTPB_4pWpM__20260813T161246Z/instagram/voidbuffet/final/white_frame/3896524210618853964_39184176345.mp4	1791608	11.13
/c/ClippersHQ_renders/outputs_paste_20260813_180421/_work/paste_DZIk3qyhSfX__20260813T160708Z/head.mp4	832742	17.02
/c/ClippersHQ_renders/outputs_paste_20260813_180421/_work/paste_DZIk3qyhSfX__20260813T160708Z/instagram/wasted/3911538431561639895_1415356583.mp4	832742	17.02
/c/ClippersHQ_renders/outputs_paste_20260813_180421/_work/paste_DZIk3qyhSfX__20260813T160708Z/instagram/wasted/final/white_frame/3911538431561639895_1415356583.mp4	2451136	17.00
/c/ClippersHQ_renders/outputs_paste_20260813_180421/_work/paste_DaGakktA_S4__20260813T160850Z/head.mp4	2236046	20.04
/c/ClippersHQ_renders/outputs_paste_20260813_180421/_work/paste_DaGakktA_S4__20260813T160850Z/instagram/_.actias/3928944587447727288_25441300720.mp4	4690530	40.50
/c/ClippersHQ_renders/outputs_paste_20260813_180421/_work/paste_DaGakktA_S4__20260813T160850Z/instagram/_.actias/final/white_frame/3928944587447727288_25441300720.mp4	7028319	19.97
/c/ClippersHQ_renders/outputs_paste_20260813_180421/_work/paste_DajhDiZs99M__20260813T161212Z/head.mp4	990264	13.98
/c/ClippersHQ_renders/outputs_paste_20260813_180421/_work/paste_DajhDiZs99M__20260813T161212Z/instagram/wasted/3937135877883682636_1415356583.mp4	990264	13.98
/c/ClippersHQ_renders/outputs_paste_20260813_180421/_work/paste_DajhDiZs99M__20260813T161212Z/instagram/wasted/final/white_frame/3937135877883682636_1415356583.mp4	2091526	13.97
/c/ClippersHQ_renders/outputs_paste_20260813_180421/_work/paste_DazdiMZtceF__20260813T160941Z/head.mp4	2896905	18.44
/c/ClippersHQ_renders/outputs_paste_20260813_180421/_work/paste_DazdiMZtceF__20260813T160941Z/instagram/movies.h1story/3941623992006592389_25176775959.mp4	2896905	18.44
/c/ClippersHQ_renders/outputs_paste_20260813_180421/_work/paste_DazdiMZtceF__20260813T160941Z/instagram/movies.h1story/final/white_frame/3941623992006592389_25176775959.mp4	8109855	18.43
/c/ClippersHQ_renders/outputs_paste_20260813_180421/_work/paste_DbEA5SaJlRc__20260813T160511Z/head.mp4	290234	6.40
/c/ClippersHQ_renders/outputs_paste_20260813_180421/_work/paste_DbEA5SaJlRc__20260813T160511Z/instagram/toxiclaughsonly.45/3946283110259643484_25335820697.mp4	290234	6.40
/c/ClippersHQ_renders/outputs_paste_20260813_180421/_work/paste_Dbfc3OLPECO__20260813T160755Z/head.mp4	1681710	11.52
/c/ClippersHQ_renders/outputs_paste_20260813_180421/_work/paste_Dbfc3OLPECO__20260813T160755Z/instagram/memeequest/3954005937948999822_19864046377.mp4	1681710	11.52
/c/ClippersHQ_renders/outputs_paste_20260813_180421/_work/paste_Dbfc3OLPECO__20260813T160755Z/instagram/memeequest/final/white_frame/3954005937948999822_19864046377.mp4	2488729	11.50
/c/ClippersHQ_renders/outputs_paste_20260813_180421/_work/paste_Dbz9vxLAEid__20260813T161039Z/head.mp4	827150	12.86
/c/ClippersHQ_renders/outputs_paste_20260813_180421/_work/paste_Dbz9vxLAEid__20260813T161039Z/instagram/unsentclips.in/3959780060839299229_57799943517.mp4	827150	12.86
/c/ClippersHQ_renders/outputs_paste_20260813_180421/_work/paste_Dbz9vxLAEid__20260813T161039Z/instagram/unsentclips.in/final/white_frame/3959780060839299229_57799943517.mp4	1566236	12.77
/c/ClippersHQ_renders/outputs_paste_20260814_184733/_work/paste_DVVBX16DTm-__20260814T165441Z/head.mp4	854028	9.98
/c/ClippersHQ_renders/outputs_paste_20260814_184733/_work/paste_DVVBX16DTm-__20260814T165441Z/instagram/men/3842983893507324350_3959377667.mp4	854028	9.98
/c/ClippersHQ_renders/outputs_paste_20260814_184733/_work/paste_DVVBX16DTm-__20260814T165441Z/instagram/men/final/white_frame/3842983893507324350_3959377667.mp4	2537698	9.97
/c/ClippersHQ_renders/outputs_paste_20260814_184733/_work/paste_DVgxRsTjEkj__20260814T165431Z/head.mp4	514123	8.17
/c/ClippersHQ_renders/outputs_paste_20260814_184733/_work/paste_DVgxRsTjEkj__20260814T165431Z/instagram/clips.wstd/3846290801857153315_80026546110.mp4	514123	8.17
/c/ClippersHQ_renders/outputs_paste_20260814_184733/_work/paste_DWAT_M8jNZi__20260814T170434Z/head.mp4	750174	8.90
/c/ClippersHQ_renders/outputs_paste_20260814_184733/_work/paste_DWAT_M8jNZi__20260814T170434Z/instagram/cinevohq/3855169187140654690_78524788077.mp4	750174	8.90
/c/ClippersHQ_renders/outputs_paste_20260814_184733/_work/paste_DWAT_M8jNZi__20260814T170434Z/instagram/cinevohq/final/white_frame/3855169187140654690_78524788077.mp4	1185081	8.90
/c/ClippersHQ_renders/outputs_paste_20260814_184733/_work/paste_DWylKrjiIJ3__20260814T165526Z/head.mp4	638232	11.31
/c/ClippersHQ_renders/outputs_paste_20260814_184733/_work/paste_DWylKrjiIJ3__20260814T165526Z/instagram/clips/3869318491547402871_810675847.mp4	638232	11.31
/c/ClippersHQ_renders/outputs_paste_20260814_184733/_work/paste_DWylKrjiIJ3__20260814T165526Z/instagram/clips/final/white_frame/3869318491547402871_810675847.mp4	1101944	11.30
/c/ClippersHQ_renders/outputs_paste_20260814_184733/_work/paste_DXU7AOwMXHN__20260814T170005Z/head.mp4	1200066	13.75
/c/ClippersHQ_renders/outputs_paste_20260814_184733/_work/paste_DXU7AOwMXHN__20260814T170005Z/instagram/cinemawrapped/3878984679657927117_31958395291.mp4	1200066	13.75
/c/ClippersHQ_renders/outputs_paste_20260814_184733/_work/paste_DXU7AOwMXHN__20260814T170005Z/instagram/cinemawrapped/final/white_frame/3878984679657927117_31958395291.mp4	1942006	13.73
/c/ClippersHQ_renders/outputs_paste_20260814_184733/_work/paste_DXepuJHAOCY__20260814T165622Z/head.mp4	444065	11.96
/c/ClippersHQ_renders/outputs_paste_20260814_184733/_work/paste_DXepuJHAOCY__20260814T165622Z/instagram/city_most/3881723419624005784_79756889947.mp4	444065	11.96
/c/ClippersHQ_renders/outputs_paste_20260814_184733/_work/paste_DXepuJHAOCY__20260814T165622Z/instagram/city_most/final/white_frame/3881723419624005784_79756889947.mp4	877401	11.93
/c/ClippersHQ_renders/outputs_paste_20260814_184733/_work/paste_DXi28uvDLne__20260814T165059Z/head.mp4	355632	9.37
/c/ClippersHQ_renders/outputs_paste_20260814_184733/_work/paste_DXi28uvDLne__20260814T165059Z/instagram/darkmeme_.lord/3882907496608479710_78971833778.mp4	355632	9.37
/c/ClippersHQ_renders/outputs_paste_20260814_184733/_work/paste_DXi28uvDLne__20260814T165059Z/instagram/darkmeme_.lord/final/white_frame/3882907496608479710_78971833778.mp4	758169	9.37
/c/ClippersHQ_renders/outputs_paste_20260814_184733/_work/paste_DYIMPL5B2E7__20260814T170139Z/head.mp4	594942	10.70
/c/ClippersHQ_renders/outputs_paste_20260814_184733/_work/paste_DYIMPL5B2E7__20260814T170139Z/instagram/wasted/3893415697980023099_1415356583.mp4	594942	10.70
/c/ClippersHQ_renders/outputs_paste_20260814_184733/_work/paste_DYIMPL5B2E7__20260814T170139Z/instagram/wasted/final/white_frame/3893415697980023099_1415356583.mp4	1455481	10.70
/c/ClippersHQ_renders/outputs_paste_20260814_184733/_work/paste_DaD9Wl8THmD__20260814T170407Z/head.mp4	691125	11.01
/c/ClippersHQ_renders/outputs_paste_20260814_184733/_work/paste_DaD9Wl8THmD__20260814T170407Z/instagram/xyz.clip_/3928253133402962307_75274014611.mp4	691125	11.01
/c/ClippersHQ_renders/outputs_paste_20260814_184733/_work/paste_DaD9Wl8THmD__20260814T170407Z/instagram/xyz.clip_/final/white_frame/3928253133402962307_75274014611.mp4	1402066	11.00
/c/ClippersHQ_renders/outputs_paste_20260814_184733/_work/paste_DaHgYsYC5Rm__20260814T170338Z/head.mp4	381777	8.98
/c/ClippersHQ_renders/outputs_paste_20260814_184733/_work/paste_DaHgYsYC5Rm__20260814T170338Z/instagram/thecinemaflow/3929251634307896422_78523284351.mp4	381777	8.98
/c/ClippersHQ_renders/outputs_paste_20260814_184733/_work/paste_DaHgYsYC5Rm__20260814T170338Z/instagram/thecinemaflow/final/white_frame/3929251634307896422_78523284351.mp4	763779	8.97
/c/ClippersHQ_renders/outputs_paste_20260814_184733/_work/paste_DaI3YsDSdib__20260814T165330Z/head.mp4	1472801	9.54
/c/ClippersHQ_renders/outputs_paste_20260814_184733/_work/paste_DaI3YsDSdib__20260814T165330Z/instagram/dank.cawncept/3929634264006121627_80539262391.mp4	1472801	9.54
/c/ClippersHQ_renders/outputs_paste_20260814_184733/_work/paste_DaI3YsDSdib__20260814T165330Z/instagram/dank.cawncept/final/white_frame/3929634264006121627_80539262391.mp4	4058664	9.53
/c/ClippersHQ_renders/outputs_paste_20260814_184733/_work/paste_Da_ygpMSY1f__20260814T165259Z/head.mp4	390262	9.27
/c/ClippersHQ_renders/outputs_paste_20260814_184733/_work/paste_Da_ygpMSY1f__20260814T165259Z/instagram/theplayinghub/3945093944178216287_53584218259.mp4	390262	9.27
/c/ClippersHQ_renders/outputs_paste_20260814_184733/_work/paste_Da_ygpMSY1f__20260814T165259Z/instagram/theplayinghub/final/white_frame/3945093944178216287_53584218259.mp4	882281	9.17
/c/ClippersHQ_renders/outputs_paste_20260814_184733/_work/paste_DafkoTdt_WI__20260814T165823Z/head.mp4	1119054	14.65
/c/ClippersHQ_renders/outputs_paste_20260814_184733/_work/paste_DafkoTdt_WI__20260814T165823Z/instagram/eia.wood/3936025698698261896_33742216496.mp4	1119054	14.65
/c/ClippersHQ_renders/outputs_paste_20260814_184733/_work/paste_DafkoTdt_WI__20260814T165823Z/instagram/eia.wood/final/white_frame/3936025698698261896_33742216496.mp4	2111292	14.57
/c/ClippersHQ_renders/outputs_paste_20260814_184733/_work/paste_DafqbgmM1ZN__20260814T165143Z/head.mp4	568955	12.40
/c/ClippersHQ_renders/outputs_paste_20260814_184733/_work/paste_DafqbgmM1ZN__20260814T165143Z/instagram/sam_clips22/3936051207725078093_46742833163.mp4	568955	12.40
/c/ClippersHQ_renders/outputs_paste_20260814_184733/_work/paste_DafqbgmM1ZN__20260814T165143Z/instagram/sam_clips22/final/white_frame/3936051207725078093_46742833163.mp4	1326166	12.40
/c/ClippersHQ_renders/outputs_paste_20260814_184733/_work/paste_Db-BJl9ofFA__20260814T164748Z/head.mp4	1777872	18.92
/c/ClippersHQ_renders/outputs_paste_20260814_184733/_work/paste_Db-BJl9ofFA__20260814T164748Z/instagram/wittymedia._/3962609779416887616_39871741023.mp4	1777872	18.92
/c/ClippersHQ_renders/outputs_paste_20260814_184733/_work/paste_Db-BJl9ofFA__20260814T164748Z/instagram/wittymedia._/final/white_frame/3962609779416887616_39871741023.mp4	3619134	18.90
/c/ClippersHQ_renders/outputs_paste_20260814_184733/_work/paste_Db8rdz4SRbK__20260814T165017Z/head.mp4	998836	6.83
/c/ClippersHQ_renders/outputs_paste_20260814_184733/_work/paste_Db8rdz4SRbK__20260814T165017Z/instagram/clippingforearning/3962232936749143754_36266000290.mp4	998836	6.83
/c/ClippersHQ_renders/outputs_paste_20260814_184733/_work/paste_DbJu1jMB97Q__20260814T170256Z/head.mp4	482448	9.19
/c/ClippersHQ_renders/outputs_paste_20260814_184733/_work/paste_DbJu1jMB97Q__20260814T170256Z/instagram/hoodville/3947892538421534416_1457239300.mp4	482448	9.19
/c/ClippersHQ_renders/outputs_paste_20260814_184733/_work/paste_DbJu1jMB97Q__20260814T170256Z/instagram/hoodville/final/white_frame/3947892538421534416_1457239300.mp4	1655946	9.17
/c/ClippersHQ_renders/outputs_paste_20260814_184733/_work/paste_Db_MwHSS7Dx__20260814T164943Z/head.mp4	554162	6.15
/c/ClippersHQ_renders/outputs_paste_20260814_184733/_work/paste_Db_MwHSS7Dx__20260814T164943Z/instagram/clippingforearning/3962942280025485553_36266000290.mp4	554162	6.15
/c/ClippersHQ_renders/outputs_paste_20260814_184733/_work/paste_Dbw9CCwBkDW__20260814T165223Z/head.mp4	540061	11.89
/c/ClippersHQ_renders/outputs_paste_20260814_184733/_work/paste_Dbw9CCwBkDW__20260814T165223Z/instagram/wasted/3958932493687996630_1415356583.mp4	540061	11.89
/c/ClippersHQ_renders/outputs_paste_20260814_184733/_work/paste_Dbw9CCwBkDW__20260814T165223Z/instagram/wasted/final/white_frame/3958932493687996630_1415356583.mp4	999836	11.87
/c/ClippersHQ_renders/outputs_paste_20260815_151058/_work/paste_DVBrfxzEvtr__20260815T134202Z/head.mp4	1437102	18.88
/c/ClippersHQ_renders/outputs_paste_20260815_151058/_work/paste_DVBrfxzEvtr__20260815T134202Z/instagram/alttabmemelab/3837539657270360939_75300620967.mp4	1437102	18.88
/c/ClippersHQ_renders/outputs_paste_20260815_151058/_work/paste_DVBrfxzEvtr__20260815T134202Z/instagram/alttabmemelab/final/white_frame/3837539657270360939_75300620967.mp4	5147630	18.87
/c/ClippersHQ_renders/outputs_paste_20260815_151058/_work/paste_DVIoT7UguGk__20260815T132358Z/head.mp4	1072531	10.94
/c/ClippersHQ_renders/outputs_paste_20260815_151058/_work/paste_DVIoT7UguGk__20260815T132358Z/instagram/clips/3839495973558739364_810675847.mp4	1072531	10.94
/c/ClippersHQ_renders/outputs_paste_20260815_151058/_work/paste_DVIoT7UguGk__20260815T132358Z/instagram/clips/final/white_frame/3839495973558739364_810675847.mp4	2565735	10.93
/c/ClippersHQ_renders/outputs_paste_20260815_151058/_work/paste_DVUjllKjeFp__20260815T132447Z/head.mp4	752039	8.06
/c/ClippersHQ_renders/outputs_paste_20260815_151058/_work/paste_DVUjllKjeFp__20260815T132447Z/instagram/men/3842852896207921513_3959377667.mp4	752039	8.06
/c/ClippersHQ_renders/outputs_paste_20260815_151058/_work/paste_DVZd0QXgeoM__20260815T131852Z/head.mp4	562397	7.10
/c/ClippersHQ_renders/outputs_paste_20260815_151058/_work/paste_DVZd0QXgeoM__20260815T131852Z/instagram/levelgonn/3844234891273300492_69011852061.mp4	562397	7.10
/c/ClippersHQ_renders/outputs_paste_20260815_151058/_work/paste_DVpUY5dk8Sv__20260815T133715Z/head.mp4	451465	10.33
/c/ClippersHQ_renders/outputs_paste_20260815_151058/_work/paste_DVpUY5dk8Sv__20260815T133715Z/instagram/memeclips.ig/3848697028461970607_1536781760.mp4	451465	10.33
/c/ClippersHQ_renders/outputs_paste_20260815_151058/_work/paste_DVpUY5dk8Sv__20260815T133715Z/instagram/memeclips.ig/final/white_frame/3848697028461970607_1536781760.mp4	946568	10.33
/c/ClippersHQ_renders/outputs_paste_20260815_151058/_work/paste_DXKVUf5j68S__20260815T134611Z/head.mp4	1758402	12.08
/c/ClippersHQ_renders/outputs_paste_20260815_151058/_work/paste_DXKVUf5j68S__20260815T134611Z/instagram/elev8now_/3876004196923715346_60902457064.mp4	1758402	12.08
/c/ClippersHQ_renders/outputs_paste_20260815_151058/_work/paste_DXKVUf5j68S__20260815T134611Z/instagram/elev8now_/final/white_frame/3876004196923715346_60902457064.mp4	2692853	12.07
/c/ClippersHQ_renders/outputs_paste_20260815_151058/_work/paste_DXVM_GckzZB__20260815T132743Z/head.mp4	424948	6.07
/c/ClippersHQ_renders/outputs_paste_20260815_151058/_work/paste_DXVM_GckzZB__20260815T132743Z/instagram/pov.central.us/3879063766856578625_77501263782.mp4	424948	6.07
/c/ClippersHQ_renders/outputs_paste_20260815_151058/_work/paste_DXedd-VAvqH__20260815T134506Z/head.mp4	1329572	15.10
/c/ClippersHQ_renders/outputs_paste_20260815_151058/_work/paste_DXedd-VAvqH__20260815T134506Z/instagram/notsoserious_memes/3881669531978103431_78457595357.mp4	1329572	15.10
/c/ClippersHQ_renders/outputs_paste_20260815_151058/_work/paste_DXedd-VAvqH__20260815T134506Z/instagram/notsoserious_memes/final/white_frame/3881669531978103431_78457595357.mp4	2566086	15.10
/c/ClippersHQ_renders/outputs_paste_20260815_151058/_work/paste_DXerM2ZgLQY__20260815T134347Z/head.mp4	1120042	11.03
/c/ClippersHQ_renders/outputs_paste_20260815_151058/_work/paste_DXerM2ZgLQY__20260815T134347Z/instagram/male/3881729927883568152_9496144743.mp4	1120042	11.03
/c/ClippersHQ_renders/outputs_paste_20260815_151058/_work/paste_DXerM2ZgLQY__20260815T134347Z/instagram/male/final/white_frame/3881729927883568152_9496144743.mp4	2462410	11.03
/c/ClippersHQ_renders/outputs_paste_20260815_151058/_work/paste_DYJgUuAhPQ6__20260815T134541Z/head.mp4	1373197	20.10
/c/ClippersHQ_renders/outputs_paste_20260815_151058/_work/paste_DYJgUuAhPQ6__20260815T134541Z/instagram/_the_black_human/3893785514117231674_51290443691.mp4	4097200	59.93
/c/ClippersHQ_renders/outputs_paste_20260815_151058/_work/paste_DYJgUuAhPQ6__20260815T134541Z/instagram/_the_black_human/final/white_frame/3893785514117231674_51290443691.mp4	2281838	19.97
/c/ClippersHQ_renders/outputs_paste_20260815_151058/_work/paste_DYcuDT1Bgls__20260815T132801Z/head.mp4	1193750	14.91
/c/ClippersHQ_renders/outputs_paste_20260815_151058/_work/paste_DYcuDT1Bgls__20260815T132801Z/instagram/wasted/3899193914984630636_1415356583.mp4	1193750	14.91
/c/ClippersHQ_renders/outputs_paste_20260815_151058/_work/paste_DYcuDT1Bgls__20260815T132801Z/instagram/wasted/final/white_frame/3899193914984630636_1415356583.mp4	2676600	14.90
/c/ClippersHQ_renders/outputs_paste_20260815_151058/_work/paste_DYhMUZLNPzq__20260815T132510Z/head.mp4	1658942	19.83
/c/ClippersHQ_renders/outputs_paste_20260815_151058/_work/paste_DYhMUZLNPzq__20260815T132510Z/instagram/algorithm_gone_wild/3900452930258795754_75576032144.mp4	1658942	19.83
/c/ClippersHQ_renders/outputs_paste_20260815_151058/_work/paste_DYhMUZLNPzq__20260815T132510Z/instagram/algorithm_gone_wild/final/white_frame/3900452930258795754_75576032144.mp4	4516737	19.80
/c/ClippersHQ_renders/outputs_paste_20260815_151058/_work/paste_DYm7dqEzYRu__20260815T132617Z/head.mp4	1173169	10.05
/c/ClippersHQ_renders/outputs_paste_20260815_151058/_work/paste_DYm7dqEzYRu__20260815T132617Z/instagram/skye.drive/3902067649949828206_15648201902.mp4	1173169	10.05
/c/ClippersHQ_renders/outputs_paste_20260815_151058/_work/paste_DYoy1QVy_bb__20260815T132559Z/head.mp4	653276	7.43
/c/ClippersHQ_renders/outputs_paste_20260815_151058/_work/paste_DYoy1QVy_bb__20260815T132559Z/instagram/yolocameraguy/3902592639119914715_77735958509.mp4	653276	7.43
/c/ClippersHQ_renders/outputs_paste_20260815_151058/_work/paste_DZJEQCpzXZ___20260815T134415Z/head.mp4	1648166	20.04
/c/ClippersHQ_renders/outputs_paste_20260815_151058/_work/paste_DZJEQCpzXZ___20260815T134415Z/instagram/filmofied/3911676445894473343_73173570400.mp4	2209167	27.63
/c/ClippersHQ_renders/outputs_paste_20260815_151058/_work/paste_DZJEQCpzXZ___20260815T134415Z/instagram/filmofied/final/white_frame/3911676445894473343_73173570400.mp4	4868715	19.97
/c/ClippersHQ_renders/outputs_paste_20260815_151058/_work/paste_DZKm3vZSXuE__20260815T134030Z/head.mp4	951379	14.14
/c/ClippersHQ_renders/outputs_paste_20260815_151058/_work/paste_DZKm3vZSXuE__20260815T134030Z/instagram/memes_of_nao/3912110182553451396_80683889041.mp4	951379	14.14
/c/ClippersHQ_renders/outputs_paste_20260815_151058/_work/paste_DZNYsVOiZDu__20260815T133548Z/head.mp4	1247093	12.00
/c/ClippersHQ_renders/outputs_paste_20260815_151058/_work/paste_DZNYsVOiZDu__20260815T133548Z/instagram/edm_giraffe/3912892250820546798_79975011164.mp4	1247093	12.00
/c/ClippersHQ_renders/outputs_paste_20260815_151058/_work/paste_DZNYsVOiZDu__20260815T133548Z/instagram/edm_giraffe/final/white_frame/3912892250820546798_79975011164.mp4	4080357	12.00
/c/ClippersHQ_renders/outputs_paste_20260815_151058/_work/paste_DZP4JNrpwtg__20260815T133309Z/head.mp4	1563420	10.84
/c/ClippersHQ_renders/outputs_paste_20260815_151058/_work/paste_DZP4JNrpwtg__20260815T133309Z/instagram/victus._.n/3913593524979174240_73365361054.mp4	1563420	10.84
/c/ClippersHQ_renders/outputs_paste_20260815_151058/_work/paste_DZP4JNrpwtg__20260815T133309Z/instagram/victus._.n/final/white_frame/3913593524979174240_73365361054.mp4	2956322	10.80
/c/ClippersHQ_renders/outputs_paste_20260815_151058/_work/paste_DZjbVmjBVsg__20260815T132311Z/head.mp4	582748	12.14
/c/ClippersHQ_renders/outputs_paste_20260815_151058/_work/paste_DZjbVmjBVsg__20260815T132311Z/instagram/mcu_universe__/3919096332497017632_77696944588.mp4	582748	12.14
/c/ClippersHQ_renders/outputs_paste_20260815_151058/_work/paste_DZjbVmjBVsg__20260815T132311Z/instagram/mcu_universe__/final/white_frame/3919096332497017632_77696944588.mp4	1471491	12.13
/c/ClippersHQ_renders/outputs_paste_20260815_151058/_work/paste_DZvWgGWRPNQ__20260815T132115Z/head.mp4	1232875	15.68
/c/ClippersHQ_renders/outputs_paste_20260815_151058/_work/paste_DZvWgGWRPNQ__20260815T132115Z/instagram/intoxication/3922452763325559632_66131518611.mp4	1232875	15.68
/c/ClippersHQ_renders/outputs_paste_20260815_151058/_work/paste_DZvWgGWRPNQ__20260815T132115Z/instagram/intoxication/final/white_frame/3922452763325559632_66131518611.mp4	4017128	15.68
/c/ClippersHQ_renders/outputs_paste_20260815_151058/_work/paste_Da0f8tUsz5-__20260815T133942Z/head.mp4	317228	7.66
/c/ClippersHQ_renders/outputs_paste_20260815_151058/_work/paste_Da0f8tUsz5-__20260815T133942Z/instagram/roughandbrutal/3941916085132148350_69080892544.mp4	317228	7.66
/c/ClippersHQ_renders/outputs_paste_20260815_151058/_work/paste_DaDlsPVBo_D__20260815T132847Z/head.mp4	639125	8.06
/c/ClippersHQ_renders/outputs_paste_20260815_151058/_work/paste_DaDlsPVBo_D__20260815T132847Z/instagram/meme.froth/3928149067833970627_72303137803.mp4	639125	8.06
/c/ClippersHQ_renders/outputs_paste_20260815_151058/_work/paste_DaDlsPVBo_D__20260815T132847Z/instagram/meme.froth/final/white_frame/3928149067833970627_72303137803.mp4	1513769	8.03
/c/ClippersHQ_renders/outputs_paste_20260815_151058/_work/paste_DaKb0i0NHQX__20260815T133959Z/head.mp4	1114103	16.83
/c/ClippersHQ_renders/outputs_paste_20260815_151058/_work/paste_DaKb0i0NHQX__20260815T133959Z/instagram/screenjunkiebe/3930075982885843991_31503501582.mp4	1114103	16.83
/c/ClippersHQ_renders/outputs_paste_20260815_151058/_work/paste_DaKb0i0NHQX__20260815T133959Z/instagram/screenjunkiebe/final/white_frame/3930075982885843991_31503501582.mp4	2952709	16.83
/c/ClippersHQ_renders/outputs_paste_20260815_151058/_work/paste_DaX7F2yNtNo__20260815T131339Z/head.mp4	1222411	14.12
/c/ClippersHQ_renders/outputs_paste_20260815_151058/_work/paste_DaX7F2yNtNo__20260815T131339Z/instagram/themoviesthetic.in/3933872686697468776_35684201922.mp4	1222411	14.12
/c/ClippersHQ_renders/outputs_paste_20260815_151058/_work/paste_Da_-fsPSGNt__20260815T134048Z/head.mp4	2640733	20.02
/c/ClippersHQ_renders/outputs_paste_20260815_151058/_work/paste_Da_-fsPSGNt__20260815T134048Z/instagram/_noctis21/3945146655288353645_49351451656.mp4	7368768	53.15
/c/ClippersHQ_renders/outputs_paste_20260815_151058/_work/paste_Da_-fsPSGNt__20260815T134048Z/instagram/_noctis21/final/white_frame/3945146655288353645_49351451656.mp4	6381632	19.97
/c/ClippersHQ_renders/outputs_paste_20260815_151058/_work/paste_Daa9DFBP4Cx__20260815T133440Z/head.mp4	2017974	20.02
/c/ClippersHQ_renders/outputs_paste_20260815_151058/_work/paste_Daa9DFBP4Cx__20260815T133440Z/instagram/silent_chaosxcinema_24hrs/3934725716846805169_77324263534.mp4	4551620	43.98
/c/ClippersHQ_renders/outputs_paste_20260815_151058/_work/paste_Daa9DFBP4Cx__20260815T133440Z/instagram/silent_chaosxcinema_24hrs/final/white_frame/3934725716846805169_77324263534.mp4	5797157	19.97
/c/ClippersHQ_renders/outputs_paste_20260815_151058/_work/paste_DagS5tCBmJ-__20260815T131549Z/head.mp4	708044	10.54
/c/ClippersHQ_renders/outputs_paste_20260815_151058/_work/paste_DagS5tCBmJ-__20260815T131549Z/instagram/wasted/3936229204521542270_1415356583.mp4	708044	10.54
/c/ClippersHQ_renders/outputs_paste_20260815_151058/_work/paste_DagS5tCBmJ-__20260815T131549Z/instagram/wasted/final/white_frame/3936229204521542270_1415356583.mp4	1716930	10.53
/c/ClippersHQ_renders/outputs_paste_20260815_151058/_work/paste_DalajbzSjXS__20260815T132951Z/head.mp4	2091452	20.10
/c/ClippersHQ_renders/outputs_paste_20260815_151058/_work/paste_DalajbzSjXS__20260815T132951Z/instagram/acliips/3937670233447871954_72201355197.mp4	5842472	62.90
/c/ClippersHQ_renders/outputs_paste_20260815_151058/_work/paste_DalajbzSjXS__20260815T132951Z/instagram/acliips/final/white_frame/3937670233447871954_72201355197.mp4	3011611	19.97
/c/ClippersHQ_renders/outputs_paste_20260815_151058/_work/paste_DamVhyqk4rN__20260815T132232Z/head.mp4	853596	8.90
/c/ClippersHQ_renders/outputs_paste_20260815_151058/_work/paste_DamVhyqk4rN__20260815T132232Z/instagram/randomshi415/3937929605302946509_44143456950.mp4	853596	8.90
/c/ClippersHQ_renders/outputs_paste_20260815_151058/_work/paste_DamVhyqk4rN__20260815T132232Z/instagram/randomshi415/final/white_frame/3937929605302946509_44143456950.mp4	1409175	8.90
/c/ClippersHQ_renders/outputs_paste_20260815_151058/_work/paste_Db04yk8sqjf__20260815T133240Z/head.mp4	924624	6.04
/c/ClippersHQ_renders/outputs_paste_20260815_151058/_work/paste_Db04yk8sqjf__20260815T133240Z/instagram/clippingforearning/3960039738617014495_36266000290.mp4	924624	6.04
/c/ClippersHQ_renders/outputs_paste_20260815_151058/_work/paste_Db4x6LksRH0__20260815T134300Z/head.mp4	1761719	10.80
/c/ClippersHQ_renders/outputs_paste_20260815_151058/_work/paste_Db4x6LksRH0__20260815T134300Z/instagram/nazriddinov.ae/3961135374707790324_76810475773.mp4	1761719	10.80
/c/ClippersHQ_renders/outputs_paste_20260815_151058/_work/paste_Db4x6LksRH0__20260815T134300Z/instagram/nazriddinov.ae/final/white_frame/3961135374707790324_76810475773.mp4	2544195	10.73
/c/ClippersHQ_renders/outputs_paste_20260815_151058/_work/paste_DbDTFN1prH4__20260815T132632Z/head.mp4	431442	9.10
/c/ClippersHQ_renders/outputs_paste_20260815_151058/_work/paste_DbDTFN1prH4__20260815T132632Z/instagram/drishya.j_2007/3946081619846541816_44089529235.mp4	431442	9.10
/c/ClippersHQ_renders/outputs_paste_20260815_151058/_work/paste_DbDTFN1prH4__20260815T132632Z/instagram/drishya.j_2007/final/white_frame/3946081619846541816_44089529235.mp4	990932	9.00
/c/ClippersHQ_renders/outputs_paste_20260815_151058/_work/paste_DbHm1n9MuM8__20260815T132921Z/head.mp4	388436	8.01
/c/ClippersHQ_renders/outputs_paste_20260815_151058/_work/paste_DbHm1n9MuM8__20260815T132921Z/instagram/wasted/3947294409215894332_1415356583.mp4	388436	8.01
/c/ClippersHQ_renders/outputs_paste_20260815_151058/_work/paste_DbHm1n9MuM8__20260815T132921Z/instagram/wasted/final/white_frame/3947294409215894332_1415356583.mp4	698824	8.00
/c/ClippersHQ_renders/outputs_paste_20260815_151058/_work/paste_DbMLBm3TCTg__20260815T131927Z/head.mp4	725652	8.23
/c/ClippersHQ_renders/outputs_paste_20260815_151058/_work/paste_DbMLBm3TCTg__20260815T131927Z/instagram/intoxication/3948579462258107616_66131518611.mp4	725652	8.23
/c/ClippersHQ_renders/outputs_paste_20260815_151058/_work/paste_DbMLBm3TCTg__20260815T131927Z/instagram/intoxication/final/white_frame/3948579462258107616_66131518611.mp4	1616240	8.17
/c/ClippersHQ_renders/outputs_paste_20260815_151058/_work/paste_DbVVbLriLcH__20260815T132025Z/head.mp4	564637	9.59
/c/ClippersHQ_renders/outputs_paste_20260815_151058/_work/paste_DbVVbLriLcH__20260815T132025Z/instagram/bixhslayer_/3951158475031623431_46493821404.mp4	564637	9.59
/c/ClippersHQ_renders/outputs_paste_20260815_151058/_work/paste_DbVVbLriLcH__20260815T132025Z/instagram/bixhslayer_/final/white_frame/3951158475031623431_46493821404.mp4	1163919	9.50
/c/ClippersHQ_renders/outputs_paste_20260815_151058/_work/paste_DbYO4D0RxCH__20260815T133035Z/head.mp4	1145109	8.89
/c/ClippersHQ_renders/outputs_paste_20260815_151058/_work/paste_DbYO4D0RxCH__20260815T133035Z/instagram/aerialstrike._/3951974098057760903_29095535109.mp4	1145109	8.89
/c/ClippersHQ_renders/outputs_paste_20260815_151058/_work/paste_DbYO4D0RxCH__20260815T133035Z/instagram/aerialstrike._/final/white_frame/3951974098057760903_29095535109.mp4	3008663	8.87
/c/ClippersHQ_renders/outputs_paste_20260815_151058/_work/paste_Db_FHn7BdWy__20260815T133740Z/head.mp4	606559	6.50
/c/ClippersHQ_renders/outputs_paste_20260815_151058/_work/paste_Db_FHn7BdWy__20260815T133740Z/instagram/wasted/3962908711244387762_1415356583.mp4	606559	6.50
/c/ClippersHQ_renders/outputs_paste_20260815_151058/_work/paste_Db_YpI6hz5t__20260815T134328Z/head.mp4	4025107	20.02
/c/ClippersHQ_renders/outputs_paste_20260815_151058/_work/paste_Db_YpI6hz5t__20260815T134328Z/instagram/narobi_99k/3962994577296014957_68969290342.mp4	4205570	21.39
/c/ClippersHQ_renders/outputs_paste_20260815_151058/_work/paste_DbbAlNJtOsm__20260815T134638Z/head.mp4	1346169	12.87
/c/ClippersHQ_renders/outputs_paste_20260815_151058/_work/paste_DbbAlNJtOsm__20260815T134638Z/instagram/faked_humor/3952755654689876774_9320637989.mp4	1346169	12.87
/c/ClippersHQ_renders/outputs_paste_20260815_151058/_work/paste_DbbAlNJtOsm__20260815T134638Z/instagram/faked_humor/final/white_frame/3952755654689876774_9320637989.mp4	4782376	12.87
/c/ClippersHQ_renders/outputs_paste_20260815_151058/_work/paste_DblWOFBox54__20260815T132703Z/head.mp4	692609	10.63
/c/ClippersHQ_renders/outputs_paste_20260815_151058/_work/paste_DblWOFBox54__20260815T132703Z/instagram/mindless__reels/3955665572206943864_76868878766.mp4	692609	10.63
/c/ClippersHQ_renders/outputs_paste_20260815_151058/_work/paste_DblWOFBox54__20260815T132703Z/instagram/mindless__reels/final/white_frame/3955665572206943864_76868878766.mp4	1727958	10.63
/c/ClippersHQ_renders/outputs_paste_20260815_151058/_work/paste_DboLbB2y49Y__20260815T133353Z/head.mp4	998208	14.10
/c/ClippersHQ_renders/outputs_paste_20260815_151058/_work/paste_DboLbB2y49Y__20260815T133353Z/instagram/watchcinemorax/3956462508575526744_47819958687.mp4	998208	14.10
/c/ClippersHQ_renders/outputs_paste_20260815_151058/_work/paste_DboLbB2y49Y__20260815T133353Z/instagram/watchcinemorax/final/white_frame/3956462508575526744_47819958687.mp4	2066373	14.03
/c/ClippersHQ_renders/outputs_paste_20260815_151058/_work/paste_Dbov5RiEbHP__20260815T131152Z/head.mp4	1694963	13.03
/c/ClippersHQ_renders/outputs_paste_20260815_151058/_work/paste_Dbov5RiEbHP__20260815T131152Z/instagram/moviemoments/3956622916666372559_215261306.mp4	1694963	13.03
/c/ClippersHQ_renders/outputs_paste_20260815_151058/_work/paste_Dbov5RiEbHP__20260815T131152Z/instagram/moviemoments/final/white_frame/3956622916666372559_215261306.mp4	4805580	13.03
/c/ClippersHQ_renders/outputs_paste_20260815_151058/_work/paste_DbtMMh2v0yJ__20260815T133632Z/head.mp4	1594027	14.83
/c/ClippersHQ_renders/outputs_paste_20260815_151058/_work/paste_DbtMMh2v0yJ__20260815T133632Z/instagram/thathistoryguymemes/3957873285072374921_40664239372.mp4	1594027	14.83
/c/ClippersHQ_renders/outputs_paste_20260815_151058/_work/paste_DbtMMh2v0yJ__20260815T133632Z/instagram/thathistoryguymemes/final/white_frame/3957873285072374921_40664239372.mp4	4640541	14.83
/c/ClippersHQ_renders/outputs_paste_20260815_151058/_work/paste_Dbv-dLFPyrT__20260815T131713Z/head.mp4	2095865	17.45
/c/ClippersHQ_renders/outputs_paste_20260815_151058/_work/paste_Dbv-dLFPyrT__20260815T131713Z/instagram/intoxication/3958657281129654995_66131518611.mp4	2095865	17.45
/c/ClippersHQ_renders/outputs_paste_20260815_151058/_work/paste_Dbv-dLFPyrT__20260815T131713Z/instagram/intoxication/final/white_frame/3958657281129654995_66131518611.mp4	5403976	17.40
/c/ClippersHQ_renders/outputs_paste_20260815_151058/_work/paste_DbzJDaxsBPN__20260815T133117Z/head.mp4	2334756	20.02
/c/ClippersHQ_renders/outputs_paste_20260815_151058/_work/paste_DbzJDaxsBPN__20260815T133117Z/instagram/nazriddinov.ae/3959548314716738509_76810475773.mp4	2649347	22.96
/c/ClippersHQ_renders/outputs_paste_20260815_151058/_work/paste_DbzJDaxsBPN__20260815T133117Z/instagram/nazriddinov.ae/final/white_frame/3959548314716738509_76810475773.mp4	8733451	19.97
/c/ClippersHQ_renders/outputs_paste_20260815_151058/_work/paste_DcBHVL2xZFX__20260815T131423Z/head.mp4	771660	8.99
/c/ClippersHQ_renders/outputs_paste_20260815_151058/_work/paste_DcBHVL2xZFX__20260815T131423Z/instagram/nishsturr/3963481389227413847_52163975644.mp4	771660	8.99
/c/ClippersHQ_renders/outputs_paste_20260815_151058/_work/paste_DcBHVL2xZFX__20260815T131423Z/instagram/nishsturr/final/white_frame/3963481389227413847_52163975644.mp4	2307418	8.97
/c/ClippersHQ_renders/outputs_paste_20260815_151058/_work/paste_DcCiRUtByYU__20260815T133806Z/head.mp4	2314078	20.02
/c/ClippersHQ_renders/outputs_paste_20260815_151058/_work/paste_DcCiRUtByYU__20260815T133806Z/instagram/getintoai/3963881346082219540_61447067171.mp4	7961568	60.02
/c/ClippersHQ_renders/outputs_paste_20260815_151058/_work/paste_DcCiRUtByYU__20260815T133806Z/instagram/getintoai/final/white_frame/3963881346082219540_61447067171.mp4	5463047	19.97
/c/ClippersHQ_renders/outputs_paste_20260815_151058/_work/paste_DcDH9dyzeTA__20260815T131105Z/head.mp4	1379665	20.02
/c/ClippersHQ_renders/outputs_paste_20260815_151058/_work/paste_DcDH9dyzeTA__20260815T131105Z/instagram/marveladdicts.in/3964047107220694208_57031281862.mp4	2105800	33.27
/c/ClippersHQ_renders/outputs_paste_20260815_bl1286/_work/paste_DVBrfxzEvtr__20260815T163456Z/head.mp4	1623963	18.88
/c/ClippersHQ_renders/outputs_paste_20260815_bl1286/_work/paste_DVBrfxzEvtr__20260815T163456Z/instagram/alttabmemelab/3837539657270360939_75300620967.mp4	1623963	18.88
/c/ClippersHQ_renders/outputs_paste_20260815_bl1286/_work/paste_DVBrfxzEvtr__20260815T163456Z/instagram/alttabmemelab/final/white_frame/3837539657270360939_75300620967.mp4	2769837	18.87
/c/ClippersHQ_renders/outputs_paste_20260815_bl1286/_work/paste_DVIoT7UguGk__20260815T162256Z/head.mp4	1072531	10.94
/c/ClippersHQ_renders/outputs_paste_20260815_bl1286/_work/paste_DVIoT7UguGk__20260815T162256Z/instagram/clips/3839495973558739364_810675847.mp4	1072531	10.94
/c/ClippersHQ_renders/outputs_paste_20260815_bl1286/_work/paste_DVIoT7UguGk__20260815T162256Z/instagram/clips/final/white_frame/3839495973558739364_810675847.mp4	2404371	10.93
/c/ClippersHQ_renders/outputs_paste_20260815_bl1286/_work/paste_DVUjllKjeFp__20260815T162327Z/head.mp4	1057902	8.06
/c/ClippersHQ_renders/outputs_paste_20260815_bl1286/_work/paste_DVUjllKjeFp__20260815T162327Z/instagram/men/3842852896207921513_3959377667.mp4	1057902	8.06
/c/ClippersHQ_renders/outputs_paste_20260815_bl1286/_work/paste_DVUjllKjeFp__20260815T162327Z/instagram/men/final/white_frame/3842852896207921513_3959377667.mp4	1887310	8.03
/c/ClippersHQ_renders/outputs_paste_20260815_bl1286/_work/paste_DVZd0QXgeoM__20260815T162031Z/head.mp4	562397	7.10
/c/ClippersHQ_renders/outputs_paste_20260815_bl1286/_work/paste_DVZd0QXgeoM__20260815T162031Z/instagram/levelgonn/3844234891273300492_69011852061.mp4	562397	7.10
/c/ClippersHQ_renders/outputs_paste_20260815_bl1286/_work/paste_DVpUY5dk8Sv__20260815T163140Z/head.mp4	609441	10.32
/c/ClippersHQ_renders/outputs_paste_20260815_bl1286/_work/paste_DVpUY5dk8Sv__20260815T163140Z/instagram/memeclips.ig/3848697028461970607_1536781760.mp4	609441	10.32
/c/ClippersHQ_renders/outputs_paste_20260815_bl1286/_work/paste_DVpUY5dk8Sv__20260815T163140Z/instagram/memeclips.ig/final/white_frame/3848697028461970607_1536781760.mp4	1075369	10.32
/c/ClippersHQ_renders/outputs_paste_20260815_bl1286/_work/paste_DXKVUf5j68S__20260815T163837Z/head.mp4	2060933	12.07
/c/ClippersHQ_renders/outputs_paste_20260815_bl1286/_work/paste_DXKVUf5j68S__20260815T163837Z/instagram/elev8now_/3876004196923715346_60902457064.mp4	2060933	12.07
/c/ClippersHQ_renders/outputs_paste_20260815_bl1286/_work/paste_DXKVUf5j68S__20260815T163837Z/instagram/elev8now_/final/white_frame/3876004196923715346_60902457064.mp4	4823699	12.07
/c/ClippersHQ_renders/outputs_paste_20260815_bl1286/_work/paste_DXVM_GckzZB__20260815T162540Z/head.mp4	342465	6.07
/c/ClippersHQ_renders/outputs_paste_20260815_bl1286/_work/paste_DXVM_GckzZB__20260815T162540Z/instagram/pov.central.us/3879063766856578625_77501263782.mp4	342465	6.07
/c/ClippersHQ_renders/outputs_paste_20260815_bl1286/_work/paste_DXedd-VAvqH__20260815T163726Z/head.mp4	1844712	15.10
/c/ClippersHQ_renders/outputs_paste_20260815_bl1286/_work/paste_DXedd-VAvqH__20260815T163726Z/instagram/notsoserious_memes/3881669531978103431_78457595357.mp4	1844712	15.10
/c/ClippersHQ_renders/outputs_paste_20260815_bl1286/_work/paste_DXedd-VAvqH__20260815T163726Z/instagram/notsoserious_memes/final/white_frame/3881669531978103431_78457595357.mp4	4684995	15.10
/c/ClippersHQ_renders/outputs_paste_20260815_bl1286/_work/paste_DXerM2ZgLQY__20260815T163557Z/head.mp4	1472520	11.03
/c/ClippersHQ_renders/outputs_paste_20260815_bl1286/_work/paste_DXerM2ZgLQY__20260815T163557Z/instagram/male/3881729927883568152_9496144743.mp4	1472520	11.03
/c/ClippersHQ_renders/outputs_paste_20260815_bl1286/_work/paste_DXerM2ZgLQY__20260815T163557Z/instagram/male/final/white_frame/3881729927883568152_9496144743.mp4	4570418	11.03
/c/ClippersHQ_renders/outputs_paste_20260815_bl1286/_work/paste_DYJgUuAhPQ6__20260815T163803Z/head.mp4	1275620	20.02
/c/ClippersHQ_renders/outputs_paste_20260815_bl1286/_work/paste_DYJgUuAhPQ6__20260815T163803Z/instagram/_the_black_human/3893785514117231674_51290443691.mp4	3907393	59.93
/c/ClippersHQ_renders/outputs_paste_20260815_bl1286/_work/paste_DYJgUuAhPQ6__20260815T163803Z/instagram/_the_black_human/final/white_frame/3893785514117231674_51290443691.mp4	2624632	19.97
/c/ClippersHQ_renders/outputs_paste_20260815_bl1286/_work/paste_DYcuDT1Bgls__20260815T162554Z/head.mp4	926075	14.91
/c/ClippersHQ_renders/outputs_paste_20260815_bl1286/_work/paste_DYcuDT1Bgls__20260815T162554Z/instagram/wasted/3899193914984630636_1415356583.mp4	926075	14.91
/c/ClippersHQ_renders/outputs_paste_20260815_bl1286/_work/paste_DYcuDT1Bgls__20260815T162554Z/instagram/wasted/final/white_frame/3899193914984630636_1415356583.mp4	1527233	14.90
/c/ClippersHQ_renders/outputs_paste_20260815_bl1286/_work/paste_DYhMUZLNPzq__20260815T162347Z/head.mp4	1509116	19.83
/c/ClippersHQ_renders/outputs_paste_20260815_bl1286/_work/paste_DYhMUZLNPzq__20260815T162347Z/instagram/algorithm_gone_wild/3900452930258795754_75576032144.mp4	1509116	19.83
/c/ClippersHQ_renders/outputs_paste_20260815_bl1286/_work/paste_DYhMUZLNPzq__20260815T162347Z/instagram/algorithm_gone_wild/final/white_frame/3900452930258795754_75576032144.mp4	2806991	19.80
/c/ClippersHQ_renders/outputs_paste_20260815_bl1286/_work/paste_DYm7dqEzYRu__20260815T162434Z/head.mp4	1026634	10.05
/c/ClippersHQ_renders/outputs_paste_20260815_bl1286/_work/paste_DYm7dqEzYRu__20260815T162434Z/instagram/skye.drive/3902067649949828206_15648201902.mp4	1026634	10.05
/c/ClippersHQ_renders/outputs_paste_20260815_bl1286/_work/paste_DYoy1QVy_bb__20260815T162417Z/head.mp4	874197	7.43
/c/ClippersHQ_renders/outputs_paste_20260815_bl1286/_work/paste_DYoy1QVy_bb__20260815T162417Z/instagram/yolocameraguy/3902592639119914715_77735958509.mp4	874197	7.43
/c/ClippersHQ_renders/outputs_paste_20260815_bl1286/_work/paste_DZJEQCpzXZ___20260815T163631Z/head.mp4	1600251	20.02
/c/ClippersHQ_renders/outputs_paste_20260815_bl1286/_work/paste_DZJEQCpzXZ___20260815T163631Z/instagram/filmofied/3911676445894473343_73173570400.mp4	2146699	27.63
/c/ClippersHQ_renders/outputs_paste_20260815_bl1286/_work/paste_DZJEQCpzXZ___20260815T163631Z/instagram/filmofied/final/white_frame/3911676445894473343_73173570400.mp4	4663645	19.97
/c/ClippersHQ_renders/outputs_paste_20260815_bl1286/_work/paste_DZKm3vZSXuE__20260815T163359Z/head.mp4	1784755	14.14
/c/ClippersHQ_renders/outputs_paste_20260815_bl1286/_work/paste_DZKm3vZSXuE__20260815T163359Z/instagram/memes_of_nao/3912110182553451396_80683889041.mp4	1784755	14.14
/c/ClippersHQ_renders/outputs_paste_20260815_bl1286/_work/paste_DZNYsVOiZDu__20260815T163049Z/head.mp4	1396587	12.03
/c/ClippersHQ_renders/outputs_paste_20260815_bl1286/_work/paste_DZNYsVOiZDu__20260815T163049Z/instagram/edm_giraffe/3912892250820546798_79975011164.mp4	1396587	12.03
/c/ClippersHQ_renders/outputs_paste_20260815_bl1286/_work/paste_DZNYsVOiZDu__20260815T163049Z/instagram/edm_giraffe/final/white_frame/3912892250820546798_79975011164.mp4	2484444	12.03
/c/ClippersHQ_renders/outputs_paste_20260815_bl1286/_work/paste_DZP4JNrpwtg__20260815T162906Z/head.mp4	1563420	10.84
/c/ClippersHQ_renders/outputs_paste_20260815_bl1286/_work/paste_DZP4JNrpwtg__20260815T162906Z/instagram/victus._.n/3913593524979174240_73365361054.mp4	1563420	10.84
/c/ClippersHQ_renders/outputs_paste_20260815_bl1286/_work/paste_DZP4JNrpwtg__20260815T162906Z/instagram/victus._.n/final/white_frame/3913593524979174240_73365361054.mp4	2953362	10.80
/c/ClippersHQ_renders/outputs_paste_20260815_bl1286/_work/paste_DZjbVmjBVsg__20260815T162227Z/head.mp4	901415	12.14
/c/ClippersHQ_renders/outputs_paste_20260815_bl1286/_work/paste_DZjbVmjBVsg__20260815T162227Z/instagram/mcu_universe__/3919096332497017632_77696944588.mp4	901415	12.14
/c/ClippersHQ_renders/outputs_paste_20260815_bl1286/_work/paste_DZjbVmjBVsg__20260815T162227Z/instagram/mcu_universe__/final/white_frame/3919096332497017632_77696944588.mp4	2332945	12.13
/c/ClippersHQ_renders/outputs_paste_20260815_bl1286/_work/paste_DZvWgGWRPNQ__20260815T162139Z/head.mp4	1147139	15.68
/c/ClippersHQ_renders/outputs_paste_20260815_bl1286/_work/paste_DZvWgGWRPNQ__20260815T162139Z/instagram/intoxication/3922452763325559632_66131518611.mp4	1147139	15.68
/c/ClippersHQ_renders/outputs_paste_20260815_bl1286/_work/paste_DZvWgGWRPNQ__20260815T162139Z/instagram/intoxication/final/white_frame/3922452763325559632_66131518611.mp4	2324960	15.68
/c/ClippersHQ_renders/outputs_paste_20260815_bl1286/_work/paste_Da0f8tUsz5-__20260815T163311Z/head.mp4	293320	7.66
/c/ClippersHQ_renders/outputs_paste_20260815_bl1286/_work/paste_Da0f8tUsz5-__20260815T163311Z/instagram/roughandbrutal/3941916085132148350_69080892544.mp4	293320	7.66
/c/ClippersHQ_renders/outputs_paste_20260815_bl1286/_work/paste_DaDlsPVBo_D__20260815T162619Z/head.mp4	563184	8.06
/c/ClippersHQ_renders/outputs_paste_20260815_bl1286/_work/paste_DaDlsPVBo_D__20260815T162619Z/instagram/meme.froth/3928149067833970627_72303137803.mp4	563184	8.06
/c/ClippersHQ_renders/outputs_paste_20260815_bl1286/_work/paste_DaDlsPVBo_D__20260815T162619Z/instagram/meme.froth/final/white_frame/3928149067833970627_72303137803.mp4	1563241	8.03
/c/ClippersHQ_renders/outputs_paste_20260815_bl1286/_work/paste_DaKb0i0NHQX__20260815T163325Z/head.mp4	1518695	16.83
/c/ClippersHQ_renders/outputs_paste_20260815_bl1286/_work/paste_DaKb0i0NHQX__20260815T163325Z/instagram/screenjunkiebe/3930075982885843991_31503501582.mp4	1518695	16.83
/c/ClippersHQ_renders/outputs_paste_20260815_bl1286/_work/paste_DaKb0i0NHQX__20260815T163325Z/instagram/screenjunkiebe/final/white_frame/3930075982885843991_31503501582.mp4	5003031	16.83
/c/ClippersHQ_renders/outputs_paste_20260815_bl1286/_work/paste_DaX7F2yNtNo__20260815T161843Z/head.mp4	1222411	14.12
/c/ClippersHQ_renders/outputs_paste_20260815_bl1286/_work/paste_DaX7F2yNtNo__20260815T161843Z/instagram/themoviesthetic.in/3933872686697468776_35684201922.mp4	1222411	14.12
/c/ClippersHQ_renders/outputs_paste_20260815_bl1286/_work/paste_Da_-fsPSGNt__20260815T163415Z/head.mp4	1419817	20.02
/c/ClippersHQ_renders/outputs_paste_20260815_bl1286/_work/paste_Da_-fsPSGNt__20260815T163415Z/instagram/_noctis21/3945146655288353645_49351451656.mp4	3943157	53.15
/c/ClippersHQ_renders/outputs_paste_20260815_bl1286/_work/paste_Da_-fsPSGNt__20260815T163415Z/instagram/_noctis21/final/white_frame/3945146655288353645_49351451656.mp4	3477589	19.97
/c/ClippersHQ_renders/outputs_paste_20260815_bl1286/_work/paste_Daa9DFBP4Cx__20260815T163005Z/head.mp4	2017974	20.02
/c/ClippersHQ_renders/outputs_paste_20260815_bl1286/_work/paste_Daa9DFBP4Cx__20260815T163005Z/instagram/silent_chaosxcinema_24hrs/3934725716846805169_77324263534.mp4	4551620	43.98
/c/ClippersHQ_renders/outputs_paste_20260815_bl1286/_work/paste_Daa9DFBP4Cx__20260815T163005Z/instagram/silent_chaosxcinema_24hrs/final/white_frame/3934725716846805169_77324263534.mp4	5772953	19.97
/c/ClippersHQ_renders/outputs_paste_20260815_bl1286/_work/paste_DagS5tCBmJ-__20260815T161923Z/head.mp4	687796	10.54
/c/ClippersHQ_renders/outputs_paste_20260815_bl1286/_work/paste_DagS5tCBmJ-__20260815T161923Z/instagram/wasted/3936229204521542270_1415356583.mp4	687796	10.54
/c/ClippersHQ_renders/outputs_paste_20260815_bl1286/_work/paste_DagS5tCBmJ-__20260815T161923Z/instagram/wasted/final/white_frame/3936229204521542270_1415356583.mp4	1841489	10.53
/c/ClippersHQ_renders/outputs_paste_20260815_bl1286/_work/paste_DalajbzSjXS__20260815T162709Z/head.mp4	1603983	20.04
/c/ClippersHQ_renders/outputs_paste_20260815_bl1286/_work/paste_DalajbzSjXS__20260815T162709Z/instagram/acliips/3937670233447871954_72201355197.mp4	4391758	62.90
/c/ClippersHQ_renders/outputs_paste_20260815_bl1286/_work/paste_DalajbzSjXS__20260815T162709Z/instagram/acliips/final/white_frame/3937670233447871954_72201355197.mp4	3296239	19.97
/c/ClippersHQ_renders/outputs_paste_20260815_bl1286/_work/paste_DamVhyqk4rN__20260815T162206Z/head.mp4	665827	8.90
/c/ClippersHQ_renders/outputs_paste_20260815_bl1286/_work/paste_DamVhyqk4rN__20260815T162206Z/instagram/randomshi415/3937929605302946509_44143456950.mp4	665827	8.90
/c/ClippersHQ_renders/outputs_paste_20260815_bl1286/_work/paste_DamVhyqk4rN__20260815T162206Z/instagram/randomshi415/final/white_frame/3937929605302946509_44143456950.mp4	1506184	8.90
/c/ClippersHQ_renders/outputs_paste_20260815_bl1286/_work/paste_Db04yk8sqjf__20260815T162849Z/head.mp4	667287	6.04
/c/ClippersHQ_renders/outputs_paste_20260815_bl1286/_work/paste_Db04yk8sqjf__20260815T162849Z/instagram/clippingforearning/3960039738617014495_36266000290.mp4	667287	6.04
/c/ClippersHQ_renders/outputs_paste_20260815_bl1286/_work/paste_Db4x6LksRH0__20260815T163522Z/head.mp4	1796251	10.80
/c/ClippersHQ_renders/outputs_paste_20260815_bl1286/_work/paste_Db4x6LksRH0__20260815T163522Z/instagram/nazriddinov.ae/3961135374707790324_76810475773.mp4	1796251	10.80
/c/ClippersHQ_renders/outputs_paste_20260815_bl1286/_work/paste_Db4x6LksRH0__20260815T163522Z/instagram/nazriddinov.ae/final/white_frame/3961135374707790324_76810475773.mp4	2550865	10.73
/c/ClippersHQ_renders/outputs_paste_20260815_bl1286/_work/paste_DbDTFN1prH4__20260815T162449Z/head.mp4	568064	9.10
/c/ClippersHQ_renders/outputs_paste_20260815_bl1286/_work/paste_DbDTFN1prH4__20260815T162449Z/instagram/drishya.j_2007/3946081619846541816_44089529235.mp4	568064	9.10
/c/ClippersHQ_renders/outputs_paste_20260815_bl1286/_work/paste_DbDTFN1prH4__20260815T162449Z/instagram/drishya.j_2007/final/white_frame/3946081619846541816_44089529235.mp4	981241	9.00
/c/ClippersHQ_renders/outputs_paste_20260815_bl1286/_work/paste_DbHm1n9MuM8__20260815T162647Z/head.mp4	340081	8.01
/c/ClippersHQ_renders/outputs_paste_20260815_bl1286/_work/paste_DbHm1n9MuM8__20260815T162647Z/instagram/wasted/3947294409215894332_1415356583.mp4	340081	8.01
/c/ClippersHQ_renders/outputs_paste_20260815_bl1286/_work/paste_DbHm1n9MuM8__20260815T162647Z/instagram/wasted/final/white_frame/3947294409215894332_1415356583.mp4	691468	8.00
/c/ClippersHQ_renders/outputs_paste_20260815_bl1286/_work/paste_DbMLBm3TCTg__20260815T162047Z/head.mp4	635356	8.23
/c/ClippersHQ_renders/outputs_paste_20260815_bl1286/_work/paste_DbMLBm3TCTg__20260815T162047Z/instagram/intoxication/3948579462258107616_66131518611.mp4	635356	8.23
/c/ClippersHQ_renders/outputs_paste_20260815_bl1286/_work/paste_DbMLBm3TCTg__20260815T162047Z/instagram/intoxication/final/white_frame/3948579462258107616_66131518611.mp4	1614721	8.17
/c/ClippersHQ_renders/outputs_paste_20260815_bl1286/_work/paste_DbVVbLriLcH__20260815T162116Z/head.mp4	470204	9.59
/c/ClippersHQ_renders/outputs_paste_20260815_bl1286/_work/paste_DbVVbLriLcH__20260815T162116Z/instagram/bixhslayer_/3951158475031623431_46493821404.mp4	470204	9.59
/c/ClippersHQ_renders/outputs_paste_20260815_bl1286/_work/paste_DbVVbLriLcH__20260815T162116Z/instagram/bixhslayer_/final/white_frame/3951158475031623431_46493821404.mp4	1179922	9.50
/c/ClippersHQ_renders/outputs_paste_20260815_bl1286/_work/paste_DbYO4D0RxCH__20260815T162747Z/head.mp4	887221	8.90
/c/ClippersHQ_renders/outputs_paste_20260815_bl1286/_work/paste_DbYO4D0RxCH__20260815T162747Z/instagram/aerialstrike._/3951974098057760903_29095535109.mp4	887221	8.90
/c/ClippersHQ_renders/outputs_paste_20260815_bl1286/_work/paste_DbYO4D0RxCH__20260815T162747Z/instagram/aerialstrike._/final/white_frame/3951974098057760903_29095535109.mp4	1425280	8.87
/c/ClippersHQ_renders/outputs_paste_20260815_bl1286/_work/paste_Db_FHn7BdWy__20260815T163202Z/head.mp4	500121	6.50
/c/ClippersHQ_renders/outputs_paste_20260815_bl1286/_work/paste_Db_FHn7BdWy__20260815T163202Z/instagram/wasted/3962908711244387762_1415356583.mp4	500121	6.50
/c/ClippersHQ_renders/outputs_paste_20260815_bl1286/_work/paste_Db_YpI6hz5t__20260815T163544Z/head.mp4	4328163	20.10
/c/ClippersHQ_renders/outputs_paste_20260815_bl1286/_work/paste_Db_YpI6hz5t__20260815T163544Z/instagram/narobi_99k/3962994577296014957_68969290342.mp4	4513657	21.39
/c/ClippersHQ_renders/outputs_paste_20260815_bl1286/_work/paste_DbbAlNJtOsm__20260815T163911Z/head.mp4	977410	12.87
/c/ClippersHQ_renders/outputs_paste_20260815_bl1286/_work/paste_DbbAlNJtOsm__20260815T163911Z/instagram/faked_humor/3952755654689876774_9320637989.mp4	977410	12.87
/c/ClippersHQ_renders/outputs_paste_20260815_bl1286/_work/paste_DbbAlNJtOsm__20260815T163911Z/instagram/faked_humor/final/white_frame/3952755654689876774_9320637989.mp4	2686101	12.87
/c/ClippersHQ_renders/outputs_paste_20260815_bl1286/_work/paste_DblWOFBox54__20260815T162511Z/head.mp4	802730	10.63
/c/ClippersHQ_renders/outputs_paste_20260815_bl1286/_work/paste_DblWOFBox54__20260815T162511Z/instagram/mindless__reels/3955665572206943864_76868878766.mp4	802730	10.63
/c/ClippersHQ_renders/outputs_paste_20260815_bl1286/_work/paste_DblWOFBox54__20260815T162511Z/instagram/mindless__reels/final/white_frame/3955665572206943864_76868878766.mp4	1752948	10.63
/c/ClippersHQ_renders/outputs_paste_20260815_bl1286/_work/paste_DboLbB2y49Y__20260815T162931Z/head.mp4	1646363	14.10
/c/ClippersHQ_renders/outputs_paste_20260815_bl1286/_work/paste_DboLbB2y49Y__20260815T162931Z/instagram/watchcinemorax/3956462508575526744_47819958687.mp4	1646363	14.10
/c/ClippersHQ_renders/outputs_paste_20260815_bl1286/_work/paste_DboLbB2y49Y__20260815T162931Z/instagram/watchcinemorax/final/white_frame/3956462508575526744_47819958687.mp4	4091337	14.03
/c/ClippersHQ_renders/outputs_paste_20260815_bl1286/_work/paste_Dbov5RiEbHP__20260815T161808Z/head.mp4	1733613	13.03
/c/ClippersHQ_renders/outputs_paste_20260815_bl1286/_work/paste_Dbov5RiEbHP__20260815T161808Z/instagram/moviemoments/3956622916666372559_215261306.mp4	1733613	13.03
/c/ClippersHQ_renders/outputs_paste_20260815_bl1286/_work/paste_Dbov5RiEbHP__20260815T161808Z/instagram/moviemoments/final/white_frame/3956622916666372559_215261306.mp4	4935727	13.03
/c/ClippersHQ_renders/outputs_paste_20260815_bl1286/_work/paste_DbtMMh2v0yJ__20260815T163113Z/head.mp4	1298474	14.83
/c/ClippersHQ_renders/outputs_paste_20260815_bl1286/_work/paste_DbtMMh2v0yJ__20260815T163113Z/instagram/thathistoryguymemes/3957873285072374921_40664239372.mp4	1298474	14.83
/c/ClippersHQ_renders/outputs_paste_20260815_bl1286/_work/paste_DbtMMh2v0yJ__20260815T163113Z/instagram/thathistoryguymemes/final/white_frame/3957873285072374921_40664239372.mp4	2754558	14.83
/c/ClippersHQ_renders/outputs_paste_20260815_bl1286/_work/paste_Dbv-dLFPyrT__20260815T161953Z/head.mp4	2095865	17.45
/c/ClippersHQ_renders/outputs_paste_20260815_bl1286/_work/paste_Dbv-dLFPyrT__20260815T161953Z/instagram/intoxication/3958657281129654995_66131518611.mp4	2095865	17.45
/c/ClippersHQ_renders/outputs_paste_20260815_bl1286/_work/paste_Dbv-dLFPyrT__20260815T161953Z/instagram/intoxication/final/white_frame/3958657281129654995_66131518611.mp4	5301301	17.40
/c/ClippersHQ_renders/outputs_paste_20260815_bl1286/_work/paste_DbzJDaxsBPN__20260815T162810Z/head.mp4	1539406	20.02
/c/ClippersHQ_renders/outputs_paste_20260815_bl1286/_work/paste_DbzJDaxsBPN__20260815T162810Z/instagram/nazriddinov.ae/3959548314716738509_76810475773.mp4	1734736	22.96
/c/ClippersHQ_renders/outputs_paste_20260815_bl1286/_work/paste_DbzJDaxsBPN__20260815T162810Z/instagram/nazriddinov.ae/final/white_frame/3959548314716738509_76810475773.mp4	5360196	19.97
/c/ClippersHQ_renders/outputs_paste_20260815_bl1286/_work/paste_DcBHVL2xZFX__20260815T161858Z/head.mp4	771660	8.99
/c/ClippersHQ_renders/outputs_paste_20260815_bl1286/_work/paste_DcBHVL2xZFX__20260815T161858Z/instagram/nishsturr/3963481389227413847_52163975644.mp4	771660	8.99
/c/ClippersHQ_renders/outputs_paste_20260815_bl1286/_work/paste_DcBHVL2xZFX__20260815T161858Z/instagram/nishsturr/final/white_frame/3963481389227413847_52163975644.mp4	2209316	8.97
/c/ClippersHQ_renders/outputs_paste_20260815_bl1286/_work/paste_DcCiRUtByYU__20260815T163217Z/head.mp4	2460164	20.02
/c/ClippersHQ_renders/outputs_paste_20260815_bl1286/_work/paste_DcCiRUtByYU__20260815T163217Z/instagram/getintoai/3963881346082219540_61447067171.mp4	8408172	60.02
/c/ClippersHQ_renders/outputs_paste_20260815_bl1286/_work/paste_DcCiRUtByYU__20260815T163217Z/instagram/getintoai/final/white_frame/3963881346082219540_61447067171.mp4	5493249	19.97
/c/ClippersHQ_renders/outputs_paste_20260815_bl1286/_work/paste_DcDH9dyzeTA__20260815T161710Z/head.mp4	2405342	20.02
/c/ClippersHQ_renders/outputs_paste_20260815_bl1286/_work/paste_DcDH9dyzeTA__20260815T161710Z/instagram/marveladdicts.in/3964047107220694208_57031281862.mp4	3644581	33.27
/c/ClippersHQ_renders/outputs_paste_20260815_bl1286/_work/paste_DcDH9dyzeTA__20260815T161710Z/instagram/marveladdicts.in/final/white_frame/3964047107220694208_57031281862.mp4	6947302	19.97
/c/ClippersHQ_renders/outputs_paste_20260815_bl1286_ABANDONED_partial/_work/paste_DVZd0QXgeoM__20260815T151901Z/head.mp4	630330	7.10
/c/ClippersHQ_renders/outputs_paste_20260815_bl1286_ABANDONED_partial/_work/paste_DVZd0QXgeoM__20260815T151901Z/instagram/levelgonn/3844234891273300492_69011852061.mp4	630330	7.10
/c/ClippersHQ_renders/outputs_paste_20260815_bl1286_ABANDONED_partial/_work/paste_DaX7F2yNtNo__20260815T151504Z/head.mp4	1222411	14.12
/c/ClippersHQ_renders/outputs_paste_20260815_bl1286_ABANDONED_partial/_work/paste_DaX7F2yNtNo__20260815T151504Z/instagram/themoviesthetic.in/3933872686697468776_35684201922.mp4	1222411	14.12
/c/ClippersHQ_renders/outputs_paste_20260815_bl1286_ABANDONED_partial/_work/paste_DagS5tCBmJ-__20260815T151638Z/head.mp4	708044	10.54
/c/ClippersHQ_renders/outputs_paste_20260815_bl1286_ABANDONED_partial/_work/paste_DagS5tCBmJ-__20260815T151638Z/instagram/wasted/3936229204521542270_1415356583.mp4	708044	10.54
/c/ClippersHQ_renders/outputs_paste_20260815_bl1286_ABANDONED_partial/_work/paste_DagS5tCBmJ-__20260815T151638Z/instagram/wasted/final/white_frame/3936229204521542270_1415356583.mp4	1873003	10.53
/c/ClippersHQ_renders/outputs_paste_20260815_bl1286_ABANDONED_partial/_work/paste_DbMLBm3TCTg__20260815T151947Z/head.mp4	740134	8.23
/c/ClippersHQ_renders/outputs_paste_20260815_bl1286_ABANDONED_partial/_work/paste_DbMLBm3TCTg__20260815T151947Z/instagram/intoxication/3948579462258107616_66131518611.mp4	740134	8.23
/c/ClippersHQ_renders/outputs_paste_20260815_bl1286_ABANDONED_partial/_work/paste_Dbov5RiEbHP__20260815T151401Z/head.mp4	1394188	13.03
/c/ClippersHQ_renders/outputs_paste_20260815_bl1286_ABANDONED_partial/_work/paste_Dbov5RiEbHP__20260815T151401Z/instagram/moviemoments/3956622916666372559_215261306.mp4	1394188	13.03
/c/ClippersHQ_renders/outputs_paste_20260815_bl1286_ABANDONED_partial/_work/paste_Dbov5RiEbHP__20260815T151401Z/instagram/moviemoments/final/white_frame/3956622916666372559_215261306.mp4	2658028	13.03
/c/ClippersHQ_renders/outputs_paste_20260815_bl1286_ABANDONED_partial/_work/paste_Dbv-dLFPyrT__20260815T151733Z/head.mp4	2095865	17.45
/c/ClippersHQ_renders/outputs_paste_20260815_bl1286_ABANDONED_partial/_work/paste_Dbv-dLFPyrT__20260815T151733Z/instagram/intoxication/3958657281129654995_66131518611.mp4	2095865	17.45
/c/ClippersHQ_renders/outputs_paste_20260815_bl1286_ABANDONED_partial/_work/paste_Dbv-dLFPyrT__20260815T151733Z/instagram/intoxication/final/white_frame/3958657281129654995_66131518611.mp4	5511464	17.40
/c/ClippersHQ_renders/outputs_paste_20260815_bl1286_ABANDONED_partial/_work/paste_DcBHVL2xZFX__20260815T151536Z/head.mp4	834142	8.99
/c/ClippersHQ_renders/outputs_paste_20260815_bl1286_ABANDONED_partial/_work/paste_DcBHVL2xZFX__20260815T151536Z/instagram/nishsturr/3963481389227413847_52163975644.mp4	834142	8.99
/c/ClippersHQ_renders/outputs_paste_20260815_bl1286_ABANDONED_partial/_work/paste_DcBHVL2xZFX__20260815T151536Z/instagram/nishsturr/final/white_frame/3963481389227413847_52163975644.mp4	2101878	8.97
/c/ClippersHQ_renders/outputs_paste_20260815_bl1286_ABANDONED_partial/_work/paste_DcDH9dyzeTA__20260815T151221Z/head.mp4	1511318	20.02
/c/ClippersHQ_renders/outputs_paste_20260815_bl1286_ABANDONED_partial/_work/paste_DcDH9dyzeTA__20260815T151221Z/instagram/marveladdicts.in/3964047107220694208_57031281862.mp4	2274181	33.27
/c/ClippersHQ_renders/outputs_paste_20260815_bl1286_ABANDONED_partial/_work/paste_DcDH9dyzeTA__20260815T151221Z/instagram/marveladdicts.in/final/white_frame/3964047107220694208_57031281862.mp4	6461858	19.97
/c/ClippersHQ_renders/outputs_paste_20260815_bl1286_v1_nocover/_work/paste_DVBrfxzEvtr__20260815T160326Z/head.mp4	1661459	18.88
/c/ClippersHQ_renders/outputs_paste_20260815_bl1286_v1_nocover/_work/paste_DVBrfxzEvtr__20260815T160326Z/instagram/alttabmemelab/3837539657270360939_75300620967.mp4	1661459	18.88
/c/ClippersHQ_renders/outputs_paste_20260815_bl1286_v1_nocover/_work/paste_DVBrfxzEvtr__20260815T160326Z/instagram/alttabmemelab/final/white_frame/3837539657270360939_75300620967.mp4	5595154	18.87
/c/ClippersHQ_renders/outputs_paste_20260815_bl1286_v1_nocover/_work/paste_DVIoT7UguGk__20260815T154651Z/head.mp4	761588	10.94
/c/ClippersHQ_renders/outputs_paste_20260815_bl1286_v1_nocover/_work/paste_DVIoT7UguGk__20260815T154651Z/instagram/clips/3839495973558739364_810675847.mp4	761588	10.94
/c/ClippersHQ_renders/outputs_paste_20260815_bl1286_v1_nocover/_work/paste_DVIoT7UguGk__20260815T154651Z/instagram/clips/final/white_frame/3839495973558739364_810675847.mp4	1429584	10.93
/c/ClippersHQ_renders/outputs_paste_20260815_bl1286_v1_nocover/_work/paste_DVUjllKjeFp__20260815T154724Z/head.mp4	877156	8.06
/c/ClippersHQ_renders/outputs_paste_20260815_bl1286_v1_nocover/_work/paste_DVUjllKjeFp__20260815T154724Z/instagram/men/3842852896207921513_3959377667.mp4	877156	8.06
/c/ClippersHQ_renders/outputs_paste_20260815_bl1286_v1_nocover/_work/paste_DVUjllKjeFp__20260815T154724Z/instagram/men/final/white_frame/3842852896207921513_3959377667.mp4	1986417	8.03
/c/ClippersHQ_renders/outputs_paste_20260815_bl1286_v1_nocover/_work/paste_DVZd0QXgeoM__20260815T154332Z/head.mp4	630330	7.10
/c/ClippersHQ_renders/outputs_paste_20260815_bl1286_v1_nocover/_work/paste_DVZd0QXgeoM__20260815T154332Z/instagram/levelgonn/3844234891273300492_69011852061.mp4	630330	7.10
/c/ClippersHQ_renders/outputs_paste_20260815_bl1286_v1_nocover/_work/paste_DVpUY5dk8Sv__20260815T160014Z/head.mp4	641543	10.32
/c/ClippersHQ_renders/outputs_paste_20260815_bl1286_v1_nocover/_work/paste_DVpUY5dk8Sv__20260815T160014Z/instagram/memeclips.ig/3848697028461970607_1536781760.mp4	641543	10.32
/c/ClippersHQ_renders/outputs_paste_20260815_bl1286_v1_nocover/_work/paste_DVpUY5dk8Sv__20260815T160014Z/instagram/memeclips.ig/final/white_frame/3848697028461970607_1536781760.mp4	1052769	10.32
/c/ClippersHQ_renders/outputs_paste_20260815_bl1286_v1_nocover/_work/paste_DXKVUf5j68S__20260815T160733Z/head.mp4	1590700	12.07
/c/ClippersHQ_renders/outputs_paste_20260815_bl1286_v1_nocover/_work/paste_DXKVUf5j68S__20260815T160733Z/instagram/elev8now_/3876004196923715346_60902457064.mp4	1590700	12.07
/c/ClippersHQ_renders/outputs_paste_20260815_bl1286_v1_nocover/_work/paste_DXKVUf5j68S__20260815T160733Z/instagram/elev8now_/final/white_frame/3876004196923715346_60902457064.mp4	2878500	12.07
/c/ClippersHQ_renders/outputs_paste_20260815_bl1286_v1_nocover/_work/paste_DXVM_GckzZB__20260815T155146Z/head.mp4	424948	6.07
/c/ClippersHQ_renders/outputs_paste_20260815_bl1286_v1_nocover/_work/paste_DXVM_GckzZB__20260815T155146Z/instagram/pov.central.us/3879063766856578625_77501263782.mp4	424948	6.07
/c/ClippersHQ_renders/outputs_paste_20260815_bl1286_v1_nocover/_work/paste_DXedd-VAvqH__20260815T160602Z/head.mp4	1973362	15.10
/c/ClippersHQ_renders/outputs_paste_20260815_bl1286_v1_nocover/_work/paste_DXedd-VAvqH__20260815T160602Z/instagram/notsoserious_memes/3881669531978103431_78457595357.mp4	1973362	15.10
/c/ClippersHQ_renders/outputs_paste_20260815_bl1286_v1_nocover/_work/paste_DXedd-VAvqH__20260815T160602Z/instagram/notsoserious_memes/final/white_frame/3881669531978103431_78457595357.mp4	4209219	15.10
/c/ClippersHQ_renders/outputs_paste_20260815_bl1286_v1_nocover/_work/paste_DXerM2ZgLQY__20260815T160445Z/head.mp4	1472520	11.03
/c/ClippersHQ_renders/outputs_paste_20260815_bl1286_v1_nocover/_work/paste_DXerM2ZgLQY__20260815T160445Z/instagram/male/3881729927883568152_9496144743.mp4	1472520	11.03
/c/ClippersHQ_renders/outputs_paste_20260815_bl1286_v1_nocover/_work/paste_DXerM2ZgLQY__20260815T160445Z/instagram/male/final/white_frame/3881729927883568152_9496144743.mp4	4249533	11.03
/c/ClippersHQ_renders/outputs_paste_20260815_bl1286_v1_nocover/_work/paste_DYJgUuAhPQ6__20260815T160639Z/head.mp4	1538740	20.02
/c/ClippersHQ_renders/outputs_paste_20260815_bl1286_v1_nocover/_work/paste_DYJgUuAhPQ6__20260815T160639Z/instagram/_the_black_human/3893785514117231674_51290443691.mp4	4664511	59.93
/c/ClippersHQ_renders/outputs_paste_20260815_bl1286_v1_nocover/_work/paste_DYJgUuAhPQ6__20260815T160639Z/instagram/_the_black_human/final/white_frame/3893785514117231674_51290443691.mp4	4298578	19.97
/c/ClippersHQ_renders/outputs_paste_20260815_bl1286_v1_nocover/_work/paste_DYcuDT1Bgls__20260815T155210Z/head.mp4	1003398	14.91
/c/ClippersHQ_renders/outputs_paste_20260815_bl1286_v1_nocover/_work/paste_DYcuDT1Bgls__20260815T155210Z/instagram/wasted/3899193914984630636_1415356583.mp4	1003398	14.91
/c/ClippersHQ_renders/outputs_paste_20260815_bl1286_v1_nocover/_work/paste_DYcuDT1Bgls__20260815T155210Z/instagram/wasted/final/white_frame/3899193914984630636_1415356583.mp4	1455378	14.90
/c/ClippersHQ_renders/outputs_paste_20260815_bl1286_v1_nocover/_work/paste_DYhMUZLNPzq__20260815T154809Z/head.mp4	1264816	19.83
/c/ClippersHQ_renders/outputs_paste_20260815_bl1286_v1_nocover/_work/paste_DYhMUZLNPzq__20260815T154809Z/instagram/algorithm_gone_wild/3900452930258795754_75576032144.mp4	1264816	19.83
/c/ClippersHQ_renders/outputs_paste_20260815_bl1286_v1_nocover/_work/paste_DYhMUZLNPzq__20260815T154809Z/instagram/algorithm_gone_wild/final/white_frame/3900452930258795754_75576032144.mp4	2806811	19.80
/c/ClippersHQ_renders/outputs_paste_20260815_bl1286_v1_nocover/_work/paste_DYm7dqEzYRu__20260815T154913Z/head.mp4	2029396	10.05
/c/ClippersHQ_renders/outputs_paste_20260815_bl1286_v1_nocover/_work/paste_DYm7dqEzYRu__20260815T154913Z/instagram/skye.drive/3902067649949828206_15648201902.mp4	2029396	10.05
/c/ClippersHQ_renders/outputs_paste_20260815_bl1286_v1_nocover/_work/paste_DYoy1QVy_bb__20260815T154853Z/head.mp4	576899	7.43
/c/ClippersHQ_renders/outputs_paste_20260815_bl1286_v1_nocover/_work/paste_DYoy1QVy_bb__20260815T154853Z/instagram/yolocameraguy/3902592639119914715_77735958509.mp4	576899	7.43
/c/ClippersHQ_renders/outputs_paste_20260815_bl1286_v1_nocover/_work/paste_DZJEQCpzXZ___20260815T160518Z/head.mp4	1975190	20.02
/c/ClippersHQ_renders/outputs_paste_20260815_bl1286_v1_nocover/_work/paste_DZJEQCpzXZ___20260815T160518Z/instagram/filmofied/3911676445894473343_73173570400.mp4	2616116	27.63
/c/ClippersHQ_renders/outputs_paste_20260815_bl1286_v1_nocover/_work/paste_DZJEQCpzXZ___20260815T160518Z/instagram/filmofied/final/white_frame/3911676445894473343_73173570400.mp4	5246596	19.97
/c/ClippersHQ_renders/outputs_paste_20260815_bl1286_v1_nocover/_work/paste_DZKm3vZSXuE__20260815T160225Z/head.mp4	1138032	14.14
/c/ClippersHQ_renders/outputs_paste_20260815_bl1286_v1_nocover/_work/paste_DZKm3vZSXuE__20260815T160225Z/instagram/memes_of_nao/3912110182553451396_80683889041.mp4	1138032	14.14
/c/ClippersHQ_renders/outputs_paste_20260815_bl1286_v1_nocover/_work/paste_DZKm3vZSXuE__20260815T160225Z/instagram/memes_of_nao/final/white_frame/3912110182553451396_80683889041.mp4	2344716	14.12
/c/ClippersHQ_renders/outputs_paste_20260815_bl1286_v1_nocover/_work/paste_DZNYsVOiZDu__20260815T155917Z/head.mp4	1247093	12.00
/c/ClippersHQ_renders/outputs_paste_20260815_bl1286_v1_nocover/_work/paste_DZNYsVOiZDu__20260815T155917Z/instagram/edm_giraffe/3912892250820546798_79975011164.mp4	1247093	12.00
/c/ClippersHQ_renders/outputs_paste_20260815_bl1286_v1_nocover/_work/paste_DZNYsVOiZDu__20260815T155917Z/instagram/edm_giraffe/final/white_frame/3912892250820546798_79975011164.mp4	4163294	12.00
/c/ClippersHQ_renders/outputs_paste_20260815_bl1286_v1_nocover/_work/paste_DZP4JNrpwtg__20260815T155714Z/head.mp4	1479605	10.84
/c/ClippersHQ_renders/outputs_paste_20260815_bl1286_v1_nocover/_work/paste_DZP4JNrpwtg__20260815T155714Z/instagram/victus._.n/3913593524979174240_73365361054.mp4	1479605	10.84
/c/ClippersHQ_renders/outputs_paste_20260815_bl1286_v1_nocover/_work/paste_DZP4JNrpwtg__20260815T155714Z/instagram/victus._.n/final/white_frame/3913593524979174240_73365361054.mp4	3046242	10.80
/c/ClippersHQ_renders/outputs_paste_20260815_bl1286_v1_nocover/_work/paste_DZjbVmjBVsg__20260815T154617Z/head.mp4	738347	12.14
/c/ClippersHQ_renders/outputs_paste_20260815_bl1286_v1_nocover/_work/paste_DZjbVmjBVsg__20260815T154617Z/instagram/mcu_universe__/3919096332497017632_77696944588.mp4	738347	12.14
/c/ClippersHQ_renders/outputs_paste_20260815_bl1286_v1_nocover/_work/paste_DZjbVmjBVsg__20260815T154617Z/instagram/mcu_universe__/final/white_frame/3919096332497017632_77696944588.mp4	1373942	12.13
/c/ClippersHQ_renders/outputs_paste_20260815_bl1286_v1_nocover/_work/paste_DZvWgGWRPNQ__20260815T154452Z/head.mp4	1147139	15.68
/c/ClippersHQ_renders/outputs_paste_20260815_bl1286_v1_nocover/_work/paste_DZvWgGWRPNQ__20260815T154452Z/instagram/intoxication/3922452763325559632_66131518611.mp4	1147139	15.68
/c/ClippersHQ_renders/outputs_paste_20260815_bl1286_v1_nocover/_work/paste_DZvWgGWRPNQ__20260815T154452Z/instagram/intoxication/final/white_frame/3922452763325559632_66131518611.mp4	2416713	15.68
/c/ClippersHQ_renders/outputs_paste_20260815_bl1286_v1_nocover/_work/paste_Da0f8tUsz5-__20260815T160134Z/head.mp4	547199	7.66
/c/ClippersHQ_renders/outputs_paste_20260815_bl1286_v1_nocover/_work/paste_Da0f8tUsz5-__20260815T160134Z/instagram/roughandbrutal/3941916085132148350_69080892544.mp4	547199	7.66
/c/ClippersHQ_renders/outputs_paste_20260815_bl1286_v1_nocover/_work/paste_DaDlsPVBo_D__20260815T155249Z/head.mp4	711957	8.06
/c/ClippersHQ_renders/outputs_paste_20260815_bl1286_v1_nocover/_work/paste_DaDlsPVBo_D__20260815T155249Z/instagram/meme.froth/3928149067833970627_72303137803.mp4	711957	8.06
/c/ClippersHQ_renders/outputs_paste_20260815_bl1286_v1_nocover/_work/paste_DaDlsPVBo_D__20260815T155249Z/instagram/meme.froth/final/white_frame/3928149067833970627_72303137803.mp4	1491241	8.03
/c/ClippersHQ_renders/outputs_paste_20260815_bl1286_v1_nocover/_work/paste_DaKb0i0NHQX__20260815T160149Z/head.mp4	1491128	16.83
/c/ClippersHQ_renders/outputs_paste_20260815_bl1286_v1_nocover/_work/paste_DaKb0i0NHQX__20260815T160149Z/instagram/screenjunkiebe/3930075982885843991_31503501582.mp4	1491128	16.83
/c/ClippersHQ_renders/outputs_paste_20260815_bl1286_v1_nocover/_work/paste_DaKb0i0NHQX__20260815T160149Z/instagram/screenjunkiebe/final/white_frame/3930075982885843991_31503501582.mp4	5042553	16.83
/c/ClippersHQ_renders/outputs_paste_20260815_bl1286_v1_nocover/_work/paste_DaX7F2yNtNo__20260815T154151Z/head.mp4	1222411	14.12
/c/ClippersHQ_renders/outputs_paste_20260815_bl1286_v1_nocover/_work/paste_DaX7F2yNtNo__20260815T154151Z/instagram/themoviesthetic.in/3933872686697468776_35684201922.mp4	1222411	14.12
/c/ClippersHQ_renders/outputs_paste_20260815_bl1286_v1_nocover/_work/paste_Da_-fsPSGNt__20260815T160250Z/head.mp4	1667649	20.02
/c/ClippersHQ_renders/outputs_paste_20260815_bl1286_v1_nocover/_work/paste_Da_-fsPSGNt__20260815T160250Z/instagram/_noctis21/3945146655288353645_49351451656.mp4	4627349	53.15
/c/ClippersHQ_renders/outputs_paste_20260815_bl1286_v1_nocover/_work/paste_Da_-fsPSGNt__20260815T160250Z/instagram/_noctis21/final/white_frame/3945146655288353645_49351451656.mp4	3629594	19.97
/c/ClippersHQ_renders/outputs_paste_20260815_bl1286_v1_nocover/_work/paste_Daa9DFBP4Cx__20260815T155817Z/head.mp4	2662747	20.02
/c/ClippersHQ_renders/outputs_paste_20260815_bl1286_v1_nocover/_work/paste_Daa9DFBP4Cx__20260815T155817Z/instagram/silent_chaosxcinema_24hrs/3934725716846805169_77324263534.mp4	6029879	43.98
/c/ClippersHQ_renders/outputs_paste_20260815_bl1286_v1_nocover/_work/paste_Daa9DFBP4Cx__20260815T155817Z/instagram/silent_chaosxcinema_24hrs/final/white_frame/3934725716846805169_77324263534.mp4	5827108	19.97
/c/ClippersHQ_renders/outputs_paste_20260815_bl1286_v1_nocover/_work/paste_DagS5tCBmJ-__20260815T154233Z/head.mp4	755612	10.54
/c/ClippersHQ_renders/outputs_paste_20260815_bl1286_v1_nocover/_work/paste_DagS5tCBmJ-__20260815T154233Z/instagram/wasted/3936229204521542270_1415356583.mp4	755612	10.54
/c/ClippersHQ_renders/outputs_paste_20260815_bl1286_v1_nocover/_work/paste_DagS5tCBmJ-__20260815T154233Z/instagram/wasted/final/white_frame/3936229204521542270_1415356583.mp4	1808087	10.53
/c/ClippersHQ_renders/outputs_paste_20260815_bl1286_v1_nocover/_work/paste_DalajbzSjXS__20260815T155404Z/head.mp4	3166246	20.02
/c/ClippersHQ_renders/outputs_paste_20260815_bl1286_v1_nocover/_work/paste_DalajbzSjXS__20260815T155404Z/instagram/acliips/3937670233447871954_72201355197.mp4	8878217	62.90
/c/ClippersHQ_renders/outputs_paste_20260815_bl1286_v1_nocover/_work/paste_DalajbzSjXS__20260815T155404Z/instagram/acliips/final/white_frame/3937670233447871954_72201355197.mp4	6820094	19.97
/c/ClippersHQ_renders/outputs_paste_20260815_bl1286_v1_nocover/_work/paste_DamVhyqk4rN__20260815T154531Z/head.mp4	782626	8.90
/c/ClippersHQ_renders/outputs_paste_20260815_bl1286_v1_nocover/_work/paste_DamVhyqk4rN__20260815T154531Z/instagram/randomshi415/3937929605302946509_44143456950.mp4	782626	8.90
/c/ClippersHQ_renders/outputs_paste_20260815_bl1286_v1_nocover/_work/paste_DamVhyqk4rN__20260815T154531Z/instagram/randomshi415/final/white_frame/3937929605302946509_44143456950.mp4	2725321	8.90
/c/ClippersHQ_renders/outputs_paste_20260815_bl1286_v1_nocover/_work/paste_Db04yk8sqjf__20260815T155650Z/head.mp4	1211080	6.04
/c/ClippersHQ_renders/outputs_paste_20260815_bl1286_v1_nocover/_work/paste_Db04yk8sqjf__20260815T155650Z/instagram/clippingforearning/3960039738617014495_36266000290.mp4	1211080	6.04
/c/ClippersHQ_renders/outputs_paste_20260815_bl1286_v1_nocover/_work/paste_Db4x6LksRH0__20260815T160401Z/head.mp4	1525175	10.80
/c/ClippersHQ_renders/outputs_paste_20260815_bl1286_v1_nocover/_work/paste_Db4x6LksRH0__20260815T160401Z/instagram/nazriddinov.ae/3961135374707790324_76810475773.mp4	1525175	10.80
/c/ClippersHQ_renders/outputs_paste_20260815_bl1286_v1_nocover/_work/paste_Db4x6LksRH0__20260815T160401Z/instagram/nazriddinov.ae/final/white_frame/3961135374707790324_76810475773.mp4	2748051	10.73
/c/ClippersHQ_renders/outputs_paste_20260815_bl1286_v1_nocover/_work/paste_DbDTFN1prH4__20260815T154959Z/head.mp4	710262	9.10
/c/ClippersHQ_renders/outputs_paste_20260815_bl1286_v1_nocover/_work/paste_DbDTFN1prH4__20260815T154959Z/instagram/drishya.j_2007/3946081619846541816_44089529235.mp4	710262	9.10
/c/ClippersHQ_renders/outputs_paste_20260815_bl1286_v1_nocover/_work/paste_DbDTFN1prH4__20260815T154959Z/instagram/drishya.j_2007/final/white_frame/3946081619846541816_44089529235.mp4	1797875	9.00
/c/ClippersHQ_renders/outputs_paste_20260815_bl1286_v1_nocover/_work/paste_DbHm1n9MuM8__20260815T155330Z/head.mp4	388436	8.01
/c/ClippersHQ_renders/outputs_paste_20260815_bl1286_v1_nocover/_work/paste_DbHm1n9MuM8__20260815T155330Z/instagram/wasted/3947294409215894332_1415356583.mp4	388436	8.01
/c/ClippersHQ_renders/outputs_paste_20260815_bl1286_v1_nocover/_work/paste_DbHm1n9MuM8__20260815T155330Z/instagram/wasted/final/white_frame/3947294409215894332_1415356583.mp4	685039	8.00
/c/ClippersHQ_renders/outputs_paste_20260815_bl1286_v1_nocover/_work/paste_DbMLBm3TCTg__20260815T154350Z/head.mp4	600210	8.23
/c/ClippersHQ_renders/outputs_paste_20260815_bl1286_v1_nocover/_work/paste_DbMLBm3TCTg__20260815T154350Z/instagram/intoxication/3948579462258107616_66131518611.mp4	600210	8.23
/c/ClippersHQ_renders/outputs_paste_20260815_bl1286_v1_nocover/_work/paste_DbMLBm3TCTg__20260815T154350Z/instagram/intoxication/final/white_frame/3948579462258107616_66131518611.mp4	899349	8.17
/c/ClippersHQ_renders/outputs_paste_20260815_bl1286_v1_nocover/_work/paste_DbVVbLriLcH__20260815T154411Z/head.mp4	815526	9.59
/c/ClippersHQ_renders/outputs_paste_20260815_bl1286_v1_nocover/_work/paste_DbVVbLriLcH__20260815T154411Z/instagram/bixhslayer_/3951158475031623431_46493821404.mp4	815526	9.59
/c/ClippersHQ_renders/outputs_paste_20260815_bl1286_v1_nocover/_work/paste_DbVVbLriLcH__20260815T154411Z/instagram/bixhslayer_/final/white_frame/3951158475031623431_46493821404.mp4	2291318	9.50
/c/ClippersHQ_renders/outputs_paste_20260815_bl1286_v1_nocover/_work/paste_DbYO4D0RxCH__20260815T155513Z/head.mp4	1145109	8.89
/c/ClippersHQ_renders/outputs_paste_20260815_bl1286_v1_nocover/_work/paste_DbYO4D0RxCH__20260815T155513Z/instagram/aerialstrike._/3951974098057760903_29095535109.mp4	1145109	8.89
/c/ClippersHQ_renders/outputs_paste_20260815_bl1286_v1_nocover/_work/paste_DbYO4D0RxCH__20260815T155513Z/instagram/aerialstrike._/final/white_frame/3951974098057760903_29095535109.mp4	2820370	8.87
/c/ClippersHQ_renders/outputs_paste_20260815_bl1286_v1_nocover/_work/paste_Db_FHn7BdWy__20260815T160037Z/head.mp4	606559	6.50
/c/ClippersHQ_renders/outputs_paste_20260815_bl1286_v1_nocover/_work/paste_Db_FHn7BdWy__20260815T160037Z/instagram/wasted/3962908711244387762_1415356583.mp4	606559	6.50
/c/ClippersHQ_renders/outputs_paste_20260815_bl1286_v1_nocover/_work/paste_Db_YpI6hz5t__20260815T160428Z/head.mp4	7413041	20.02
/c/ClippersHQ_renders/outputs_paste_20260815_bl1286_v1_nocover/_work/paste_Db_YpI6hz5t__20260815T160428Z/instagram/narobi_99k/3962994577296014957_68969290342.mp4	7715879	21.39
/c/ClippersHQ_renders/outputs_paste_20260815_bl1286_v1_nocover/_work/paste_DbbAlNJtOsm__20260815T160800Z/head.mp4	1181899	12.87
/c/ClippersHQ_renders/outputs_paste_20260815_bl1286_v1_nocover/_work/paste_DbbAlNJtOsm__20260815T160800Z/instagram/faked_humor/3952755654689876774_9320637989.mp4	1181899	12.87
/c/ClippersHQ_renders/outputs_paste_20260815_bl1286_v1_nocover/_work/paste_DbbAlNJtOsm__20260815T160800Z/instagram/faked_humor/final/white_frame/3952755654689876774_9320637989.mp4	4746758	12.87
/c/ClippersHQ_renders/outputs_paste_20260815_bl1286_v1_nocover/_work/paste_DblWOFBox54__20260815T155056Z/head.mp4	733316	10.63
/c/ClippersHQ_renders/outputs_paste_20260815_bl1286_v1_nocover/_work/paste_DblWOFBox54__20260815T155056Z/instagram/mindless__reels/3955665572206943864_76868878766.mp4	733316	10.63
/c/ClippersHQ_renders/outputs_paste_20260815_bl1286_v1_nocover/_work/paste_DblWOFBox54__20260815T155056Z/instagram/mindless__reels/final/white_frame/3955665572206943864_76868878766.mp4	1927546	10.63
/c/ClippersHQ_renders/outputs_paste_20260815_bl1286_v1_nocover/_work/paste_DboLbB2y49Y__20260815T155747Z/head.mp4	853310	14.10
/c/ClippersHQ_renders/outputs_paste_20260815_bl1286_v1_nocover/_work/paste_DboLbB2y49Y__20260815T155747Z/instagram/watchcinemorax/3956462508575526744_47819958687.mp4	853310	14.10
/c/ClippersHQ_renders/outputs_paste_20260815_bl1286_v1_nocover/_work/paste_DboLbB2y49Y__20260815T155747Z/instagram/watchcinemorax/final/white_frame/3956462508575526744_47819958687.mp4	2136465	14.03
/c/ClippersHQ_renders/outputs_paste_20260815_bl1286_v1_nocover/_work/paste_Dbov5RiEbHP__20260815T154118Z/head.mp4	1841040	13.03
/c/ClippersHQ_renders/outputs_paste_20260815_bl1286_v1_nocover/_work/paste_Dbov5RiEbHP__20260815T154118Z/instagram/moviemoments/3956622916666372559_215261306.mp4	1841040	13.03
/c/ClippersHQ_renders/outputs_paste_20260815_bl1286_v1_nocover/_work/paste_Dbov5RiEbHP__20260815T154118Z/instagram/moviemoments/final/white_frame/3956622916666372559_215261306.mp4	4537662	13.03
/c/ClippersHQ_renders/outputs_paste_20260815_bl1286_v1_nocover/_work/paste_DbtMMh2v0yJ__20260815T155949Z/head.mp4	1349256	14.83
/c/ClippersHQ_renders/outputs_paste_20260815_bl1286_v1_nocover/_work/paste_DbtMMh2v0yJ__20260815T155949Z/instagram/thathistoryguymemes/3957873285072374921_40664239372.mp4	1349256	14.83
/c/ClippersHQ_renders/outputs_paste_20260815_bl1286_v1_nocover/_work/paste_DbtMMh2v0yJ__20260815T155949Z/instagram/thathistoryguymemes/final/white_frame/3957873285072374921_40664239372.mp4	2426374	14.83
/c/ClippersHQ_renders/outputs_paste_20260815_bl1286_v1_nocover/_work/paste_Dbv-dLFPyrT__20260815T154304Z/head.mp4	2055645	17.45
/c/ClippersHQ_renders/outputs_paste_20260815_bl1286_v1_nocover/_work/paste_Dbv-dLFPyrT__20260815T154304Z/instagram/intoxication/3958657281129654995_66131518611.mp4	2055645	17.45
/c/ClippersHQ_renders/outputs_paste_20260815_bl1286_v1_nocover/_work/paste_Dbv-dLFPyrT__20260815T154304Z/instagram/intoxication/final/white_frame/3958657281129654995_66131518611.mp4	3022761	17.40
/c/ClippersHQ_renders/outputs_paste_20260815_bl1286_v1_nocover/_work/paste_DbzJDaxsBPN__20260815T155551Z/head.mp4	2334756	20.02
/c/ClippersHQ_renders/outputs_paste_20260815_bl1286_v1_nocover/_work/paste_DbzJDaxsBPN__20260815T155551Z/instagram/nazriddinov.ae/3959548314716738509_76810475773.mp4	2649347	22.96
/c/ClippersHQ_renders/outputs_paste_20260815_bl1286_v1_nocover/_work/paste_DbzJDaxsBPN__20260815T155551Z/instagram/nazriddinov.ae/final/white_frame/3959548314716738509_76810475773.mp4	8596037	19.97
/c/ClippersHQ_renders/outputs_paste_20260815_bl1286_v1_nocover/_work/paste_DcBHVL2xZFX__20260815T154206Z/head.mp4	771660	8.99
/c/ClippersHQ_renders/outputs_paste_20260815_bl1286_v1_nocover/_work/paste_DcBHVL2xZFX__20260815T154206Z/instagram/nishsturr/3963481389227413847_52163975644.mp4	771660	8.99
/c/ClippersHQ_renders/outputs_paste_20260815_bl1286_v1_nocover/_work/paste_DcBHVL2xZFX__20260815T154206Z/instagram/nishsturr/final/white_frame/3963481389227413847_52163975644.mp4	2331120	8.97
/c/ClippersHQ_renders/outputs_paste_20260815_bl1286_v1_nocover/_work/paste_DcCiRUtByYU__20260815T160057Z/head.mp4	1587305	20.04
/c/ClippersHQ_renders/outputs_paste_20260815_bl1286_v1_nocover/_work/paste_DcCiRUtByYU__20260815T160057Z/instagram/getintoai/3963881346082219540_61447067171.mp4	5509809	60.02
/c/ClippersHQ_renders/outputs_paste_20260815_bl1286_v1_nocover/_work/paste_DcCiRUtByYU__20260815T160057Z/instagram/getintoai/final/white_frame/3963881346082219540_61447067171.mp4	3252475	19.97
/c/ClippersHQ_renders/outputs_paste_20260815_bl1286_v1_nocover/_work/paste_DcDH9dyzeTA__20260815T154047Z/head.mp4	1827205	20.10
/c/ClippersHQ_renders/outputs_paste_20260815_bl1286_v1_nocover/_work/paste_DcDH9dyzeTA__20260815T154047Z/instagram/marveladdicts.in/3964047107220694208_57031281862.mp4	2611859	33.27
/c/ClippersHQ_renders/outputs_paste_20260815_bl1286_v1_nocover/_work/paste_DcDH9dyzeTA__20260815T154047Z/instagram/marveladdicts.in/final/white_frame/3964047107220694208_57031281862.mp4	3263765	19.97
/c/ClippersHQ_renders/outputs_paste_20260816_145640/_work/paste_DXbK3hOE6Hg__20260816T125652Z/head.mp4	1620777	14.70
/c/ClippersHQ_renders/outputs_paste_20260816_145640/_work/paste_DXbK3hOE6Hg__20260816T125652Z/instagram/elevenxyou/3880743299615793632_46205691980.mp4	1620777	14.70
/c/ClippersHQ_renders/outputs_paste_20260816_145640/_work/paste_DXbK3hOE6Hg__20260816T125652Z/instagram/elevenxyou/final/white_frame/3880743299615793632_46205691980.mp4	3191636	14.70
/c/ClippersHQ_renders/outputs_paste_20260816_145640/_work/paste_DXpPUOIjLid__20260816T125750Z/head.mp4	610212	11.77
/c/ClippersHQ_renders/outputs_paste_20260816_145640/_work/paste_DXpPUOIjLid__20260816T125750Z/instagram/spatter.exe/3884703513846790301_76217980934.mp4	610212	11.77
/c/ClippersHQ_renders/outputs_paste_20260816_145640/_work/paste_DXpPUOIjLid__20260816T125750Z/instagram/spatter.exe/final/white_frame/3884703513846790301_76217980934.mp4	1338550	11.77
/c/ClippersHQ_renders/outputs_paste_20260816_145640/_work/paste_DYZ8QzjB8vx__20260816T125828Z/head.mp4	801608	15.56
/c/ClippersHQ_renders/outputs_paste_20260816_145640/_work/paste_DYZ8QzjB8vx__20260816T125828Z/instagram/wasted/3898411990116715505_1415356583.mp4	801608	15.56
/c/ClippersHQ_renders/outputs_paste_20260816_145640/_work/paste_DYZ8QzjB8vx__20260816T125828Z/instagram/wasted/final/white_frame/3898411990116715505_1415356583.mp4	1584011	15.53
/c/ClippersHQ_renders/outputs_paste_20260816_bl1323_rerun/_work/paste_DVBrfxzEvtr__20260816T141835Z/head.mp4	1058619	18.88
/c/ClippersHQ_renders/outputs_paste_20260816_bl1323_rerun/_work/paste_DVBrfxzEvtr__20260816T141835Z/instagram/alttabmemelab/3837539657270360939_75300620967.mp4	1058619	18.88
/c/ClippersHQ_renders/outputs_paste_20260816_bl1323_rerun/_work/paste_DVBrfxzEvtr__20260816T141835Z/instagram/alttabmemelab/final/white_frame/3837539657270360939_75300620967.mp4	2902886	18.87
/c/ClippersHQ_renders/outputs_paste_20260816_bl1323_rerun/_work/paste_DVGi69vkjSV__20260816T131553Z/head.mp4	560393	9.52
/c/ClippersHQ_renders/outputs_paste_20260816_bl1323_rerun/_work/paste_DVGi69vkjSV__20260816T131553Z/instagram/meme_the_once/3838909317987316885_67013799471.mp4	560393	9.52
/c/ClippersHQ_renders/outputs_paste_20260816_bl1323_rerun/_work/paste_DVGi69vkjSV__20260816T131553Z/instagram/meme_the_once/final/white_frame/3838909317987316885_67013799471.mp4	1392236	9.46
/c/ClippersHQ_renders/outputs_paste_20260816_bl1323_rerun/_work/paste_DVGi69vkjSV__20260816T132845Z/head.mp4	484459	9.52
/c/ClippersHQ_renders/outputs_paste_20260816_bl1323_rerun/_work/paste_DVGi69vkjSV__20260816T132845Z/instagram/meme_the_once/3838909317987316885_67013799471.mp4	484459	9.52
/c/ClippersHQ_renders/outputs_paste_20260816_bl1323_rerun/_work/paste_DVGi69vkjSV__20260816T132845Z/instagram/meme_the_once/final/white_frame/3838909317987316885_67013799471.mp4	1364705	9.46
/c/ClippersHQ_renders/outputs_paste_20260816_bl1323_rerun/_work/paste_DWxqlFaiPf1__20260816T131308Z/head.mp4	442256	7.64
/c/ClippersHQ_renders/outputs_paste_20260816_bl1323_rerun/_work/paste_DWxqlFaiPf1__20260816T131308Z/instagram/clips/3869060821275965429_810675847.mp4	442256	7.64
/c/ClippersHQ_renders/outputs_paste_20260816_bl1323_rerun/_work/paste_DWxqlFaiPf1__20260816T132415Z/head.mp4	442256	7.64
/c/ClippersHQ_renders/outputs_paste_20260816_bl1323_rerun/_work/paste_DWxqlFaiPf1__20260816T132415Z/instagram/clips/3869060821275965429_810675847.mp4	442256	7.64
/c/ClippersHQ_renders/outputs_paste_20260816_bl1323_rerun/_work/paste_DXb9-eME_k2__20260816T131133Z/head.mp4	1841535	18.67
/c/ClippersHQ_renders/outputs_paste_20260816_bl1323_rerun/_work/paste_DXb9-eME_k2__20260816T131133Z/instagram/the_cinematic.01/3880968077769439542_73997478945.mp4	1841535	18.67
/c/ClippersHQ_renders/outputs_paste_20260816_bl1323_rerun/_work/paste_DXb9-eME_k2__20260816T131133Z/instagram/the_cinematic.01/final/white_frame/3880968077769439542_73997478945.mp4	4660718	18.67
/c/ClippersHQ_renders/outputs_paste_20260816_bl1323_rerun/_work/paste_DXb9-eME_k2__20260816T132206Z/head.mp4	1602915	18.67
/c/ClippersHQ_renders/outputs_paste_20260816_bl1323_rerun/_work/paste_DXb9-eME_k2__20260816T132206Z/instagram/the_cinematic.01/3880968077769439542_73997478945.mp4	1602915	18.67
/c/ClippersHQ_renders/outputs_paste_20260816_bl1323_rerun/_work/paste_DXb9-eME_k2__20260816T132206Z/instagram/the_cinematic.01/final/white_frame/3880968077769439542_73997478945.mp4	2740364	18.67
/c/ClippersHQ_renders/outputs_paste_20260816_bl1323_rerun/_work/paste_DXbK3hOE6Hg__20260816T130841Z/head.mp4	1620777	14.70
/c/ClippersHQ_renders/outputs_paste_20260816_bl1323_rerun/_work/paste_DXbK3hOE6Hg__20260816T130841Z/instagram/elevenxyou/3880743299615793632_46205691980.mp4	1620777	14.70
/c/ClippersHQ_renders/outputs_paste_20260816_bl1323_rerun/_work/paste_DXbK3hOE6Hg__20260816T130841Z/instagram/elevenxyou/final/white_frame/3880743299615793632_46205691980.mp4	3206910	14.70
/c/ClippersHQ_renders/outputs_paste_20260816_bl1323_rerun/_work/paste_DXbK3hOE6Hg__20260816T131901Z/head.mp4	1455651	14.70
/c/ClippersHQ_renders/outputs_paste_20260816_bl1323_rerun/_work/paste_DXbK3hOE6Hg__20260816T131901Z/instagram/elevenxyou/3880743299615793632_46205691980.mp4	1455651	14.70
/c/ClippersHQ_renders/outputs_paste_20260816_bl1323_rerun/_work/paste_DXbK3hOE6Hg__20260816T131901Z/instagram/elevenxyou/final/white_frame/3880743299615793632_46205691980.mp4	3169040	14.70
/c/ClippersHQ_renders/outputs_paste_20260816_bl1323_rerun/_work/paste_DXedd-VAvqH__20260816T140316Z/head.mp4	1516619	15.10
/c/ClippersHQ_renders/outputs_paste_20260816_bl1323_rerun/_work/paste_DXedd-VAvqH__20260816T140316Z/instagram/notsoserious_memes/3881669531978103431_78457595357.mp4	1516619	15.10
/c/ClippersHQ_renders/outputs_paste_20260816_bl1323_rerun/_work/paste_DXedd-VAvqH__20260816T140316Z/instagram/notsoserious_memes/final/white_frame/3881669531978103431_78457595357.mp4	2547048	15.10
/c/ClippersHQ_renders/outputs_paste_20260816_bl1323_rerun/_work/paste_DXerM2ZgLQY__20260816T135201Z/head.mp4	1330964	11.03
/c/ClippersHQ_renders/outputs_paste_20260816_bl1323_rerun/_work/paste_DXerM2ZgLQY__20260816T135201Z/instagram/male/3881729927883568152_9496144743.mp4	1330964	11.03
/c/ClippersHQ_renders/outputs_paste_20260816_bl1323_rerun/_work/paste_DXerM2ZgLQY__20260816T135201Z/instagram/male/final/white_frame/3881729927883568152_9496144743.mp4	4483416	11.03
/c/ClippersHQ_renders/outputs_paste_20260816_bl1323_rerun/_work/paste_DXhQaHZCVWf__20260816T131448Z/head.mp4	899038	9.93
/c/ClippersHQ_renders/outputs_paste_20260816_bl1323_rerun/_work/paste_DXhQaHZCVWf__20260816T131448Z/instagram/victus._.n/3882456517156885919_73365361054.mp4	899038	9.93
/c/ClippersHQ_renders/outputs_paste_20260816_bl1323_rerun/_work/paste_DXhQaHZCVWf__20260816T131448Z/instagram/victus._.n/final/white_frame/3882456517156885919_73365361054.mp4	1676747	9.93
/c/ClippersHQ_renders/outputs_paste_20260816_bl1323_rerun/_work/paste_DXhQaHZCVWf__20260816T132609Z/head.mp4	1322364	9.93
/c/ClippersHQ_renders/outputs_paste_20260816_bl1323_rerun/_work/paste_DXhQaHZCVWf__20260816T132609Z/instagram/victus._.n/3882456517156885919_73365361054.mp4	1322364	9.93
/c/ClippersHQ_renders/outputs_paste_20260816_bl1323_rerun/_work/paste_DXhQaHZCVWf__20260816T132609Z/instagram/victus._.n/final/white_frame/3882456517156885919_73365361054.mp4	2940346	9.93
/c/ClippersHQ_renders/outputs_paste_20260816_bl1323_rerun/_work/paste_DXpPUOIjLid__20260816T131017Z/head.mp4	757829	11.77
/c/ClippersHQ_renders/outputs_paste_20260816_bl1323_rerun/_work/paste_DXpPUOIjLid__20260816T131017Z/instagram/spatter.exe/3884703513846790301_76217980934.mp4	757829	11.77
/c/ClippersHQ_renders/outputs_paste_20260816_bl1323_rerun/_work/paste_DXpPUOIjLid__20260816T131017Z/instagram/spatter.exe/final/white_frame/3884703513846790301_76217980934.mp4	1273990	11.77
/c/ClippersHQ_renders/outputs_paste_20260816_bl1323_rerun/_work/paste_DXpPUOIjLid__20260816T132056Z/head.mp4	757829	11.77
/c/ClippersHQ_renders/outputs_paste_20260816_bl1323_rerun/_work/paste_DXpPUOIjLid__20260816T132056Z/instagram/spatter.exe/3884703513846790301_76217980934.mp4	757829	11.77
/c/ClippersHQ_renders/outputs_paste_20260816_bl1323_rerun/_work/paste_DXpPUOIjLid__20260816T132056Z/instagram/spatter.exe/final/white_frame/3884703513846790301_76217980934.mp4	1323228	11.77
/c/ClippersHQ_renders/outputs_paste_20260816_bl1323_rerun/_work/paste_DYCv8lXzmWh__20260816T131343Z/head.mp4	1675717	20.02
/c/ClippersHQ_renders/outputs_paste_20260816_bl1323_rerun/_work/paste_DYCv8lXzmWh__20260816T131343Z/instagram/cine.journalist/3891883899484005793_42613350451.mp4	3086960	35.18
/c/ClippersHQ_renders/outputs_paste_20260816_bl1323_rerun/_work/paste_DYCv8lXzmWh__20260816T131343Z/instagram/cine.journalist/final/white_frame/3891883899484005793_42613350451.mp4	3113369	19.97
/c/ClippersHQ_renders/outputs_paste_20260816_bl1323_rerun/_work/paste_DYCv8lXzmWh__20260816T132457Z/head.mp4	1633118	20.10
/c/ClippersHQ_renders/outputs_paste_20260816_bl1323_rerun/_work/paste_DYCv8lXzmWh__20260816T132457Z/instagram/cine.journalist/3891883899484005793_42613350451.mp4	2944624	35.18
/c/ClippersHQ_renders/outputs_paste_20260816_bl1323_rerun/_work/paste_DYCv8lXzmWh__20260816T132457Z/instagram/cine.journalist/final/white_frame/3891883899484005793_42613350451.mp4	2722476	19.97
/c/ClippersHQ_renders/outputs_paste_20260816_bl1323_rerun/_work/paste_DYJgUuAhPQ6__20260816T140645Z/head.mp4	1275620	20.02
/c/ClippersHQ_renders/outputs_paste_20260816_bl1323_rerun/_work/paste_DYJgUuAhPQ6__20260816T140645Z/instagram/_the_black_human/3893785514117231674_51290443691.mp4	3907393	59.93
/c/ClippersHQ_renders/outputs_paste_20260816_bl1323_rerun/_work/paste_DYJgUuAhPQ6__20260816T140645Z/instagram/_the_black_human/final/white_frame/3893785514117231674_51290443691.mp4	2515859	19.97
/c/ClippersHQ_renders/outputs_paste_20260816_bl1323_rerun/_work/paste_DYZ8QzjB8vx__20260816T131049Z/head.mp4	753765	15.56
/c/ClippersHQ_renders/outputs_paste_20260816_bl1323_rerun/_work/paste_DYZ8QzjB8vx__20260816T131049Z/instagram/wasted/3898411990116715505_1415356583.mp4	753765	15.56
/c/ClippersHQ_renders/outputs_paste_20260816_bl1323_rerun/_work/paste_DYZ8QzjB8vx__20260816T131049Z/instagram/wasted/final/white_frame/3898411990116715505_1415356583.mp4	1765962	15.53
/c/ClippersHQ_renders/outputs_paste_20260816_bl1323_rerun/_work/paste_DYZ8QzjB8vx__20260816T132124Z/head.mp4	1071414	15.56
/c/ClippersHQ_renders/outputs_paste_20260816_bl1323_rerun/_work/paste_DYZ8QzjB8vx__20260816T132124Z/instagram/wasted/3898411990116715505_1415356583.mp4	1071414	15.56
/c/ClippersHQ_renders/outputs_paste_20260816_bl1323_rerun/_work/paste_DYZ8QzjB8vx__20260816T132124Z/instagram/wasted/final/white_frame/3898411990116715505_1415356583.mp4	2712544	15.53
/c/ClippersHQ_renders/outputs_paste_20260816_bl1323_rerun/_work/paste_DZJEQCpzXZ___20260816T135754Z/head.mp4	1909476	20.02
/c/ClippersHQ_renders/outputs_paste_20260816_bl1323_rerun/_work/paste_DZJEQCpzXZ___20260816T135754Z/instagram/filmofied/3911676445894473343_73173570400.mp4	2574318	27.63
/c/ClippersHQ_renders/outputs_paste_20260816_bl1323_rerun/_work/paste_DZJEQCpzXZ___20260816T135754Z/instagram/filmofied/final/white_frame/3911676445894473343_73173570400.mp4	4866312	19.97
/c/ClippersHQ_renders/outputs_paste_20260816_bl1323_rerun/_work/paste_DZKm3vZSXuE__20260816T141422Z/head.mp4	1138032	14.14
/c/ClippersHQ_renders/outputs_paste_20260816_bl1323_rerun/_work/paste_DZKm3vZSXuE__20260816T141422Z/instagram/memes_of_nao/3912110182553451396_80683889041.mp4	1138032	14.14
/c/ClippersHQ_renders/outputs_paste_20260816_bl1323_rerun/_work/paste_DZKm3vZSXuE__20260816T141422Z/instagram/memes_of_nao/final/white_frame/3912110182553451396_80683889041.mp4	2288656	14.12
/c/ClippersHQ_renders/outputs_paste_20260816_bl1323_rerun/_work/paste_DZREYr1ujJN__20260816T131517Z/head.mp4	1032069	8.36
/c/ClippersHQ_renders/outputs_paste_20260816_bl1323_rerun/_work/paste_DZREYr1ujJN__20260816T131517Z/instagram/cineplaymemesxp/3913928839687451213_38858506807.mp4	1032069	8.36
/c/ClippersHQ_renders/outputs_paste_20260816_bl1323_rerun/_work/paste_DZREYr1ujJN__20260816T131517Z/instagram/cineplaymemesxp/final/white_frame/3913928839687451213_38858506807.mp4	1946188	8.20
/c/ClippersHQ_renders/outputs_paste_20260816_bl1323_rerun/_work/paste_DZREYr1ujJN__20260816T132722Z/head.mp4	1147687	8.36
/c/ClippersHQ_renders/outputs_paste_20260816_bl1323_rerun/_work/paste_DZREYr1ujJN__20260816T132722Z/instagram/cineplaymemesxp/3913928839687451213_38858506807.mp4	1147687	8.36
/c/ClippersHQ_renders/outputs_paste_20260816_bl1323_rerun/_work/paste_DZREYr1ujJN__20260816T132722Z/instagram/cineplaymemesxp/final/white_frame/3913928839687451213_38858506807.mp4	1979412	8.20
/c/ClippersHQ_renders/outputs_paste_20260816_bl1323_rerun/_work/paste_DZhrH5RoXrL__20260816T131645Z/head.mp4	4295116	16.55
/c/ClippersHQ_renders/outputs_paste_20260816_bl1323_rerun/_work/paste_DZhrH5RoXrL__20260816T131645Z/instagram/clips/3918602809324436171_810675847.mp4	4295116	16.55
/c/ClippersHQ_renders/outputs_paste_20260816_bl1323_rerun/_work/paste_DZhrH5RoXrL__20260816T131645Z/instagram/clips/final/white_frame/3918602809324436171_810675847.mp4	12060887	16.53
/c/ClippersHQ_renders/outputs_paste_20260816_bl1323_rerun/_work/paste_DZhrH5RoXrL__20260816T133418Z/head.mp4	3277117	16.55
/c/ClippersHQ_renders/outputs_paste_20260816_bl1323_rerun/_work/paste_DZhrH5RoXrL__20260816T133418Z/instagram/clips/3918602809324436171_810675847.mp4	3277117	16.55
/c/ClippersHQ_renders/outputs_paste_20260816_bl1323_rerun/_work/paste_DZhrH5RoXrL__20260816T133418Z/instagram/clips/final/white_frame/3918602809324436171_810675847.mp4	7365592	16.53
/c/ClippersHQ_renders/outputs_paste_20260816_bl1323_rerun/_work/paste_Da0f8tUsz5-__20260816T142036Z/head.mp4	374475	7.66
/c/ClippersHQ_renders/outputs_paste_20260816_bl1323_rerun/_work/paste_Da0f8tUsz5-__20260816T142036Z/instagram/roughandbrutal/3941916085132148350_69080892544.mp4	374475	7.66
/c/ClippersHQ_renders/outputs_paste_20260816_bl1323_rerun/_work/paste_Da9VimfRHfA__20260816T131816Z/head.mp4	1248664	8.31
/c/ClippersHQ_renders/outputs_paste_20260816_bl1323_rerun/_work/paste_Da9VimfRHfA__20260816T131816Z/instagram/movies.h1story/3944403585412134848_25176775959.mp4	1248664	8.31
/c/ClippersHQ_renders/outputs_paste_20260816_bl1323_rerun/_work/paste_Da9VimfRHfA__20260816T133815Z/head.mp4	1248664	8.31
/c/ClippersHQ_renders/outputs_paste_20260816_bl1323_rerun/_work/paste_Da9VimfRHfA__20260816T133815Z/instagram/movies.h1story/3944403585412134848_25176775959.mp4	1248664	8.31
/c/ClippersHQ_renders/outputs_paste_20260816_bl1323_rerun/_work/paste_DaKb0i0NHQX__20260816T141123Z/head.mp4	1500869	16.83
/c/ClippersHQ_renders/outputs_paste_20260816_bl1323_rerun/_work/paste_DaKb0i0NHQX__20260816T141123Z/instagram/screenjunkiebe/3930075982885843991_31503501582.mp4	1500869	16.83
/c/ClippersHQ_renders/outputs_paste_20260816_bl1323_rerun/_work/paste_DaKb0i0NHQX__20260816T141123Z/instagram/screenjunkiebe/final/white_frame/3930075982885843991_31503501582.mp4	4925025	16.83
/c/ClippersHQ_renders/outputs_paste_20260816_bl1323_rerun/_work/paste_DaXkSUsuRWM__20260816T130920Z/head.mp4	1550863	20.03
/c/ClippersHQ_renders/outputs_paste_20260816_bl1323_rerun/_work/paste_DaXkSUsuRWM__20260816T130920Z/instagram/shuxhaze/3933772388381562252_80430291368.mp4	1783694	22.83
/c/ClippersHQ_renders/outputs_paste_20260816_bl1323_rerun/_work/paste_DaXkSUsuRWM__20260816T130920Z/instagram/shuxhaze/final/white_frame/3933772388381562252_80430291368.mp4	5517070	19.97
/c/ClippersHQ_renders/outputs_paste_20260816_bl1323_rerun/_work/paste_DaXkSUsuRWM__20260816T131947Z/head.mp4	1550863	20.03
/c/ClippersHQ_renders/outputs_paste_20260816_bl1323_rerun/_work/paste_DaXkSUsuRWM__20260816T131947Z/instagram/shuxhaze/3933772388381562252_80430291368.mp4	1783694	22.83
/c/ClippersHQ_renders/outputs_paste_20260816_bl1323_rerun/_work/paste_DaXkSUsuRWM__20260816T131947Z/instagram/shuxhaze/final/white_frame/3933772388381562252_80430291368.mp4	5205909	19.97
/c/ClippersHQ_renders/outputs_paste_20260816_bl1323_rerun/_work/paste_Da_-fsPSGNt__20260816T141555Z/head.mp4	1419817	20.02
/c/ClippersHQ_renders/outputs_paste_20260816_bl1323_rerun/_work/paste_Da_-fsPSGNt__20260816T141555Z/instagram/_noctis21/3945146655288353645_49351451656.mp4	3943157	53.15
/c/ClippersHQ_renders/outputs_paste_20260816_bl1323_rerun/_work/paste_Da_-fsPSGNt__20260816T141555Z/instagram/_noctis21/final/white_frame/3945146655288353645_49351451656.mp4	3462043	19.97
/c/ClippersHQ_renders/outputs_paste_20260816_bl1323_rerun/_work/paste_Db4x6LksRH0__20260816T134537Z/head.mp4	1698722	10.80
/c/ClippersHQ_renders/outputs_paste_20260816_bl1323_rerun/_work/paste_Db4x6LksRH0__20260816T134537Z/instagram/nazriddinov.ae/3961135374707790324_76810475773.mp4	1698722	10.80
/c/ClippersHQ_renders/outputs_paste_20260816_bl1323_rerun/_work/paste_Db4x6LksRH0__20260816T134537Z/instagram/nazriddinov.ae/final/white_frame/3961135374707790324_76810475773.mp4	3040800	10.73
/c/ClippersHQ_renders/outputs_paste_20260816_bl1323_rerun/_work/paste_DbDPnKQs2sd__20260816T131233Z/head.mp4	747953	9.87
/c/ClippersHQ_renders/outputs_paste_20260816_bl1323_rerun/_work/paste_DbDPnKQs2sd__20260816T131233Z/instagram/hexamv/3946066360281557789_78453797484.mp4	747953	9.87
/c/ClippersHQ_renders/outputs_paste_20260816_bl1323_rerun/_work/paste_DbDPnKQs2sd__20260816T131233Z/instagram/hexamv/final/white_frame/3946066360281557789_78453797484.mp4	2451337	9.87
/c/ClippersHQ_renders/outputs_paste_20260816_bl1323_rerun/_work/paste_DbDPnKQs2sd__20260816T132304Z/head.mp4	523440	9.87
/c/ClippersHQ_renders/outputs_paste_20260816_bl1323_rerun/_work/paste_DbDPnKQs2sd__20260816T132304Z/instagram/hexamv/3946066360281557789_78453797484.mp4	523440	9.87
/c/ClippersHQ_renders/outputs_paste_20260816_bl1323_rerun/_work/paste_DbDPnKQs2sd__20260816T132304Z/instagram/hexamv/final/white_frame/3946066360281557789_78453797484.mp4	1425230	9.87
/c/ClippersHQ_renders/outputs_paste_20260816_bl1323_rerun/_work/paste_Db_YpI6hz5t__20260816T134952Z/head.mp4	3084026	20.02
/c/ClippersHQ_renders/outputs_paste_20260816_bl1323_rerun/_work/paste_Db_YpI6hz5t__20260816T134952Z/instagram/narobi_99k/3962994577296014957_68969290342.mp4	3251983	21.39
/c/ClippersHQ_renders/outputs_paste_20260816_bl1323_rerun/_work/paste_Dbgb7JOpB1t__20260816T134015Z/head.mp4	1178654	11.63
/c/ClippersHQ_renders/outputs_paste_20260816_bl1323_rerun/_work/paste_Dbgb7JOpB1t__20260816T134015Z/instagram/illogicalmemehub/3954283284445535597_39581608900.mp4	1178654	11.63
/c/ClippersHQ_renders/outputs_paste_20260816_bl1323_rerun/_work/paste_Dbgb7JOpB1t__20260816T134015Z/instagram/illogicalmemehub/final/white_frame/3954283284445535597_39581608900.mp4	2698068	11.61
/c/ClippersHQ_renders/outputs_paste_20260816_bl1323_rerun/_work/paste_DbriMjpColj__20260816T131619Z/head.mp4	745387	11.19
/c/ClippersHQ_renders/outputs_paste_20260816_bl1323_rerun/_work/paste_DbriMjpColj__20260816T131619Z/instagram/pridepersonality/3957407094059731299_80590491619.mp4	745387	11.19
/c/ClippersHQ_renders/outputs_paste_20260816_bl1323_rerun/_work/paste_DbriMjpColj__20260816T131619Z/instagram/pridepersonality/final/white_frame/3957407094059731299_80590491619.mp4	1246047	11.13
/c/ClippersHQ_renders/outputs_paste_20260816_bl1323_rerun/_work/paste_DbriMjpColj__20260816T133017Z/head.mp4	865878	11.19
/c/ClippersHQ_renders/outputs_paste_20260816_bl1323_rerun/_work/paste_DbriMjpColj__20260816T133017Z/instagram/pridepersonality/3957407094059731299_80590491619.mp4	865878	11.19
/c/ClippersHQ_renders/outputs_paste_20260816_bl1323_rerun/_work/paste_DbriMjpColj__20260816T133017Z/instagram/pridepersonality/final/white_frame/3957407094059731299_80590491619.mp4	1334004	11.13
/c/ClippersHQ_renders/outputs_paste_20260816_bl1323_rerun/_work/paste_DcCiRUtByYU__20260816T142127Z/head.mp4	1779193	20.02
/c/ClippersHQ_renders/outputs_paste_20260816_bl1323_rerun/_work/paste_DcCiRUtByYU__20260816T142127Z/instagram/getintoai/3963881346082219540_61447067171.mp4	6116844	60.02
/c/ClippersHQ_renders/outputs_paste_20260816_bl1323_rest/_work/paste_DcCiRUtByYU__20260816T142639Z/head.mp4	2122190	20.04
/c/ClippersHQ_renders/outputs_paste_20260816_bl1323_rest/_work/paste_DcCiRUtByYU__20260816T142639Z/instagram/getintoai/3963881346082219540_61447067171.mp4	7354533	60.02
/c/ClippersHQ_renders/outputs_paste_20260816_bl1328_DVIoT7UguGk/_work/paste_DVIoT7UguGk__20260816T171358Z/head.mp4	814081	10.94
/c/ClippersHQ_renders/outputs_paste_20260816_bl1328_DVIoT7UguGk/_work/paste_DVIoT7UguGk__20260816T171358Z/instagram/clips/3839495973558739364_810675847.mp4	814081	10.94
/c/ClippersHQ_renders/outputs_paste_20260816_bl1328_DVIoT7UguGk/_work/paste_DVIoT7UguGk__20260816T171358Z/instagram/clips/final/white_frame/3839495973558739364_810675847.mp4	1460510	10.93
/c/ClippersHQ_renders/outputs_paste_20260816_bl1328_DVUjllKjeFp/_work/paste_DVUjllKjeFp__20260816T171432Z/head.mp4	1141519	8.06
/c/ClippersHQ_renders/outputs_paste_20260816_bl1328_DVUjllKjeFp/_work/paste_DVUjllKjeFp__20260816T171432Z/instagram/men/3842852896207921513_3959377667.mp4	1141519	8.06
/c/ClippersHQ_renders/outputs_paste_20260816_bl1328_DVUjllKjeFp/_work/paste_DVUjllKjeFp__20260816T171432Z/instagram/men/final/white_frame/3842852896207921513_3959377667.mp4	3659008	8.03
/c/ClippersHQ_renders/outputs_paste_20260816_bl1328_DVZd0QXgeoM/_work/paste_DVZd0QXgeoM__20260816T171651Z/head.mp4	630330	7.10
/c/ClippersHQ_renders/outputs_paste_20260816_bl1328_DVZd0QXgeoM/_work/paste_DVZd0QXgeoM__20260816T171651Z/instagram/levelgonn/3844234891273300492_69011852061.mp4	630330	7.10
/c/ClippersHQ_renders/outputs_paste_20260816_bl1328_DVpUY5dk8Sv/_work/paste_DVpUY5dk8Sv__20260816T162856Z/head.mp4	517744	10.33
/c/ClippersHQ_renders/outputs_paste_20260816_bl1328_DVpUY5dk8Sv/_work/paste_DVpUY5dk8Sv__20260816T162856Z/instagram/memeclips.ig/3848697028461970607_1536781760.mp4	517744	10.33
/c/ClippersHQ_renders/outputs_paste_20260816_bl1328_DVpUY5dk8Sv/_work/paste_DVpUY5dk8Sv__20260816T162856Z/instagram/memeclips.ig/final/white_frame/3848697028461970607_1536781760.mp4	911514	10.33
/c/ClippersHQ_renders/outputs_paste_20260816_bl1328_DXVM_GckzZB/_work/paste_DXVM_GckzZB__20260816T171028Z/head.mp4	424948	6.07
/c/ClippersHQ_renders/outputs_paste_20260816_bl1328_DXVM_GckzZB/_work/paste_DXVM_GckzZB__20260816T171028Z/instagram/pov.central.us/3879063766856578625_77501263782.mp4	424948	6.07
/c/ClippersHQ_renders/outputs_paste_20260816_bl1328_DYcuDT1Bgls/_work/paste_DYcuDT1Bgls__20260816T171102Z/head.mp4	1003398	14.91
/c/ClippersHQ_renders/outputs_paste_20260816_bl1328_DYcuDT1Bgls/_work/paste_DYcuDT1Bgls__20260816T171102Z/instagram/wasted/3899193914984630636_1415356583.mp4	1003398	14.91
/c/ClippersHQ_renders/outputs_paste_20260816_bl1328_DYcuDT1Bgls/_work/paste_DYcuDT1Bgls__20260816T171102Z/instagram/wasted/final/white_frame/3899193914984630636_1415356583.mp4	1430207	14.90
/c/ClippersHQ_renders/outputs_paste_20260816_bl1328_DYhMUZLNPzq/_work/paste_DYhMUZLNPzq__20260816T170506Z/head.mp4	2337941	19.83
/c/ClippersHQ_renders/outputs_paste_20260816_bl1328_DYhMUZLNPzq/_work/paste_DYhMUZLNPzq__20260816T170506Z/instagram/algorithm_gone_wild/3900452930258795754_75576032144.mp4	2337941	19.83
/c/ClippersHQ_renders/outputs_paste_20260816_bl1328_DYhMUZLNPzq/_work/paste_DYhMUZLNPzq__20260816T170506Z/instagram/algorithm_gone_wild/final/white_frame/3900452930258795754_75576032144.mp4	4901267	19.78
/c/ClippersHQ_renders/outputs_paste_20260816_bl1328_DYm7dqEzYRu/_work/paste_DYm7dqEzYRu__20260816T170802Z/head.mp4	1135439	10.05
/c/ClippersHQ_renders/outputs_paste_20260816_bl1328_DYm7dqEzYRu/_work/paste_DYm7dqEzYRu__20260816T170802Z/instagram/skye.drive/3902067649949828206_15648201902.mp4	1135439	10.05
/c/ClippersHQ_renders/outputs_paste_20260816_bl1328_DYoy1QVy_bb/_work/paste_DYoy1QVy_bb__20260816T170735Z/head.mp4	621234	7.43
/c/ClippersHQ_renders/outputs_paste_20260816_bl1328_DYoy1QVy_bb/_work/paste_DYoy1QVy_bb__20260816T170735Z/instagram/yolocameraguy/3902592639119914715_77735958509.mp4	621234	7.43
/c/ClippersHQ_renders/outputs_paste_20260816_bl1328_DZNYsVOiZDu/_work/paste_DZNYsVOiZDu__20260816T162140Z/head.mp4	1261101	12.00
/c/ClippersHQ_renders/outputs_paste_20260816_bl1328_DZNYsVOiZDu/_work/paste_DZNYsVOiZDu__20260816T162140Z/instagram/edm_giraffe/3912892250820546798_79975011164.mp4	1261101	12.00
/c/ClippersHQ_renders/outputs_paste_20260816_bl1328_DZNYsVOiZDu/_work/paste_DZNYsVOiZDu__20260816T162140Z/instagram/edm_giraffe/final/white_frame/3912892250820546798_79975011164.mp4	4078621	12.00
/c/ClippersHQ_renders/outputs_paste_20260816_bl1328_DZP4JNrpwtg/_work/paste_DZP4JNrpwtg__20260816T165118Z/head.mp4	1514654	10.84
/c/ClippersHQ_renders/outputs_paste_20260816_bl1328_DZP4JNrpwtg/_work/paste_DZP4JNrpwtg__20260816T165118Z/instagram/victus._.n/3913593524979174240_73365361054.mp4	1514654	10.84
/c/ClippersHQ_renders/outputs_paste_20260816_bl1328_DZP4JNrpwtg/_work/paste_DZP4JNrpwtg__20260816T165118Z/instagram/victus._.n/final/white_frame/3913593524979174240_73365361054.mp4	3062530	10.80
/c/ClippersHQ_renders/outputs_paste_20260816_bl1328_DZjbVmjBVsg/_work/paste_DZjbVmjBVsg__20260816T171326Z/head.mp4	709958	12.14
/c/ClippersHQ_renders/outputs_paste_20260816_bl1328_DZjbVmjBVsg/_work/paste_DZjbVmjBVsg__20260816T171326Z/instagram/mcu_universe__/3919096332497017632_77696944588.mp4	709958	12.14
/c/ClippersHQ_renders/outputs_paste_20260816_bl1328_DZjbVmjBVsg/_work/paste_DZjbVmjBVsg__20260816T171326Z/instagram/mcu_universe__/final/white_frame/3919096332497017632_77696944588.mp4	1384872	12.13
/c/ClippersHQ_renders/outputs_paste_20260816_bl1328_DZvWgGWRPNQ/_work/paste_DZvWgGWRPNQ__20260816T171212Z/head.mp4	973453	15.68
/c/ClippersHQ_renders/outputs_paste_20260816_bl1328_DZvWgGWRPNQ/_work/paste_DZvWgGWRPNQ__20260816T171212Z/instagram/intoxication/3922452763325559632_66131518611.mp4	973453	15.68
/c/ClippersHQ_renders/outputs_paste_20260816_bl1328_DZvWgGWRPNQ/_work/paste_DZvWgGWRPNQ__20260816T171212Z/instagram/intoxication/final/white_frame/3922452763325559632_66131518611.mp4	2310539	15.68
/c/ClippersHQ_renders/outputs_paste_20260816_bl1328_DaDlsPVBo_D/_work/paste_DaDlsPVBo_D__20260816T165934Z/head.mp4	639125	8.06
/c/ClippersHQ_renders/outputs_paste_20260816_bl1328_DaDlsPVBo_D/_work/paste_DaDlsPVBo_D__20260816T165934Z/instagram/meme.froth/3928149067833970627_72303137803.mp4	639125	8.06
/c/ClippersHQ_renders/outputs_paste_20260816_bl1328_DaDlsPVBo_D/_work/paste_DaDlsPVBo_D__20260816T165934Z/instagram/meme.froth/final/white_frame/3928149067833970627_72303137803.mp4	1582104	8.03
/c/ClippersHQ_renders/outputs_paste_20260816_bl1328_DaX7F2yNtNo/_work/paste_DaX7F2yNtNo__20260816T172023Z/head.mp4	1222411	14.12
/c/ClippersHQ_renders/outputs_paste_20260816_bl1328_DaX7F2yNtNo/_work/paste_DaX7F2yNtNo__20260816T172023Z/instagram/themoviesthetic.in/3933872686697468776_35684201922.mp4	1222411	14.12
/c/ClippersHQ_renders/outputs_paste_20260816_bl1328_Daa9DFBP4Cx/_work/paste_Daa9DFBP4Cx__20260816T161848Z/head.mp4	2017974	20.02
/c/ClippersHQ_renders/outputs_paste_20260816_bl1328_Daa9DFBP4Cx/_work/paste_Daa9DFBP4Cx__20260816T161848Z/instagram/silent_chaosxcinema_24hrs/3934725716846805169_77324263534.mp4	4551620	43.98
/c/ClippersHQ_renders/outputs_paste_20260816_bl1328_Daa9DFBP4Cx/_work/paste_Daa9DFBP4Cx__20260816T161848Z/instagram/silent_chaosxcinema_24hrs/final/white_frame/3934725716846805169_77324263534.mp4	5380832	19.97
/c/ClippersHQ_renders/outputs_paste_20260816_bl1328_DagS5tCBmJ-/_work/paste_DagS5tCBmJ-__20260816T171536Z/head.mp4	604956	10.54
/c/ClippersHQ_renders/outputs_paste_20260816_bl1328_DagS5tCBmJ-/_work/paste_DagS5tCBmJ-__20260816T171536Z/instagram/wasted/3936229204521542270_1415356583.mp4	604956	10.54
/c/ClippersHQ_renders/outputs_paste_20260816_bl1328_DagS5tCBmJ-/_work/paste_DagS5tCBmJ-__20260816T171536Z/instagram/wasted/final/white_frame/3936229204521542270_1415356583.mp4	1050440	10.53
/c/ClippersHQ_renders/outputs_paste_20260816_bl1328_DalajbzSjXS/_work/paste_DalajbzSjXS__20260816T163355Z/head.mp4	2980265	20.04
/c/ClippersHQ_renders/outputs_paste_20260816_bl1328_DalajbzSjXS/_work/paste_DalajbzSjXS__20260816T163355Z/instagram/acliips/3937670233447871954_72201355197.mp4	8280335	62.90
/c/ClippersHQ_renders/outputs_paste_20260816_bl1328_DalajbzSjXS/_work/paste_DalajbzSjXS__20260816T163355Z/instagram/acliips/final/white_frame/3937670233447871954_72201355197.mp4	6528713	19.97
/c/ClippersHQ_renders/outputs_paste_20260816_bl1328_DamVhyqk4rN/_work/paste_DamVhyqk4rN__20260816T171256Z/head.mp4	539348	8.90
/c/ClippersHQ_renders/outputs_paste_20260816_bl1328_DamVhyqk4rN/_work/paste_DamVhyqk4rN__20260816T171256Z/instagram/randomshi415/3937929605302946509_44143456950.mp4	539348	8.90
/c/ClippersHQ_renders/outputs_paste_20260816_bl1328_DamVhyqk4rN/_work/paste_DamVhyqk4rN__20260816T171256Z/instagram/randomshi415/final/white_frame/3937929605302946509_44143456950.mp4	1529557	8.90
/c/ClippersHQ_renders/outputs_paste_20260816_bl1328_Db04yk8sqjf/_work/paste_Db04yk8sqjf__20260816T164808Z/head.mp4	989781	6.04
/c/ClippersHQ_renders/outputs_paste_20260816_bl1328_Db04yk8sqjf/_work/paste_Db04yk8sqjf__20260816T164808Z/instagram/clippingforearning/3960039738617014495_36266000290.mp4	989781	6.04
/c/ClippersHQ_renders/outputs_paste_20260816_bl1328_DbDTFN1prH4/_work/paste_DbDTFN1prH4__20260816T170836Z/head.mp4	518635	9.10
/c/ClippersHQ_renders/outputs_paste_20260816_bl1328_DbDTFN1prH4/_work/paste_DbDTFN1prH4__20260816T170836Z/instagram/drishya.j_2007/3946081619846541816_44089529235.mp4	518635	9.10
/c/ClippersHQ_renders/outputs_paste_20260816_bl1328_DbDTFN1prH4/_work/paste_DbDTFN1prH4__20260816T170836Z/instagram/drishya.j_2007/final/white_frame/3946081619846541816_44089529235.mp4	909505	9.00
/c/ClippersHQ_renders/outputs_paste_20260816_bl1328_DbHm1n9MuM8/_work/paste_DbHm1n9MuM8__20260816T170248Z/head.mp4	340081	8.01
/c/ClippersHQ_renders/outputs_paste_20260816_bl1328_DbHm1n9MuM8/_work/paste_DbHm1n9MuM8__20260816T170248Z/instagram/wasted/3947294409215894332_1415356583.mp4	340081	8.01
/c/ClippersHQ_renders/outputs_paste_20260816_bl1328_DbHm1n9MuM8/_work/paste_DbHm1n9MuM8__20260816T170248Z/instagram/wasted/final/white_frame/3947294409215894332_1415356583.mp4	690590	8.00
/c/ClippersHQ_renders/outputs_paste_20260816_bl1328_DbMLBm3TCTg/_work/paste_DbMLBm3TCTg__20260816T171731Z/head.mp4	588515	8.23
/c/ClippersHQ_renders/outputs_paste_20260816_bl1328_DbMLBm3TCTg/_work/paste_DbMLBm3TCTg__20260816T171731Z/instagram/intoxication/3948579462258107616_66131518611.mp4	588515	8.23
/c/ClippersHQ_renders/outputs_paste_20260816_bl1328_DbMLBm3TCTg/_work/paste_DbMLBm3TCTg__20260816T171731Z/instagram/intoxication/final/white_frame/3948579462258107616_66131518611.mp4	985310	8.17
/c/ClippersHQ_renders/outputs_paste_20260816_bl1328_DbVVbLriLcH/_work/paste_DbVVbLriLcH__20260816T171135Z/head.mp4	583134	9.59
/c/ClippersHQ_renders/outputs_paste_20260816_bl1328_DbVVbLriLcH/_work/paste_DbVVbLriLcH__20260816T171135Z/instagram/bixhslayer_/3951158475031623431_46493821404.mp4	583134	9.59
/c/ClippersHQ_renders/outputs_paste_20260816_bl1328_DbVVbLriLcH/_work/paste_DbVVbLriLcH__20260816T171135Z/instagram/bixhslayer_/final/white_frame/3951158475031623431_46493821404.mp4	1045803	9.50
/c/ClippersHQ_renders/outputs_paste_20260816_bl1328_DbYO4D0RxCH/_work/paste_DbYO4D0RxCH__20260816T163833Z/head.mp4	1145109	8.89
/c/ClippersHQ_renders/outputs_paste_20260816_bl1328_DbYO4D0RxCH/_work/paste_DbYO4D0RxCH__20260816T163833Z/instagram/aerialstrike._/3951974098057760903_29095535109.mp4	1145109	8.89
/c/ClippersHQ_renders/outputs_paste_20260816_bl1328_DbYO4D0RxCH/_work/paste_DbYO4D0RxCH__20260816T163833Z/instagram/aerialstrike._/final/white_frame/3951974098057760903_29095535109.mp4	2800607	8.87
/c/ClippersHQ_renders/outputs_paste_20260816_bl1328_Db_FHn7BdWy/_work/paste_Db_FHn7BdWy__20260816T163150Z/head.mp4	544461	6.50
/c/ClippersHQ_renders/outputs_paste_20260816_bl1328_Db_FHn7BdWy/_work/paste_Db_FHn7BdWy__20260816T163150Z/instagram/wasted/3962908711244387762_1415356583.mp4	544461	6.50
/c/ClippersHQ_renders/outputs_paste_20260816_bl1328_DblWOFBox54/_work/paste_DblWOFBox54__20260816T170929Z/head.mp4	802730	10.63
/c/ClippersHQ_renders/outputs_paste_20260816_bl1328_DblWOFBox54/_work/paste_DblWOFBox54__20260816T170929Z/instagram/mindless__reels/3955665572206943864_76868878766.mp4	802730	10.63
/c/ClippersHQ_renders/outputs_paste_20260816_bl1328_DblWOFBox54/_work/paste_DblWOFBox54__20260816T170929Z/instagram/mindless__reels/final/white_frame/3955665572206943864_76868878766.mp4	1785499	10.63
/c/ClippersHQ_renders/outputs_paste_20260816_bl1328_DboLbB2y49Y/_work/paste_DboLbB2y49Y__20260816T165605Z/head.mp4	998208	14.10
/c/ClippersHQ_renders/outputs_paste_20260816_bl1328_DboLbB2y49Y/_work/paste_DboLbB2y49Y__20260816T165605Z/instagram/watchcinemorax/3956462508575526744_47819958687.mp4	998208	14.10
/c/ClippersHQ_renders/outputs_paste_20260816_bl1328_DboLbB2y49Y/_work/paste_DboLbB2y49Y__20260816T165605Z/instagram/watchcinemorax/final/white_frame/3956462508575526744_47819958687.mp4	2112772	14.03
/c/ClippersHQ_renders/outputs_paste_20260816_bl1328_Dbov5RiEbHP/_work/paste_Dbov5RiEbHP__20260816T171922Z/head.mp4	1394188	13.03
/c/ClippersHQ_renders/outputs_paste_20260816_bl1328_Dbov5RiEbHP/_work/paste_Dbov5RiEbHP__20260816T171922Z/instagram/moviemoments/3956622916666372559_215261306.mp4	1394188	13.03
/c/ClippersHQ_renders/outputs_paste_20260816_bl1328_Dbov5RiEbHP/_work/paste_Dbov5RiEbHP__20260816T171922Z/instagram/moviemoments/final/white_frame/3956622916666372559_215261306.mp4	2889157	13.03
/c/ClippersHQ_renders/outputs_paste_20260816_bl1328_DbtMMh2v0yJ/_work/paste_DbtMMh2v0yJ__20260816T162514Z/head.mp4	1207235	14.83
/c/ClippersHQ_renders/outputs_paste_20260816_bl1328_DbtMMh2v0yJ/_work/paste_DbtMMh2v0yJ__20260816T162514Z/instagram/thathistoryguymemes/3957873285072374921_40664239372.mp4	1207235	14.83
/c/ClippersHQ_renders/outputs_paste_20260816_bl1328_DbtMMh2v0yJ/_work/paste_DbtMMh2v0yJ__20260816T162514Z/instagram/thathistoryguymemes/final/white_frame/3957873285072374921_40664239372.mp4	2567479	14.83
/c/ClippersHQ_renders/outputs_paste_20260816_bl1328_Dbv-dLFPyrT/_work/paste_Dbv-dLFPyrT__20260816T171605Z/head.mp4	2095865	17.45
/c/ClippersHQ_renders/outputs_paste_20260816_bl1328_Dbv-dLFPyrT/_work/paste_Dbv-dLFPyrT__20260816T171605Z/instagram/intoxication/3958657281129654995_66131518611.mp4	2095865	17.45
/c/ClippersHQ_renders/outputs_paste_20260816_bl1328_Dbv-dLFPyrT/_work/paste_Dbv-dLFPyrT__20260816T171605Z/instagram/intoxication/final/white_frame/3958657281129654995_66131518611.mp4	5321805	17.40
/c/ClippersHQ_renders/outputs_paste_20260816_bl1328_DbzJDaxsBPN/_work/paste_DbzJDaxsBPN__20260816T164128Z/head.mp4	1732919	20.02
/c/ClippersHQ_renders/outputs_paste_20260816_bl1328_DbzJDaxsBPN/_work/paste_DbzJDaxsBPN__20260816T164128Z/instagram/nazriddinov.ae/3959548314716738509_76810475773.mp4	1955493	22.96
/c/ClippersHQ_renders/outputs_paste_20260816_bl1328_DbzJDaxsBPN/_work/paste_DbzJDaxsBPN__20260816T164128Z/instagram/nazriddinov.ae/final/white_frame/3959548314716738509_76810475773.mp4	5520011	19.97
/c/ClippersHQ_renders/outputs_paste_20260816_bl1328_DcBHVL2xZFX/_work/paste_DcBHVL2xZFX__20260816T171511Z/head.mp4	631558	8.99
/c/ClippersHQ_renders/outputs_paste_20260816_bl1328_DcBHVL2xZFX/_work/paste_DcBHVL2xZFX__20260816T171511Z/instagram/nishsturr/3963481389227413847_52163975644.mp4	631558	8.99
/c/ClippersHQ_renders/outputs_paste_20260816_bl1328_DcBHVL2xZFX/_work/paste_DcBHVL2xZFX__20260816T171511Z/instagram/nishsturr/final/white_frame/3963481389227413847_52163975644.mp4	1028068	8.97
/c/ClippersHQ_renders/outputs_paste_20260816_bl1328_DcCiRUtByYU/_work/paste_DcCiRUtByYU__20260816T161409Z/head.mp4	2460164	20.02
/c/ClippersHQ_renders/outputs_paste_20260816_bl1328_DcCiRUtByYU/_work/paste_DcCiRUtByYU__20260816T161409Z/instagram/getintoai/3963881346082219540_61447067171.mp4	8408172	60.02
/c/ClippersHQ_renders/outputs_paste_20260816_bl1328_DcCiRUtByYU/_work/paste_DcCiRUtByYU__20260816T161409Z/instagram/getintoai/final/white_frame/3963881346082219540_61447067171.mp4	5435824	19.97
/c/ClippersHQ_renders/outputs_paste_20260816_bl1328_DcDH9dyzeTA/_work/paste_DcDH9dyzeTA__20260816T171821Z/head.mp4	1598509	20.02
/c/ClippersHQ_renders/outputs_paste_20260816_bl1328_DcDH9dyzeTA/_work/paste_DcDH9dyzeTA__20260816T171821Z/instagram/marveladdicts.in/3964047107220694208_57031281862.mp4	2437464	33.27
/c/ClippersHQ_renders/outputs_paste_20260816_bl1328_DcDH9dyzeTA/_work/paste_DcDH9dyzeTA__20260816T171821Z/instagram/marveladdicts.in/final/white_frame/3964047107220694208_57031281862.mp4	3589163	19.97
/c/ClippersHQ_renders/outputs_paste_20260816_bl1328_dry/_work/paste_DVpUY5dk8Sv__20260816T160652Z/head.mp4	517744	10.33
/c/ClippersHQ_renders/outputs_paste_20260816_bl1328_dry/_work/paste_DVpUY5dk8Sv__20260816T160652Z/instagram/memeclips.ig/3848697028461970607_1536781760.mp4	517744	10.33
/c/ClippersHQ_renders/outputs_paste_20260816_bl1328_dry/_work/paste_DZNYsVOiZDu__20260816T160531Z/head.mp4	936687	12.00
/c/ClippersHQ_renders/outputs_paste_20260816_bl1328_dry/_work/paste_DZNYsVOiZDu__20260816T160531Z/instagram/edm_giraffe/3912892250820546798_79975011164.mp4	936687	12.00
/c/ClippersHQ_renders/outputs_paste_20260816_bl1328_dry/_work/paste_DZP4JNrpwtg__20260816T161120Z/head.mp4	1186438	10.84
/c/ClippersHQ_renders/outputs_paste_20260816_bl1328_dry/_work/paste_DZP4JNrpwtg__20260816T161120Z/instagram/victus._.n/3913593524979174240_73365361054.mp4	1186438	10.84
/c/ClippersHQ_renders/outputs_paste_20260816_bl1328_dry/_work/paste_Daa9DFBP4Cx__20260816T160417Z/head.mp4	1592074	20.02
/c/ClippersHQ_renders/outputs_paste_20260816_bl1328_dry/_work/paste_Daa9DFBP4Cx__20260816T160417Z/instagram/silent_chaosxcinema_24hrs/3934725716846805169_77324263534.mp4	3567630	43.98
/c/ClippersHQ_renders/outputs_paste_20260816_bl1328_dry/_work/paste_DalajbzSjXS__20260816T160749Z/head.mp4	1789964	20.02
/c/ClippersHQ_renders/outputs_paste_20260816_bl1328_dry/_work/paste_DalajbzSjXS__20260816T160749Z/instagram/acliips/3937670233447871954_72201355197.mp4	4989640	62.90
/c/ClippersHQ_renders/outputs_paste_20260816_bl1328_dry/_work/paste_Db04yk8sqjf__20260816T161042Z/head.mp4	989781	6.04
/c/ClippersHQ_renders/outputs_paste_20260816_bl1328_dry/_work/paste_Db04yk8sqjf__20260816T161042Z/instagram/clippingforearning/3960039738617014495_36266000290.mp4	989781	6.04
/c/ClippersHQ_renders/outputs_paste_20260816_bl1328_dry/_work/paste_DbYO4D0RxCH__20260816T160838Z/head.mp4	835736	8.89
/c/ClippersHQ_renders/outputs_paste_20260816_bl1328_dry/_work/paste_DbYO4D0RxCH__20260816T160838Z/instagram/aerialstrike._/3951974098057760903_29095535109.mp4	835736	8.89
/c/ClippersHQ_renders/outputs_paste_20260816_bl1328_dry/_work/paste_Db_FHn7BdWy__20260816T160720Z/head.mp4	500121	6.50
/c/ClippersHQ_renders/outputs_paste_20260816_bl1328_dry/_work/paste_Db_FHn7BdWy__20260816T160720Z/instagram/wasted/3962908711244387762_1415356583.mp4	500121	6.50
/c/ClippersHQ_renders/outputs_paste_20260816_bl1328_dry/_work/paste_DbtMMh2v0yJ__20260816T160612Z/head.mp4	1620954	14.83
/c/ClippersHQ_renders/outputs_paste_20260816_bl1328_dry/_work/paste_DbtMMh2v0yJ__20260816T160612Z/instagram/thathistoryguymemes/3957873285072374921_40664239372.mp4	1620954	14.83
/c/ClippersHQ_renders/outputs_paste_20260816_bl1328_dry/_work/paste_DbzJDaxsBPN__20260816T160937Z/head.mp4	1775806	20.02
/c/ClippersHQ_renders/outputs_paste_20260816_bl1328_dry/_work/paste_DbzJDaxsBPN__20260816T160937Z/instagram/nazriddinov.ae/3959548314716738509_76810475773.mp4	2025143	22.96
/c/ClippersHQ_renders/outputs_paste_20260816_bl1328_dry/_work/paste_DcCiRUtByYU__20260816T160236Z/head.mp4	1587305	20.04
/c/ClippersHQ_renders/outputs_paste_20260816_bl1328_dry/_work/paste_DcCiRUtByYU__20260816T160236Z/instagram/getintoai/3963881346082219540_61447067171.mp4	5509809	60.02
/c/ClippersHQ_renders/outputs_paste_20260820_bl1354_DVQ_t_QE9Sr/_work/paste_DVQ_t_QE9Sr__20260820T145854Z/head.mp4	656381	12.00
/c/ClippersHQ_renders/outputs_paste_20260820_bl1354_DVQ_t_QE9Sr/_work/paste_DVQ_t_QE9Sr__20260820T145854Z/instagram/allinamerica/3841850719369155755_49753216324.mp4	656381	12.00
/c/ClippersHQ_renders/outputs_paste_20260820_bl1354_DVQ_t_QE9Sr/_work/paste_DVQ_t_QE9Sr__20260820T145854Z/instagram/allinamerica/final/white_frame/3841850719369155755_49753216324.mp4	1314082	12.00
/c/ClippersHQ_renders/outputs_paste_20260820_bl1354_DXmp4aIjx7K/_work/paste_DXmp4aIjx7K__20260820T151943Z/head.mp4	1697377	17.39
/c/ClippersHQ_renders/outputs_paste_20260820_bl1354_DXmp4aIjx7K/_work/paste_DXmp4aIjx7K__20260820T151943Z/instagram/xyz.clip_/3883975924912168650_75274014611.mp4	1697377	17.39
/c/ClippersHQ_renders/outputs_paste_20260820_bl1354_DXmp4aIjx7K/_work/paste_DXmp4aIjx7K__20260820T151943Z/instagram/xyz.clip_/final/white_frame/3883975924912168650_75274014611.mp4	2264972	17.33
/c/ClippersHQ_renders/outputs_paste_20260820_bl1354_DXn-AbxgLqy/_work/paste_DXn-AbxgLqy__20260820T151359Z/head.mp4	749117	8.80
/c/ClippersHQ_renders/outputs_paste_20260820_bl1354_DXn-AbxgLqy/_work/paste_DXn-AbxgLqy__20260820T151359Z/instagram/therelatemode/3884345912335579826_78517717051.mp4	749117	8.80
/c/ClippersHQ_renders/outputs_paste_20260820_bl1354_DXn-AbxgLqy/_work/paste_DXn-AbxgLqy__20260820T151359Z/instagram/therelatemode/final/white_frame/3884345912335579826_78517717051.mp4	1253364	8.80
/c/ClippersHQ_renders/outputs_paste_20260820_bl1354_DYXhyfvR9EU/_work/paste_DYXhyfvR9EU__20260820T150104Z/head.mp4	632402	11.08
/c/ClippersHQ_renders/outputs_paste_20260820_bl1354_DYXhyfvR9EU/_work/paste_DYXhyfvR9EU__20260820T150104Z/instagram/gamblinginclips/3897732608100389140_62465047064.mp4	632402	11.08
/c/ClippersHQ_renders/outputs_paste_20260820_bl1354_DYXhyfvR9EU/_work/paste_DYXhyfvR9EU__20260820T150104Z/instagram/gamblinginclips/final/white_frame/3897732608100389140_62465047064.mp4	1237192	11.08
/c/ClippersHQ_renders/outputs_paste_20260820_bl1354_DZFmoefI2xi/_work/paste_DZFmoefI2xi__20260820T150949Z/head.mp4	705688	9.68
/c/ClippersHQ_renders/outputs_paste_20260820_bl1354_DZFmoefI2xi/_work/paste_DZFmoefI2xi__20260820T150949Z/instagram/literally_us_4r/3910701758722305122_17629334960.mp4	705688	9.68
/c/ClippersHQ_renders/outputs_paste_20260820_bl1354_DZFmoefI2xi/_work/paste_DZFmoefI2xi__20260820T150949Z/instagram/literally_us_4r/final/white_frame/3910701758722305122_17629334960.mp4	2477815	9.67
/c/ClippersHQ_renders/outputs_paste_20260820_bl1354_DZR24cqhS7i/_work/paste_DZR24cqhS7i__20260820T152048Z/head.mp4	691067	11.63
/c/ClippersHQ_renders/outputs_paste_20260820_bl1354_DZR24cqhS7i/_work/paste_DZR24cqhS7i__20260820T152048Z/instagram/clips_.lite/3914150924742110946_80084291383.mp4	691067	11.63
/c/ClippersHQ_renders/outputs_paste_20260820_bl1354_DZR24cqhS7i/_work/paste_DZR24cqhS7i__20260820T152048Z/instagram/clips_.lite/final/white_frame/3914150924742110946_80084291383.mp4	1728227	11.63
/c/ClippersHQ_renders/outputs_paste_20260820_bl1354_DZZuMOmOj9r/_work/paste_DZZuMOmOj9r__20260820T145817Z/head.mp4	1425361	12.63
/c/ClippersHQ_renders/outputs_paste_20260820_bl1354_DZZuMOmOj9r/_work/paste_DZZuMOmOj9r__20260820T145817Z/instagram/reel.thrix/3916364501422325611_29376652547.mp4	1425361	12.63
/c/ClippersHQ_renders/outputs_paste_20260820_bl1354_DZZuMOmOj9r/_work/paste_DZZuMOmOj9r__20260820T145817Z/instagram/reel.thrix/final/white_frame/3916364501422325611_29376652547.mp4	3970217	12.57
/c/ClippersHQ_renders/outputs_paste_20260820_bl1354_Db-uSdtoK8Z/_work/paste_Db-uSdtoK8Z__20260820T150232Z/head.mp4	2302953	11.33
/c/ClippersHQ_renders/outputs_paste_20260820_bl1354_Db-uSdtoK8Z/_work/paste_Db-uSdtoK8Z__20260820T150232Z/instagram/mrignotus/3962808301126725401_37496918501.mp4	2302953	11.33
/c/ClippersHQ_renders/outputs_paste_20260820_bl1354_Db-uSdtoK8Z/_work/paste_Db-uSdtoK8Z__20260820T150232Z/instagram/mrignotus/final/white_frame/3962808301126725401_37496918501.mp4	5493133	11.30
/c/ClippersHQ_renders/outputs_paste_20260820_bl1354_Db7Uol5t4It/_work/paste_Db7Uol5t4It__20260820T151312Z/head.mp4	2450817	15.19
/c/ClippersHQ_renders/outputs_paste_20260820_bl1354_Db7Uol5t4It/_work/paste_Db7Uol5t4It__20260820T151312Z/instagram/maxxify.xo/3961851047608549933_30506386384.mp4	2450817	15.19
/c/ClippersHQ_renders/outputs_paste_20260820_bl1354_DbJazZkhbSX/_work/paste_DbJazZkhbSX__20260820T151857Z/head.mp4	581933	9.06
/c/ClippersHQ_renders/outputs_paste_20260820_bl1354_DbJazZkhbSX/_work/paste_DbJazZkhbSX__20260820T151857Z/instagram/movies.h1story/3947804429725840535_25176775959.mp4	581933	9.06
/c/ClippersHQ_renders/outputs_paste_20260820_bl1354_DbJazZkhbSX/_work/paste_DbJazZkhbSX__20260820T151857Z/instagram/movies.h1story/final/white_frame/3947804429725840535_25176775959.mp4	1312109	9.03
/c/ClippersHQ_renders/outputs_paste_20260820_bl1354_DbtSRi5Mz42/_work/paste_DbtSRi5Mz42__20260820T150558Z/head.mp4	1528142	13.61
/c/ClippersHQ_renders/outputs_paste_20260820_bl1354_DbtSRi5Mz42/_work/paste_DbtSRi5Mz42__20260820T150558Z/instagram/relatedudee/3957900018063719990_9534974799.mp4	1528142	13.61
/c/ClippersHQ_renders/outputs_paste_20260820_bl1354_DbtSRi5Mz42/_work/paste_DbtSRi5Mz42__20260820T150558Z/instagram/relatedudee/final/white_frame/3957900018063719990_9534974799.mp4	3639334	13.50
/c/ClippersHQ_renders/outputs_paste_20260820_bl1354_DbuKhWKynNc/_work/paste_DbuKhWKynNc__20260820T152023Z/head.mp4	1028571	12.80
/c/ClippersHQ_renders/outputs_paste_20260820_bl1354_DbuKhWKynNc/_work/paste_DbuKhWKynNc__20260820T152023Z/instagram/theplayinghub/3958147394516448092_53584218259.mp4	1028571	12.80
/c/ClippersHQ_renders/outputs_paste_20260820_bl1354_DbvkpSZP8Xs/_work/paste_DbvkpSZP8Xs__20260820T145623Z/head.mp4	1683305	9.90
/c/ClippersHQ_renders/outputs_paste_20260820_bl1354_DbvkpSZP8Xs/_work/paste_DbvkpSZP8Xs__20260820T145623Z/instagram/men.with_issues/3958543764405863916_31004911899.mp4	1683305	9.90
/c/ClippersHQ_renders/outputs_paste_20260820_bl1354_DbvkpSZP8Xs/_work/paste_DbvkpSZP8Xs__20260820T145623Z/instagram/men.with_issues/final/white_frame/3958543764405863916_31004911899.mp4	4363305	9.90
/c/ClippersHQ_renders/outputs_paste_20260820_bl1354_DcJJq8DvfGY/_work/paste_DcJJq8DvfGY__20260820T150516Z/head.mp4	522744	8.23
/c/ClippersHQ_renders/outputs_paste_20260820_bl1354_DcJJq8DvfGY/_work/paste_DcJJq8DvfGY__20260820T150516Z/instagram/memeroology/3965743480000344472_68495978190.mp4	522744	8.23
/c/ClippersHQ_renders/outputs_paste_20260820_bl1354_DcJJq8DvfGY/_work/paste_DcJJq8DvfGY__20260820T150516Z/instagram/memeroology/final/white_frame/3965743480000344472_68495978190.mp4	1838651	8.23
/c/ClippersHQ_renders/outputs_paste_20260820_bl1354_DcKZyngomkz/_work/paste_DcKZyngomkz__20260820T145921Z/head.mp4	794250	11.01
/c/ClippersHQ_renders/outputs_paste_20260820_bl1354_DcKZyngomkz/_work/paste_DcKZyngomkz__20260820T145921Z/instagram/reelsnchilll/3966095851413203251_60344587974.mp4	794250	11.01
/c/ClippersHQ_renders/outputs_paste_20260820_bl1354_DcKZyngomkz/_work/paste_DcKZyngomkz__20260820T145921Z/instagram/reelsnchilll/final/white_frame/3966095851413203251_60344587974.mp4	1995035	11.00
/c/ClippersHQ_renders/outputs_paste_20260820_bl1354_DcMGSgPAPQb/_work/paste_DcMGSgPAPQb__20260820T151153Z/head.mp4	1625149	13.30
/c/ClippersHQ_renders/outputs_paste_20260820_bl1354_DcMGSgPAPQb/_work/paste_DcMGSgPAPQb__20260820T151153Z/instagram/cine.rush67/3966573031647671323_33127861324.mp4	1625149	13.30
/c/ClippersHQ_renders/outputs_paste_20260820_bl1354_DcMGSgPAPQb/_work/paste_DcMGSgPAPQb__20260820T151153Z/instagram/cine.rush67/final/white_frame/3966573031647671323_33127861324.mp4	2146413	13.30
/c/ClippersHQ_renders/outputs_paste_20260820_bl1354_DcMQG2VPLVt/_work/paste_DcMQG2VPLVt__20260820T151600Z/head.mp4	332410	8.15
/c/ClippersHQ_renders/outputs_paste_20260820_bl1354_DcMQG2VPLVt/_work/paste_DcMQG2VPLVt__20260820T151600Z/instagram/auraap50k/3966616211205961069_42938874482.mp4	332410	8.15
/c/ClippersHQ_renders/outputs_paste_20260820_bl1354_DcMQG2VPLVt/_work/paste_DcMQG2VPLVt__20260820T151600Z/instagram/auraap50k/final/white_frame/3966616211205961069_42938874482.mp4	634384	8.13
/c/ClippersHQ_renders/outputs_paste_20260820_bl1354_DcMQG2VPLVt/_work/paste_DcMQG2VPLVt__20260820T153017Z/head.mp4	391127	8.15
/c/ClippersHQ_renders/outputs_paste_20260820_bl1354_DcMQG2VPLVt/_work/paste_DcMQG2VPLVt__20260820T153017Z/instagram/auraap50k/3966616211205961069_42938874482.mp4	391127	8.15
/c/ClippersHQ_renders/outputs_paste_20260820_bl1354_DcMQG2VPLVt/_work/paste_DcMQG2VPLVt__20260820T153017Z/instagram/auraap50k/final/white_frame/3966616211205961069_42938874482.mp4	1096257	8.13
/c/ClippersHQ_renders/outputs_paste_20260820_bl1354_DcMRUjyPrDT/_work/paste_DcMRUjyPrDT__20260820T150426Z/head.mp4	925116	11.73
/c/ClippersHQ_renders/outputs_paste_20260820_bl1354_DcMRUjyPrDT/_work/paste_DcMRUjyPrDT__20260820T150426Z/instagram/auraap50k/3966621551410720979_42938874482.mp4	925116	11.73
/c/ClippersHQ_renders/outputs_paste_20260820_bl1354_DcMRUjyPrDT/_work/paste_DcMRUjyPrDT__20260820T150426Z/instagram/auraap50k/final/white_frame/3966621551410720979_42938874482.mp4	2672670	11.60
/c/ClippersHQ_renders/outputs_paste_20260820_bl1354_DcMbpi3s0sY/_work/paste_DcMbpi3s0sY__20260820T150022Z/head.mp4	1090595	12.40
/c/ClippersHQ_renders/outputs_paste_20260820_bl1354_DcMbpi3s0sY/_work/paste_DcMbpi3s0sY__20260820T150022Z/instagram/mrrizzity/3966666974002629400_80099892055.mp4	1090595	12.40
/c/ClippersHQ_renders/outputs_paste_20260820_bl1354_DcMbpi3s0sY/_work/paste_DcMbpi3s0sY__20260820T150022Z/instagram/mrrizzity/final/white_frame/3966666974002629400_80099892055.mp4	2335025	12.40
/c/ClippersHQ_renders/outputs_paste_20260820_bl1354_DcMr_PxTxzG/_work/paste_DcMr_PxTxzG__20260820T150913Z/head.mp4	861860	13.37
/c/ClippersHQ_renders/outputs_paste_20260820_bl1354_DcMr_PxTxzG/_work/paste_DcMr_PxTxzG__20260820T150913Z/instagram/elegantjhon/3966738834066971846_66457198391.mp4	861860	13.37
/c/ClippersHQ_renders/outputs_paste_20260820_bl1354_DcMsb4Hz-y6/_work/paste_DcMsb4Hz-y6__20260820T150148Z/head.mp4	905548	8.03
/c/ClippersHQ_renders/outputs_paste_20260820_bl1354_DcMsb4Hz-y6/_work/paste_DcMsb4Hz-y6__20260820T150148Z/instagram/elegantjhon/3966740801539534010_66457198391.mp4	905548	8.03
/c/ClippersHQ_renders/outputs_paste_20260820_bl1354_DcMsb4Hz-y6/_work/paste_DcMsb4Hz-y6__20260820T150148Z/instagram/elegantjhon/final/white_frame/3966740801539534010_66457198391.mp4	1891731	8.03
/c/ClippersHQ_renders/outputs_paste_20260820_bl1354_DcOSe_0Iuxj/_work/paste_DcOSe_0Iuxj__20260820T145745Z/head.mp4	561214	9.43
/c/ClippersHQ_renders/outputs_paste_20260820_bl1354_DcOSe_0Iuxj/_work/paste_DcOSe_0Iuxj__20260820T145745Z/instagram/tobi_s3npai/3967189616701926499_75684352578.mp4	561214	9.43
/c/ClippersHQ_renders/outputs_paste_20260820_bl1354_DcOSe_0Iuxj/_work/paste_DcOSe_0Iuxj__20260820T145745Z/instagram/tobi_s3npai/final/white_frame/3967189616701926499_75684352578.mp4	1035684	9.43
/c/ClippersHQ_renders/outputs_paste_20260820_bl1354_DcOYIl-P6_E/_work/paste_DcOYIl-P6_E__20260820T145510Z/head.mp4	1331146	14.84
/c/ClippersHQ_renders/outputs_paste_20260820_bl1354_DcOYIl-P6_E/_work/paste_DcOYIl-P6_E__20260820T145510Z/instagram/auraap50k/3967214465404874692_42938874482.mp4	1331146	14.84
/c/ClippersHQ_renders/outputs_paste_20260820_bl1354_DcOYIl-P6_E/_work/paste_DcOYIl-P6_E__20260820T145510Z/instagram/auraap50k/final/white_frame/3967214465404874692_42938874482.mp4	3766207	14.83
/c/ClippersHQ_renders/outputs_paste_20260820_bl1354_DcOZM4ypaRy/_work/paste_DcOZM4ypaRy__20260820T150659Z/head.mp4	754904	14.83
/c/ClippersHQ_renders/outputs_paste_20260820_bl1354_DcOZM4ypaRy/_work/paste_DcOZM4ypaRy__20260820T150659Z/instagram/gamblinginclips/3967219158535742578_62465047064.mp4	754904	14.83
/c/ClippersHQ_renders/outputs_paste_20260820_bl1354_DcOZM4ypaRy/_work/paste_DcOZM4ypaRy__20260820T150659Z/instagram/gamblinginclips/final/white_frame/3967219158535742578_62465047064.mp4	1669646	14.77
/c/ClippersHQ_renders/outputs_paste_20260820_bl1354_DcOZtiKNflC/_work/paste_DcOZtiKNflC__20260820T150753Z/head.mp4	3242180	17.33
/c/ClippersHQ_renders/outputs_paste_20260820_bl1354_DcOZtiKNflC/_work/paste_DcOZtiKNflC__20260820T150753Z/instagram/literally_forrealxo/3967221401977747778_26408466887.mp4	3242180	17.33
/c/ClippersHQ_renders/outputs_paste_20260820_bl1354_DcOZtiKNflC/_work/paste_DcOZtiKNflC__20260820T150753Z/instagram/literally_forrealxo/final/white_frame/3967221401977747778_26408466887.mp4	7290247	17.33
/c/ClippersHQ_renders/outputs_paste_20260820_bl1354_DcOgUOJvTov/_work/paste_DcOgUOJvTov__20260820T150334Z/head.mp4	2076980	10.03
/c/ClippersHQ_renders/outputs_paste_20260820_bl1354_DcOgUOJvTov/_work/paste_DcOgUOJvTov__20260820T150334Z/instagram/_memehive_/3967250448833657391_39135459843.mp4	2076980	10.03
/c/ClippersHQ_renders/outputs_paste_20260820_bl1354_DcOgUOJvTov/_work/paste_DcOgUOJvTov__20260820T150334Z/instagram/_memehive_/final/white_frame/3967250448833657391_39135459843.mp4	3629006	10.02
/c/ClippersHQ_renders/outputs_paste_20260820_bl1354_DcOjBYdMaQz/_work/paste_DcOjBYdMaQz__20260820T151807Z/head.mp4	536013	8.01
/c/ClippersHQ_renders/outputs_paste_20260820_bl1354_DcOjBYdMaQz/_work/paste_DcOjBYdMaQz__20260820T151807Z/instagram/rosh.lune_/3967262348366947379_42621533115.mp4	536013	8.01
/c/ClippersHQ_renders/outputs_paste_20260820_bl1354_DcOjBYdMaQz/_work/paste_DcOjBYdMaQz__20260820T151807Z/instagram/rosh.lune_/final/white_frame/3967262348366947379_42621533115.mp4	1381411	8.00
/c/ClippersHQ_renders/outputs_paste_20260820_bl1354_DcOngbjP8gx/_work/paste_DcOngbjP8gx__20260820T151048Z/head.mp4	1870994	17.09
/c/ClippersHQ_renders/outputs_paste_20260820_bl1354_DcOngbjP8gx/_work/paste_DcOngbjP8gx__20260820T151048Z/instagram/auraap50k/3967282074179586097_42938874482.mp4	1870994	17.09
/c/ClippersHQ_renders/outputs_paste_20260820_bl1354_DcOngbjP8gx/_work/paste_DcOngbjP8gx__20260820T151048Z/instagram/auraap50k/final/white_frame/3967282074179586097_42938874482.mp4	3509490	17.03
/c/ClippersHQ_renders/outputs_paste_20260820_bl1354_DcP35JgRj32/_work/paste_DcP35JgRj32__20260820T145709Z/head.mp4	1658432	9.47
/c/ClippersHQ_renders/outputs_paste_20260820_bl1354_DcP35JgRj32/_work/paste_DcP35JgRj32__20260820T145709Z/instagram/chairman.inn/3967635616510131702_42396361752.mp4	1658432	9.47
/c/ClippersHQ_renders/outputs_paste_20260820_bl1354_DcP35JgRj32/_work/paste_DcP35JgRj32__20260820T145709Z/instagram/chairman.inn/final/white_frame/3967635616510131702_42396361752.mp4	2970503	9.47
/c/ClippersHQ_renders/outputs_paste_20260820_bl1354_DcQ3O64CY1p/_work/paste_DcQ3O64CY1p__20260820T151235Z/head.mp4	877067	9.68
/c/ClippersHQ_renders/outputs_paste_20260820_bl1354_DcQ3O64CY1p/_work/paste_DcQ3O64CY1p__20260820T151235Z/instagram/4obitoverse/3967914189561367913_42600268140.mp4	877067	9.68
/c/ClippersHQ_renders/outputs_paste_20260820_bl1354_DcQ3O64CY1p/_work/paste_DcQ3O64CY1p__20260820T151235Z/instagram/4obitoverse/final/white_frame/3967914189561367913_42600268140.mp4	1528123	9.58
/c/ClippersHQ_renders/outputs_paste_20260820_bl1354_DcQ5aPCzmVT/_work/paste_DcQ5aPCzmVT__20260820T151655Z/head.mp4	1277933	13.59
/c/ClippersHQ_renders/outputs_paste_20260820_bl1354_DcQ5aPCzmVT/_work/paste_DcQ5aPCzmVT__20260820T151655Z/instagram/auraap50k/3967923763224143187_42938874482.mp4	1277933	13.59
/c/ClippersHQ_renders/outputs_paste_20260820_bl1354_DcQ5aPCzmVT/_work/paste_DcQ5aPCzmVT__20260820T151655Z/instagram/auraap50k/final/white_frame/3967923763224143187_42938874482.mp4	2532708	13.53
/c/ClippersHQ_renders/outputs_paste_20260820_bl1354_DcQ9ePrIIE4/_work/paste_DcQ9ePrIIE4__20260820T151449Z/head.mp4	1170373	9.61
/c/ClippersHQ_renders/outputs_paste_20260820_bl1354_DcQ9ePrIIE4/_work/paste_DcQ9ePrIIE4__20260820T151449Z/instagram/1ooo7x/3967941630964564280_77631994740.mp4	1170373	9.61
/c/ClippersHQ_renders/outputs_paste_20260820_bl1354_DcQ9ePrIIE4/_work/paste_DcQ9ePrIIE4__20260820T151449Z/instagram/1ooo7x/final/white_frame/3967941630964564280_77631994740.mp4	3062294	9.60
/c/ClippersHQ_renders/outputs_paste_20260825_153512/_work/paste_DYqi6n9IcY0__20260825T133620Z/head.mp4	964263	10.29
/c/ClippersHQ_renders/outputs_paste_20260825_153512/_work/paste_DYqi6n9IcY0__20260825T133620Z/instagram/the._homiesclub/3903085589282539060_24308958646.mp4	964263	10.29
/c/ClippersHQ_renders/outputs_paste_20260825_153512/_work/paste_DYqi6n9IcY0__20260825T133620Z/instagram/the._homiesclub/final/white_frame/3903085589282539060_24308958646.mp4	2372649	10.20
/c/ClippersHQ_renders/outputs_paste_20260825_153512/_work/paste_DZaUyhVkn42__20260825T133521Z/head.mp4	1985209	13.93
/c/ClippersHQ_renders/outputs_paste_20260825_153512/_work/paste_DZaUyhVkn42__20260825T133521Z/instagram/filmradius/3916534258651528758_79623863604.mp4	1985209	13.93
/c/ClippersHQ_renders/outputs_paste_20260825_153512/_work/paste_DZaUyhVkn42__20260825T133521Z/instagram/filmradius/final/white_frame/3916534258651528758_79623863604.mp4	5593213	13.83
/c/ClippersHQ_renders/outputs_paste_20260825_154328/_work/paste_DYqi6n9IcY0__20260825T134446Z/head.mp4	964263	10.29
/c/ClippersHQ_renders/outputs_paste_20260825_154328/_work/paste_DYqi6n9IcY0__20260825T134446Z/instagram/the._homiesclub/3903085589282539060_24308958646.mp4	964263	10.29
/c/ClippersHQ_renders/outputs_paste_20260825_154328/_work/paste_DYqi6n9IcY0__20260825T134446Z/instagram/the._homiesclub/final/white_frame/3903085589282539060_24308958646.mp4	2309880	10.20
/c/ClippersHQ_renders/outputs_paste_20260825_154328/_work/paste_DZaUyhVkn42__20260825T134337Z/head.mp4	1985209	13.93
/c/ClippersHQ_renders/outputs_paste_20260825_154328/_work/paste_DZaUyhVkn42__20260825T134337Z/instagram/filmradius/3916534258651528758_79623863604.mp4	1985209	13.93
/c/ClippersHQ_renders/outputs_paste_20260825_154328/_work/paste_DZaUyhVkn42__20260825T134337Z/instagram/filmradius/final/white_frame/3916534258651528758_79623863604.mp4	5773621	13.83
/c/ClippersHQ_renders/outputs_paste_20260825_bl1405_DVZM6yDCMyE/_work/paste_DVZM6yDCMyE__20260825T142910Z/head.mp4	1669473	15.17
/c/ClippersHQ_renders/outputs_paste_20260825_bl1405_DVZM6yDCMyE/_work/paste_DVZM6yDCMyE__20260825T142910Z/instagram/cinevohq/3844160572963212420_78524788077.mp4	1669473	15.17
/c/ClippersHQ_renders/outputs_paste_20260825_bl1405_DVZM6yDCMyE/_work/paste_DVZM6yDCMyE__20260825T142910Z/instagram/cinevohq/final/white_frame/3844160572963212420_78524788077.mp4	3742788	15.17
/c/ClippersHQ_renders/outputs_paste_20260825_bl1405_DVfvm21Dku0/_work/paste_DVfvm21Dku0__20260825T141833Z/head.mp4	1449559	11.80
/c/ClippersHQ_renders/outputs_paste_20260825_bl1405_DVfvm21Dku0/_work/paste_DVfvm21Dku0__20260825T141833Z/instagram/fineandrelatable/3846001985196018612_80826883680.mp4	1449559	11.80
/c/ClippersHQ_renders/outputs_paste_20260825_bl1405_DW1A_lRDABr/_work/paste_DW1A_lRDABr__20260825T142954Z/head.mp4	1039236	12.98
/c/ClippersHQ_renders/outputs_paste_20260825_bl1405_DW1A_lRDABr/_work/paste_DW1A_lRDABr__20260825T142954Z/instagram/corporate_majdoorrrr/3870003824136290411_74863751680.mp4	1039236	12.98
/c/ClippersHQ_renders/outputs_paste_20260825_bl1405_DW1A_lRDABr/_work/paste_DW1A_lRDABr__20260825T142954Z/instagram/corporate_majdoorrrr/final/white_frame/3870003824136290411_74863751680.mp4	1623409	12.97
/c/ClippersHQ_renders/outputs_paste_20260825_bl1405_DWwnJ7BEpDX/_work/paste_DWwnJ7BEpDX__20260825T142210Z/head.mp4	1039273	13.72
/c/ClippersHQ_renders/outputs_paste_20260825_bl1405_DWwnJ7BEpDX/_work/paste_DWwnJ7BEpDX__20260825T142210Z/instagram/spatter.exe/3868764285569241303_76217980934.mp4	1039273	13.72
/c/ClippersHQ_renders/outputs_paste_20260825_bl1405_DWwnJ7BEpDX/_work/paste_DWwnJ7BEpDX__20260825T142210Z/instagram/spatter.exe/final/white_frame/3868764285569241303_76217980934.mp4	3923766	13.60
/c/ClippersHQ_renders/outputs_paste_20260825_bl1405_DX4QwcnTbjn/_work/paste_DX4QwcnTbjn__20260825T140719Z/head.mp4	597763	12.29
/c/ClippersHQ_renders/outputs_paste_20260825_bl1405_DX4QwcnTbjn/_work/paste_DX4QwcnTbjn__20260825T140719Z/instagram/lolbitz.z/3888931976237660391_18843919509.mp4	597763	12.29
/c/ClippersHQ_renders/outputs_paste_20260825_bl1405_DX4QwcnTbjn/_work/paste_DX4QwcnTbjn__20260825T140719Z/instagram/lolbitz.z/final/white_frame/3888931976237660391_18843919509.mp4	1289490	12.29
/c/ClippersHQ_renders/outputs_paste_20260825_bl1405_DXMB9kcgEat/_work/paste_DXMB9kcgEat__20260825T141317Z/head.mp4	740282	10.13
/c/ClippersHQ_renders/outputs_paste_20260825_bl1405_DXMB9kcgEat/_work/paste_DXMB9kcgEat__20260825T141317Z/instagram/therelatemode/3876482008326620845_78517717051.mp4	740282	10.13
/c/ClippersHQ_renders/outputs_paste_20260825_bl1405_DXMB9kcgEat/_work/paste_DXMB9kcgEat__20260825T141317Z/instagram/therelatemode/final/white_frame/3876482008326620845_78517717051.mp4	1218994	10.13
/c/ClippersHQ_renders/outputs_paste_20260825_bl1405_DXnV5uzEkZL/_work/paste_DXnV5uzEkZL__20260825T141218Z/head.mp4	676837	12.65
/c/ClippersHQ_renders/outputs_paste_20260825_bl1405_DXnV5uzEkZL/_work/paste_DXnV5uzEkZL__20260825T141218Z/instagram/city_most/3884169529866208843_79756889947.mp4	676837	12.65
/c/ClippersHQ_renders/outputs_paste_20260825_bl1405_DXnV5uzEkZL/_work/paste_DXnV5uzEkZL__20260825T141218Z/instagram/city_most/final/white_frame/3884169529866208843_79756889947.mp4	1588635	12.60
/c/ClippersHQ_renders/outputs_paste_20260825_bl1405_DY2pgiMuwXX/_work/paste_DY2pgiMuwXX__20260825T141458Z/head.mp4	431005	10.01
/c/ClippersHQ_renders/outputs_paste_20260825_bl1405_DY2pgiMuwXX/_work/paste_DY2pgiMuwXX__20260825T141458Z/instagram/cinemawrapped/3906492282441500119_31958395291.mp4	431005	10.01
/c/ClippersHQ_renders/outputs_paste_20260825_bl1405_DY2pgiMuwXX/_work/paste_DY2pgiMuwXX__20260825T141458Z/instagram/cinemawrapped/final/white_frame/3906492282441500119_31958395291.mp4	971433	10.00
/c/ClippersHQ_renders/outputs_paste_20260825_bl1405_DY91hZ8SSRE/_work/paste_DY91hZ8SSRE__20260825T142615Z/head.mp4	3072193	11.05
/c/ClippersHQ_renders/outputs_paste_20260825_bl1405_DY91hZ8SSRE/_work/paste_DY91hZ8SSRE__20260825T142615Z/instagram/entirely.mp4/3908515443690251332_78535882049.mp4	3072193	11.05
/c/ClippersHQ_renders/outputs_paste_20260825_bl1405_DY91hZ8SSRE/_work/paste_DY91hZ8SSRE__20260825T142615Z/instagram/entirely.mp4/final/white_frame/3908515443690251332_78535882049.mp4	6202943	11.02
/c/ClippersHQ_renders/outputs_paste_20260825_bl1405_DYM7c5Ph85R/_work/paste_DYM7c5Ph85R__20260825T140818Z/head.mp4	882706	11.01
/c/ClippersHQ_renders/outputs_paste_20260825_bl1405_DYM7c5Ph85R/_work/paste_DYM7c5Ph85R__20260825T140818Z/instagram/alexa.memerz/3894749248121982545_22208786547.mp4	882706	11.01
/c/ClippersHQ_renders/outputs_paste_20260825_bl1405_DYM7c5Ph85R/_work/paste_DYM7c5Ph85R__20260825T140818Z/instagram/alexa.memerz/final/white_frame/3894749248121982545_22208786547.mp4	1598776	10.87
/c/ClippersHQ_renders/outputs_paste_20260825_bl1405_DYUc5uSySjU/_work/paste_DYUc5uSySjU__20260825T141741Z/head.mp4	1657183	9.75
/c/ClippersHQ_renders/outputs_paste_20260825_bl1405_DYUc5uSySjU/_work/paste_DYUc5uSySjU__20260825T141741Z/instagram/xyz.clip_/3896866689602103508_75274014611.mp4	1657183	9.75
/c/ClippersHQ_renders/outputs_paste_20260825_bl1405_DYUc5uSySjU/_work/paste_DYUc5uSySjU__20260825T141741Z/instagram/xyz.clip_/final/white_frame/3896866689602103508_75274014611.mp4	4439037	9.70
/c/ClippersHQ_renders/outputs_paste_20260825_bl1405_DYqi6n9IcY0/_work/paste_DYqi6n9IcY0__20260825T142749Z/head.mp4	792001	10.29
/c/ClippersHQ_renders/outputs_paste_20260825_bl1405_DYqi6n9IcY0/_work/paste_DYqi6n9IcY0__20260825T142749Z/instagram/the._homiesclub/3903085589282539060_24308958646.mp4	792001	10.29
/c/ClippersHQ_renders/outputs_paste_20260825_bl1405_DYqi6n9IcY0/_work/paste_DYqi6n9IcY0__20260825T142749Z/instagram/the._homiesclub/final/white_frame/3903085589282539060_24308958646.mp4	1360563	10.20
/c/ClippersHQ_renders/outputs_paste_20260825_bl1405_DYzWu1ht9NE/_work/paste_DYzWu1ht9NE__20260825T141650Z/head.mp4	743789	9.78
/c/ClippersHQ_renders/outputs_paste_20260825_bl1405_DYzWu1ht9NE/_work/paste_DYzWu1ht9NE__20260825T141650Z/instagram/clips_.lite/3905565277453538116_80084291383.mp4	743789	9.78
/c/ClippersHQ_renders/outputs_paste_20260825_bl1405_DYzWu1ht9NE/_work/paste_DYzWu1ht9NE__20260825T141650Z/instagram/clips_.lite/final/white_frame/3905565277453538116_80084291383.mp4	2050308	9.77
/c/ClippersHQ_renders/outputs_paste_20260825_bl1405_DYzvp53ukO2/_work/paste_DYzvp53ukO2__20260825T142308Z/head.mp4	277913	8.94
/c/ClippersHQ_renders/outputs_paste_20260825_bl1405_DYzvp53ukO2/_work/paste_DYzvp53ukO2__20260825T142308Z/instagram/cinemawrapped/3905674889683157942_31958395291.mp4	277913	8.94
/c/ClippersHQ_renders/outputs_paste_20260825_bl1405_DYzvp53ukO2/_work/paste_DYzvp53ukO2__20260825T142451Z/head.mp4	358530	8.94
/c/ClippersHQ_renders/outputs_paste_20260825_bl1405_DYzvp53ukO2/_work/paste_DYzvp53ukO2__20260825T142451Z/instagram/cinemawrapped/3905674889683157942_31958395291.mp4	358530	8.94
/c/ClippersHQ_renders/outputs_paste_20260825_bl1405_DYzvp53ukO2/_work/paste_DYzvp53ukO2__20260825T142451Z/instagram/cinemawrapped/final/white_frame/3905674889683157942_31958395291.mp4	756441	8.93
/c/ClippersHQ_renders/outputs_paste_20260825_bl1405_DZ1he2sSACF/_work/paste_DZ1he2sSACF__20260825T142823Z/head.mp4	577822	8.22
/c/ClippersHQ_renders/outputs_paste_20260825_bl1405_DZ1he2sSACF/_work/paste_DZ1he2sSACF__20260825T142823Z/instagram/conzo_says/3924189906167398533_72889803925.mp4	577822	8.22
/c/ClippersHQ_renders/outputs_paste_20260825_bl1405_DZ1he2sSACF/_work/paste_DZ1he2sSACF__20260825T142823Z/instagram/conzo_says/final/white_frame/3924189906167398533_72889803925.mp4	1717810	8.20
/c/ClippersHQ_renders/outputs_paste_20260825_bl1405_DZQV3imlVmy/_work/paste_DZQV3imlVmy__20260825T142022Z/head.mp4	1188748	15.07
/c/ClippersHQ_renders/outputs_paste_20260825_bl1405_DZQV3imlVmy/_work/paste_DZQV3imlVmy__20260825T142022Z/instagram/edm_giraffe/3913724251887458738_79975011164.mp4	1188748	15.07
/c/ClippersHQ_renders/outputs_paste_20260825_bl1405_DZQV3imlVmy/_work/paste_DZQV3imlVmy__20260825T142022Z/instagram/edm_giraffe/final/white_frame/3913724251887458738_79975011164.mp4	3132696	15.07
/c/ClippersHQ_renders/outputs_paste_20260825_bl1405_DZaUyhVkn42/_work/paste_DZaUyhVkn42__20260825T140233Z/head.mp4	1985209	13.93
/c/ClippersHQ_renders/outputs_paste_20260825_bl1405_DZaUyhVkn42/_work/paste_DZaUyhVkn42__20260825T140233Z/instagram/filmradius/3916534258651528758_79623863604.mp4	1985209	13.93
/c/ClippersHQ_renders/outputs_paste_20260825_bl1405_DZaUyhVkn42/_work/paste_DZaUyhVkn42__20260825T140233Z/instagram/filmradius/final/white_frame/3916534258651528758_79623863604.mp4	5671086	13.83
/c/ClippersHQ_renders/outputs_paste_20260825_bl1405_DZfNJz4te2w/_work/paste_DZfNJz4te2w__20260825T142530Z/head.mp4	1553624	14.89
/c/ClippersHQ_renders/outputs_paste_20260825_bl1405_DZfNJz4te2w/_work/paste_DZfNJz4te2w__20260825T142530Z/instagram/rikkmemer/3917908049627835824_75793126565.mp4	1553624	14.89
/c/ClippersHQ_renders/outputs_paste_20260825_bl1405_DZfNJz4te2w/_work/paste_DZfNJz4te2w__20260825T142530Z/instagram/rikkmemer/final/white_frame/3917908049627835824_75793126565.mp4	3024422	14.87
/c/ClippersHQ_renders/outputs_paste_20260825_bl1405_DZoOmVLvGrO/_work/paste_DZoOmVLvGrO__20260825T142706Z/head.mp4	762885	11.56
/c/ClippersHQ_renders/outputs_paste_20260825_bl1405_DZoOmVLvGrO/_work/paste_DZoOmVLvGrO__20260825T142706Z/instagram/dankkzon/3920447682362763982_14881850481.mp4	762885	11.56
/c/ClippersHQ_renders/outputs_paste_20260825_bl1405_DZoOmVLvGrO/_work/paste_DZoOmVLvGrO__20260825T142706Z/instagram/dankkzon/final/white_frame/3920447682362763982_14881850481.mp4	1829235	11.53
/c/ClippersHQ_renders/outputs_paste_20260825_bl1405_DZsX0CFTpJc/_work/paste_DZsX0CFTpJc__20260825T142131Z/head.mp4	662112	12.10
/c/ClippersHQ_renders/outputs_paste_20260825_bl1405_DZsX0CFTpJc/_work/paste_DZsX0CFTpJc__20260825T142131Z/instagram/alphamovies2026/3921614106251924060_80408397867.mp4	662112	12.10
/c/ClippersHQ_renders/outputs_paste_20260825_bl1405_DZsX0CFTpJc/_work/paste_DZsX0CFTpJc__20260825T142131Z/instagram/alphamovies2026/final/white_frame/3921614106251924060_80408397867.mp4	1175720	12.00
/c/ClippersHQ_renders/outputs_paste_20260825_bl1405_DZu1b5pPEGy/_work/paste_DZu1b5pPEGy__20260825T140358Z/head.mp4	813773	9.87
/c/ClippersHQ_renders/outputs_paste_20260825_bl1405_DZu1b5pPEGy/_work/paste_DZu1b5pPEGy__20260825T140358Z/instagram/entertainment.feeds/3922307339272339890_72867846579.mp4	813773	9.87
/c/ClippersHQ_renders/outputs_paste_20260825_bl1405_DZu1b5pPEGy/_work/paste_DZu1b5pPEGy__20260825T140358Z/instagram/entertainment.feeds/final/white_frame/3922307339272339890_72867846579.mp4	1272597	9.87
/c/ClippersHQ_renders/outputs_paste_20260825_bl1405_DaBQvnuTkV3/_work/paste_DaBQvnuTkV3__20260825T141911Z/head.mp4	1054485	12.96
/c/ClippersHQ_renders/outputs_paste_20260825_bl1405_DaBQvnuTkV3/_work/paste_DaBQvnuTkV3__20260825T141911Z/instagram/vishwa_live_00/3927493991256180087_79041071515.mp4	1054485	12.96
/c/ClippersHQ_renders/outputs_paste_20260825_bl1405_DaBQvnuTkV3/_work/paste_DaBQvnuTkV3__20260825T141911Z/instagram/vishwa_live_00/final/white_frame/3927493991256180087_79041071515.mp4	2005343	12.77
/c/ClippersHQ_renders/outputs_paste_20260825_bl1405_DaK8cFSNDbm/_work/paste_DaK8cFSNDbm__20260825T140553Z/head.mp4	1370702	12.00
/c/ClippersHQ_renders/outputs_paste_20260825_bl1405_DaK8cFSNDbm/_work/paste_DaK8cFSNDbm__20260825T140553Z/instagram/thatoneclipppp/3930219437444314854_42726517078.mp4	1370702	12.00
/c/ClippersHQ_renders/outputs_paste_20260825_bl1405_DaK8cFSNDbm/_work/paste_DaK8cFSNDbm__20260825T140553Z/instagram/thatoneclipppp/final/white_frame/3930219437444314854_42726517078.mp4	2578191	12.00
/c/ClippersHQ_renders/outputs_paste_20260825_bl1405_DcBPKIyM1gN/_work/paste_DcBPKIyM1gN__20260825T141400Z/head.mp4	460063	9.37
/c/ClippersHQ_renders/outputs_paste_20260825_bl1405_DcBPKIyM1gN/_work/paste_DcBPKIyM1gN__20260825T141400Z/instagram/n0tyourfeed/3963515814387341325_43166398480.mp4	460063	9.37
/c/ClippersHQ_renders/outputs_paste_20260825_bl1405_DcBPKIyM1gN/_work/paste_DcBPKIyM1gN__20260825T141400Z/instagram/n0tyourfeed/final/white_frame/3963515814387341325_43166398480.mp4	1717486	9.37
/c/ClippersHQ_renders/outputs_paste_20260825_bl1405_DcJWIBryfwl/_work/paste_DcJWIBryfwl__20260825T141126Z/head.mp4	884962	8.96
/c/ClippersHQ_renders/outputs_paste_20260825_bl1405_DcJWIBryfwl/_work/paste_DcJWIBryfwl__20260825T141126Z/instagram/lovewithscene_/3965798255463889957_78157628317.mp4	884962	8.96
/c/ClippersHQ_renders/outputs_paste_20260825_bl1405_DcJWIBryfwl/_work/paste_DcJWIBryfwl__20260825T141126Z/instagram/lovewithscene_/final/white_frame/3965798255463889957_78157628317.mp4	1258771	8.93
/c/ClippersHQ_renders/outputs_paste_20260825_bl1405_DcOXS8GvUFa/_work/paste_DcOXS8GvUFa__20260825T143029Z/head.mp4	1346654	15.43
/c/ClippersHQ_renders/outputs_paste_20260825_bl1405_DcOXS8GvUFa/_work/paste_DcOXS8GvUFa__20260825T143029Z/instagram/auraa50k/3967210778317898074_42938874482.mp4	1346654	15.43
/c/ClippersHQ_renders/outputs_paste_20260825_bl1405_DcOXS8GvUFa/_work/paste_DcOXS8GvUFa__20260825T143029Z/instagram/auraa50k/final/white_frame/3967210778317898074_42938874482.mp4	2165099	15.37
/c/ClippersHQ_renders/outputs_paste_20260825_bl1405_DcT8BHovkZw/_work/paste_DcT8BHovkZw__20260825T141542Z/head.mp4	2016278	15.44
/c/ClippersHQ_renders/outputs_paste_20260825_bl1405_DcT8BHovkZw/_work/paste_DcT8BHovkZw__20260825T141542Z/instagram/auraa50k/3968779656353433200_42938874482.mp4	2016278	15.44
/c/ClippersHQ_renders/outputs_paste_20260825_bl1405_DcT8BHovkZw/_work/paste_DcT8BHovkZw__20260825T141542Z/instagram/auraa50k/final/white_frame/3968779656353433200_42938874482.mp4	8289395	15.43
/c/ClippersHQ_renders/outputs_paste_20260825_bl1405_DcY2T11sQu6/_work/paste_DcY2T11sQu6__20260825T140943Z/head.mp4	1731344	18.93
/c/ClippersHQ_renders/outputs_paste_20260825_bl1405_DcY2T11sQu6/_work/paste_DcY2T11sQu6__20260825T140943Z/instagram/sportixizzz.xe/3970161929517861818_39312802762.mp4	1731344	18.93
/c/ClippersHQ_renders/outputs_paste_20260825_bl1405_DcY2T11sQu6/_work/paste_DcY2T11sQu6__20260825T140943Z/instagram/sportixizzz.xe/final/white_frame/3970161929517861818_39312802762.mp4	5457532	18.90
/c/ClippersHQ_renders/outputs_paste_20260825_bl1405_DcY2cIGPUVd/_work/paste_DcY2cIGPUVd__20260825T140451Z/head.mp4	1030620	13.91
/c/ClippersHQ_renders/outputs_paste_20260825_bl1405_DcY2cIGPUVd/_work/paste_DcY2cIGPUVd__20260825T140451Z/instagram/auraa50k/3970162498878653789_42938874482.mp4	1030620	13.91
/c/ClippersHQ_renders/outputs_paste_20260825_bl1405_DcY2cIGPUVd/_work/paste_DcY2cIGPUVd__20260825T140451Z/instagram/auraa50k/final/white_frame/3970162498878653789_42938874482.mp4	1997832	13.87
/c/ClippersHQ_renders/outputs_paste_20260825_bl1405_DcZJYzJPi9w/_work/paste_DcZJYzJPi9w__20260825T143111Z/head.mp4	1788520	12.67
/c/ClippersHQ_renders/outputs_paste_20260825_bl1405_DcZJYzJPi9w/_work/paste_DcZJYzJPi9w__20260825T143111Z/instagram/wrackk.s/3970245833105747824_39311066752.mp4	1788520	12.67
/c/ClippersHQ_renders/outputs_paste_20260825_bl1405_DcZJYzJPi9w/_work/paste_DcZJYzJPi9w__20260825T143111Z/instagram/wrackk.s/final/white_frame/3970245833105747824_39311066752.mp4	3198404	12.67
/c/ClippersHQ_renders/outputs_paste_20260825_bl1408_original_DVZM6yDCMyE/_work/paste_DVZM6yDCMyE__20260825T161519Z/head.mp4	1508727	15.17
/c/ClippersHQ_renders/outputs_paste_20260825_bl1408_original_DVZM6yDCMyE/_work/paste_DVZM6yDCMyE__20260825T161519Z/instagram/cinevohq/3844160572963212420_78524788077.mp4	1508727	15.17
/c/ClippersHQ_renders/outputs_paste_20260825_bl1408_original_DVZM6yDCMyE/_work/paste_DVZM6yDCMyE__20260825T161519Z/instagram/cinevohq/final/white_frame/3844160572963212420_78524788077.mp4	3707570	15.17
/c/ClippersHQ_renders/outputs_paste_20260825_bl1408_original_DVfvm21Dku0/_work/paste_DVfvm21Dku0__20260825T160531Z/head.mp4	897006	11.83
/c/ClippersHQ_renders/outputs_paste_20260825_bl1408_original_DVfvm21Dku0/_work/paste_DVfvm21Dku0__20260825T160531Z/instagram/fineandrelatable/3846001985196018612_80826883680.mp4	897006	11.83
/c/ClippersHQ_renders/outputs_paste_20260825_bl1408_original_DW1A_lRDABr/_work/paste_DW1A_lRDABr__20260825T161619Z/head.mp4	1039236	12.98
/c/ClippersHQ_renders/outputs_paste_20260825_bl1408_original_DW1A_lRDABr/_work/paste_DW1A_lRDABr__20260825T161619Z/instagram/corporate_majdoorrrr/3870003824136290411_74863751680.mp4	1039236	12.98
/c/ClippersHQ_renders/outputs_paste_20260825_bl1408_original_DW1A_lRDABr/_work/paste_DW1A_lRDABr__20260825T161619Z/instagram/corporate_majdoorrrr/final/white_frame/3870003824136290411_74863751680.mp4	1574638	12.97
/c/ClippersHQ_renders/outputs_paste_20260825_bl1408_original_DWwnJ7BEpDX/_work/paste_DWwnJ7BEpDX__20260825T160958Z/head.mp4	1039273	13.72
/c/ClippersHQ_renders/outputs_paste_20260825_bl1408_original_DWwnJ7BEpDX/_work/paste_DWwnJ7BEpDX__20260825T160958Z/instagram/spatter.exe/3868764285569241303_76217980934.mp4	1039273	13.72
/c/ClippersHQ_renders/outputs_paste_20260825_bl1408_original_DWwnJ7BEpDX/_work/paste_DWwnJ7BEpDX__20260825T160958Z/instagram/spatter.exe/final/white_frame/3868764285569241303_76217980934.mp4	3921092	13.60
/c/ClippersHQ_renders/outputs_paste_20260825_bl1408_original_DX4QwcnTbjn/_work/paste_DX4QwcnTbjn__20260825T155518Z/head.mp4	556173	12.29
/c/ClippersHQ_renders/outputs_paste_20260825_bl1408_original_DX4QwcnTbjn/_work/paste_DX4QwcnTbjn__20260825T155518Z/instagram/lolbitz.z/3888931976237660391_18843919509.mp4	556173	12.29
/c/ClippersHQ_renders/outputs_paste_20260825_bl1408_original_DX4QwcnTbjn/_work/paste_DX4QwcnTbjn__20260825T155518Z/instagram/lolbitz.z/final/white_frame/3888931976237660391_18843919509.mp4	1236700	12.29
/c/ClippersHQ_renders/outputs_paste_20260825_bl1408_original_DXMB9kcgEat/_work/paste_DXMB9kcgEat__20260825T160045Z/head.mp4	740282	10.13
/c/ClippersHQ_renders/outputs_paste_20260825_bl1408_original_DXMB9kcgEat/_work/paste_DXMB9kcgEat__20260825T160045Z/instagram/therelatemode/3876482008326620845_78517717051.mp4	740282	10.13
/c/ClippersHQ_renders/outputs_paste_20260825_bl1408_original_DXMB9kcgEat/_work/paste_DXMB9kcgEat__20260825T160045Z/instagram/therelatemode/final/white_frame/3876482008326620845_78517717051.mp4	1152076	10.13
/c/ClippersHQ_renders/outputs_paste_20260825_bl1408_original_DXnV5uzEkZL/_work/paste_DXnV5uzEkZL__20260825T155955Z/head.mp4	700520	12.65
/c/ClippersHQ_renders/outputs_paste_20260825_bl1408_original_DXnV5uzEkZL/_work/paste_DXnV5uzEkZL__20260825T155955Z/instagram/city_most/3884169529866208843_79756889947.mp4	700520	12.65
/c/ClippersHQ_renders/outputs_paste_20260825_bl1408_original_DXnV5uzEkZL/_work/paste_DXnV5uzEkZL__20260825T155955Z/instagram/city_most/final/white_frame/3884169529866208843_79756889947.mp4	1529885	12.60
/c/ClippersHQ_renders/outputs_paste_20260825_bl1408_original_DY2pgiMuwXX/_work/paste_DY2pgiMuwXX__20260825T160240Z/head.mp4	607184	10.01
/c/ClippersHQ_renders/outputs_paste_20260825_bl1408_original_DY2pgiMuwXX/_work/paste_DY2pgiMuwXX__20260825T160240Z/instagram/cinemawrapped/3906492282441500119_31958395291.mp4	607184	10.01
/c/ClippersHQ_renders/outputs_paste_20260825_bl1408_original_DY2pgiMuwXX/_work/paste_DY2pgiMuwXX__20260825T160240Z/instagram/cinemawrapped/final/white_frame/3906492282441500119_31958395291.mp4	1412995	10.00
/c/ClippersHQ_renders/outputs_paste_20260825_bl1408_original_DY91hZ8SSRE/_work/paste_DY91hZ8SSRE__20260825T161218Z/head.mp4	3072193	11.05
/c/ClippersHQ_renders/outputs_paste_20260825_bl1408_original_DY91hZ8SSRE/_work/paste_DY91hZ8SSRE__20260825T161218Z/instagram/entirely.mp4/3908515443690251332_78535882049.mp4	3072193	11.05
/c/ClippersHQ_renders/outputs_paste_20260825_bl1408_original_DY91hZ8SSRE/_work/paste_DY91hZ8SSRE__20260825T161218Z/instagram/entirely.mp4/final/white_frame/3908515443690251332_78535882049.mp4	6068291	11.02
/c/ClippersHQ_renders/outputs_paste_20260825_bl1408_original_DYM7c5Ph85R/_work/paste_DYM7c5Ph85R__20260825T155610Z/head.mp4	1206628	11.01
/c/ClippersHQ_renders/outputs_paste_20260825_bl1408_original_DYM7c5Ph85R/_work/paste_DYM7c5Ph85R__20260825T155610Z/instagram/alexa.memerz/3894749248121982545_22208786547.mp4	1206628	11.01
/c/ClippersHQ_renders/outputs_paste_20260825_bl1408_original_DYM7c5Ph85R/_work/paste_DYM7c5Ph85R__20260825T155610Z/instagram/alexa.memerz/final/white_frame/3894749248121982545_22208786547.mp4	2909571	10.87
/c/ClippersHQ_renders/outputs_paste_20260825_bl1408_original_DYUc5uSySjU/_work/paste_DYUc5uSySjU__20260825T160459Z/head.mp4	1104680	9.75
/c/ClippersHQ_renders/outputs_paste_20260825_bl1408_original_DYUc5uSySjU/_work/paste_DYUc5uSySjU__20260825T160459Z/instagram/xyz.clip_/3896866689602103508_75274014611.mp4	1104680	9.75
/c/ClippersHQ_renders/outputs_paste_20260825_bl1408_original_DYUc5uSySjU/_work/paste_DYUc5uSySjU__20260825T160459Z/instagram/xyz.clip_/final/white_frame/3896866689602103508_75274014611.mp4	2057321	9.73
/c/ClippersHQ_renders/outputs_paste_20260825_bl1408_original_DYqi6n9IcY0/_work/paste_DYqi6n9IcY0__20260825T161349Z/head.mp4	1012621	10.29
/c/ClippersHQ_renders/outputs_paste_20260825_bl1408_original_DYqi6n9IcY0/_work/paste_DYqi6n9IcY0__20260825T161349Z/instagram/the._homiesclub/3903085589282539060_24308958646.mp4	1012621	10.29
/c/ClippersHQ_renders/outputs_paste_20260825_bl1408_original_DYqi6n9IcY0/_work/paste_DYqi6n9IcY0__20260825T161349Z/instagram/the._homiesclub/final/white_frame/3903085589282539060_24308958646.mp4	2265075	10.20
/c/ClippersHQ_renders/outputs_paste_20260825_bl1408_original_DYzWu1ht9NE/_work/paste_DYzWu1ht9NE__20260825T160414Z/head.mp4	636123	9.78
/c/ClippersHQ_renders/outputs_paste_20260825_bl1408_original_DYzWu1ht9NE/_work/paste_DYzWu1ht9NE__20260825T160414Z/instagram/clips_.lite/3905565277453538116_80084291383.mp4	636123	9.78
/c/ClippersHQ_renders/outputs_paste_20260825_bl1408_original_DYzWu1ht9NE/_work/paste_DYzWu1ht9NE__20260825T160414Z/instagram/clips_.lite/final/white_frame/3905565277453538116_80084291383.mp4	1147011	9.77
/c/ClippersHQ_renders/outputs_paste_20260825_bl1408_original_DYzvp53ukO2/_work/paste_DYzvp53ukO2__20260825T161054Z/head.mp4	358530	8.94
/c/ClippersHQ_renders/outputs_paste_20260825_bl1408_original_DYzvp53ukO2/_work/paste_DYzvp53ukO2__20260825T161054Z/instagram/cinemawrapped/3905674889683157942_31958395291.mp4	358530	8.94
/c/ClippersHQ_renders/outputs_paste_20260825_bl1408_original_DYzvp53ukO2/_work/paste_DYzvp53ukO2__20260825T161054Z/instagram/cinemawrapped/final/white_frame/3905674889683157942_31958395291.mp4	758415	8.93
/c/ClippersHQ_renders/outputs_paste_20260825_bl1408_original_DZ1he2sSACF/_work/paste_DZ1he2sSACF__20260825T161436Z/head.mp4	577822	8.22
/c/ClippersHQ_renders/outputs_paste_20260825_bl1408_original_DZ1he2sSACF/_work/paste_DZ1he2sSACF__20260825T161436Z/instagram/conzo_says/3924189906167398533_72889803925.mp4	577822	8.22
/c/ClippersHQ_renders/outputs_paste_20260825_bl1408_original_DZ1he2sSACF/_work/paste_DZ1he2sSACF__20260825T161436Z/instagram/conzo_says/final/white_frame/3924189906167398533_72889803925.mp4	1685080	8.20
/c/ClippersHQ_renders/outputs_paste_20260825_bl1408_original_DZQV3imlVmy/_work/paste_DZQV3imlVmy__20260825T160828Z/head.mp4	1313187	15.07
/c/ClippersHQ_renders/outputs_paste_20260825_bl1408_original_DZQV3imlVmy/_work/paste_DZQV3imlVmy__20260825T160828Z/instagram/edm_giraffe/3913724251887458738_79975011164.mp4	1313187	15.07
/c/ClippersHQ_renders/outputs_paste_20260825_bl1408_original_DZQV3imlVmy/_work/paste_DZQV3imlVmy__20260825T160828Z/instagram/edm_giraffe/final/white_frame/3913724251887458738_79975011164.mp4	3217744	15.07
/c/ClippersHQ_renders/outputs_paste_20260825_bl1408_original_DZaUyhVkn42/_work/paste_DZaUyhVkn42__20260825T155015Z/head.mp4	1773507	13.93
/c/ClippersHQ_renders/outputs_paste_20260825_bl1408_original_DZaUyhVkn42/_work/paste_DZaUyhVkn42__20260825T155015Z/instagram/filmradius/3916534258651528758_79623863604.mp4	1773507	13.93
/c/ClippersHQ_renders/outputs_paste_20260825_bl1408_original_DZaUyhVkn42/_work/paste_DZaUyhVkn42__20260825T155015Z/instagram/filmradius/final/white_frame/3916534258651528758_79623863604.mp4	5285272	13.83
/c/ClippersHQ_renders/outputs_paste_20260825_bl1408_original_DZfNJz4te2w/_work/paste_DZfNJz4te2w__20260825T161131Z/head.mp4	1607277	14.89
/c/ClippersHQ_renders/outputs_paste_20260825_bl1408_original_DZfNJz4te2w/_work/paste_DZfNJz4te2w__20260825T161131Z/instagram/rikkmemer/3917908049627835824_75793126565.mp4	1607277	14.89
/c/ClippersHQ_renders/outputs_paste_20260825_bl1408_original_DZfNJz4te2w/_work/paste_DZfNJz4te2w__20260825T161131Z/instagram/rikkmemer/final/white_frame/3917908049627835824_75793126565.mp4	2915148	14.87
/c/ClippersHQ_renders/outputs_paste_20260825_bl1408_original_DZoOmVLvGrO/_work/paste_DZoOmVLvGrO__20260825T161307Z/head.mp4	762885	11.56
/c/ClippersHQ_renders/outputs_paste_20260825_bl1408_original_DZoOmVLvGrO/_work/paste_DZoOmVLvGrO__20260825T161307Z/instagram/dankkzon/3920447682362763982_14881850481.mp4	762885	11.56
/c/ClippersHQ_renders/outputs_paste_20260825_bl1408_original_DZoOmVLvGrO/_work/paste_DZoOmVLvGrO__20260825T161307Z/instagram/dankkzon/final/white_frame/3920447682362763982_14881850481.mp4	1931515	11.53
/c/ClippersHQ_renders/outputs_paste_20260825_bl1408_original_DZsX0CFTpJc/_work/paste_DZsX0CFTpJc__20260825T160917Z/head.mp4	997947	12.10
/c/ClippersHQ_renders/outputs_paste_20260825_bl1408_original_DZsX0CFTpJc/_work/paste_DZsX0CFTpJc__20260825T160917Z/instagram/alphamovies2026/3921614106251924060_80408397867.mp4	997947	12.10
/c/ClippersHQ_renders/outputs_paste_20260825_bl1408_original_DZsX0CFTpJc/_work/paste_DZsX0CFTpJc__20260825T160917Z/instagram/alphamovies2026/final/white_frame/3921614106251924060_80408397867.mp4	2205695	12.00
/c/ClippersHQ_renders/outputs_paste_20260825_bl1408_original_DZu1b5pPEGy/_work/paste_DZu1b5pPEGy__20260825T155119Z/head.mp4	1120692	9.87
/c/ClippersHQ_renders/outputs_paste_20260825_bl1408_original_DZu1b5pPEGy/_work/paste_DZu1b5pPEGy__20260825T155119Z/instagram/entertainment.feeds/3922307339272339890_72867846579.mp4	1120692	9.87
/c/ClippersHQ_renders/outputs_paste_20260825_bl1408_original_DZu1b5pPEGy/_work/paste_DZu1b5pPEGy__20260825T155119Z/instagram/entertainment.feeds/final/white_frame/3922307339272339890_72867846579.mp4	2438119	9.87
/c/ClippersHQ_renders/outputs_paste_20260825_bl1408_original_DaBQvnuTkV3/_work/paste_DaBQvnuTkV3__20260825T160627Z/head.mp4	717041	12.96
/c/ClippersHQ_renders/outputs_paste_20260825_bl1408_original_DaBQvnuTkV3/_work/paste_DaBQvnuTkV3__20260825T160627Z/instagram/vishwa_live_00/3927493991256180087_79041071515.mp4	717041	12.96
/c/ClippersHQ_renders/outputs_paste_20260825_bl1408_original_DaBQvnuTkV3/_work/paste_DaBQvnuTkV3__20260825T160627Z/instagram/vishwa_live_00/final/white_frame/3927493991256180087_79041071515.mp4	1112453	12.77
/c/ClippersHQ_renders/outputs_paste_20260825_bl1408_original_DaK8cFSNDbm/_work/paste_DaK8cFSNDbm__20260825T155259Z/head.mp4	1370702	12.00
/c/ClippersHQ_renders/outputs_paste_20260825_bl1408_original_DaK8cFSNDbm/_work/paste_DaK8cFSNDbm__20260825T155259Z/instagram/thatoneclipppp/3930219437444314854_42726517078.mp4	1370702	12.00
/c/ClippersHQ_renders/outputs_paste_20260825_bl1408_original_DaK8cFSNDbm/_work/paste_DaK8cFSNDbm__20260825T155259Z/instagram/thatoneclipppp/final/white_frame/3930219437444314854_42726517078.mp4	2438038	12.00
/c/ClippersHQ_renders/outputs_paste_20260825_bl1408_original_DcBPKIyM1gN/_work/paste_DcBPKIyM1gN__20260825T160155Z/head.mp4	460063	9.37
/c/ClippersHQ_renders/outputs_paste_20260825_bl1408_original_DcBPKIyM1gN/_work/paste_DcBPKIyM1gN__20260825T160155Z/instagram/n0tyourfeed/3963515814387341325_43166398480.mp4	460063	9.37
/c/ClippersHQ_renders/outputs_paste_20260825_bl1408_original_DcBPKIyM1gN/_work/paste_DcBPKIyM1gN__20260825T160155Z/instagram/n0tyourfeed/final/white_frame/3963515814387341325_43166398480.mp4	1507521	9.37
/c/ClippersHQ_renders/outputs_paste_20260825_bl1408_original_DcJWIBryfwl/_work/paste_DcJWIBryfwl__20260825T155917Z/head.mp4	884962	8.96
/c/ClippersHQ_renders/outputs_paste_20260825_bl1408_original_DcJWIBryfwl/_work/paste_DcJWIBryfwl__20260825T155917Z/instagram/lovewithscene_/3965798255463889957_78157628317.mp4	884962	8.96
/c/ClippersHQ_renders/outputs_paste_20260825_bl1408_original_DcJWIBryfwl/_work/paste_DcJWIBryfwl__20260825T155917Z/instagram/lovewithscene_/final/white_frame/3965798255463889957_78157628317.mp4	1242032	8.93
/c/ClippersHQ_renders/outputs_paste_20260825_bl1408_original_DcOXS8GvUFa/_work/paste_DcOXS8GvUFa__20260825T161656Z/head.mp4	1443557	15.43
/c/ClippersHQ_renders/outputs_paste_20260825_bl1408_original_DcOXS8GvUFa/_work/paste_DcOXS8GvUFa__20260825T161656Z/instagram/auraa50k/3967210778317898074_42938874482.mp4	1443557	15.43
/c/ClippersHQ_renders/outputs_paste_20260825_bl1408_original_DcT8BHovkZw/_work/paste_DcT8BHovkZw__20260825T160320Z/head.mp4	2016278	15.44
/c/ClippersHQ_renders/outputs_paste_20260825_bl1408_original_DcT8BHovkZw/_work/paste_DcT8BHovkZw__20260825T160320Z/instagram/auraa50k/3968779656353433200_42938874482.mp4	2016278	15.44
/c/ClippersHQ_renders/outputs_paste_20260825_bl1408_original_DcT8BHovkZw/_work/paste_DcT8BHovkZw__20260825T160320Z/instagram/auraa50k/final/white_frame/3968779656353433200_42938874482.mp4	8202907	15.43
/c/ClippersHQ_renders/outputs_paste_20260825_bl1408_original_DcY2T11sQu6/_work/paste_DcY2T11sQu6__20260825T155739Z/head.mp4	1731344	18.93
/c/ClippersHQ_renders/outputs_paste_20260825_bl1408_original_DcY2T11sQu6/_work/paste_DcY2T11sQu6__20260825T155739Z/instagram/sportixizzz.xe/3970161929517861818_39312802762.mp4	1731344	18.93
/c/ClippersHQ_renders/outputs_paste_20260825_bl1408_original_DcY2T11sQu6/_work/paste_DcY2T11sQu6__20260825T155739Z/instagram/sportixizzz.xe/final/white_frame/3970161929517861818_39312802762.mp4	4995468	18.90
/c/ClippersHQ_renders/outputs_paste_20260825_bl1408_original_DcY2cIGPUVd/_work/paste_DcY2cIGPUVd__20260825T155205Z/head.mp4	1440704	13.91
/c/ClippersHQ_renders/outputs_paste_20260825_bl1408_original_DcY2cIGPUVd/_work/paste_DcY2cIGPUVd__20260825T155205Z/instagram/auraa50k/3970162498878653789_42938874482.mp4	1440704	13.91
/c/ClippersHQ_renders/outputs_paste_20260825_bl1408_original_DcY2cIGPUVd/_work/paste_DcY2cIGPUVd__20260825T155205Z/instagram/auraa50k/final/white_frame/3970162498878653789_42938874482.mp4	3400232	13.87
/c/ClippersHQ_renders/outputs_paste_20260825_bl1408_original_DcZJYzJPi9w/_work/paste_DcZJYzJPi9w__20260825T161721Z/head.mp4	1477040	12.67
/c/ClippersHQ_renders/outputs_paste_20260825_bl1408_original_DcZJYzJPi9w/_work/paste_DcZJYzJPi9w__20260825T161721Z/instagram/wrackk.s/3970245833105747824_39311066752.mp4	1477040	12.67
/c/ClippersHQ_renders/outputs_paste_20260825_bl1408_original_DcZJYzJPi9w/_work/paste_DcZJYzJPi9w__20260825T161721Z/instagram/wrackk.s/final/white_frame/3970245833105747824_39311066752.mp4	1714599	12.67
/c/ClippersHQ_renders/outputs_paste_20260825_bl1408_song_DZaUyhVkn42/_work/paste_DZaUyhVkn42__20260825T161844Z/head.mp4	1773507	13.93
/c/ClippersHQ_renders/outputs_paste_20260825_bl1408_song_DZaUyhVkn42/_work/paste_DZaUyhVkn42__20260825T161844Z/instagram/filmradius/3916534258651528758_79623863604.mp4	1773507	13.93
/c/ClippersHQ_renders/outputs_paste_20260825_bl1408_song_DZaUyhVkn42/_work/paste_DZaUyhVkn42__20260825T161844Z/instagram/filmradius/final/white_frame/3916534258651528758_79623863604.mp4	5298694	13.83
/c/ClippersHQ_renders/outputs_paste_20260825_bl1408_song_DZu1b5pPEGy/_work/paste_DZu1b5pPEGy__20260825T162000Z/head.mp4	1652218	9.87
/c/ClippersHQ_renders/outputs_paste_20260825_bl1408_song_DZu1b5pPEGy/_work/paste_DZu1b5pPEGy__20260825T162000Z/instagram/entertainment.feeds/3922307339272339890_72867846579.mp4	1652218	9.87
/c/ClippersHQ_renders/outputs_paste_20260825_bl1408_song_DZu1b5pPEGy/_work/paste_DZu1b5pPEGy__20260825T162000Z/instagram/entertainment.feeds/final/white_frame/3922307339272339890_72867846579.mp4	2828142	9.85
/c/ClippersHQ_renders/outputs_paste_20260825_bl1408_song_DcY2cIGPUVd/_work/paste_DcY2cIGPUVd__20260825T162115Z/head.mp4	1440704	13.91
/c/ClippersHQ_renders/outputs_paste_20260825_bl1408_song_DcY2cIGPUVd/_work/paste_DcY2cIGPUVd__20260825T162115Z/instagram/auraa50k/3970162498878653789_42938874482.mp4	1440704	13.91
/c/ClippersHQ_renders/outputs_paste_20260825_bl1408_song_DcY2cIGPUVd/_work/paste_DcY2cIGPUVd__20260825T162115Z/instagram/auraa50k/final/white_frame/3970162498878653789_42938874482.mp4	3501870	13.87
/c/ClippersHQ_renders/outputs_paste_20260825_bl1409_original_DVhBwA_DWcj/_work/paste_DVhBwA_DWcj__20260825T191122Z/head.mp4	1365334	7.66
/c/ClippersHQ_renders/outputs_paste_20260825_bl1409_original_DVhBwA_DWcj/_work/paste_DVhBwA_DWcj__20260825T191122Z/instagram/wrestlingreels90/3846363254390351651_66686562112.mp4	1365334	7.66
/c/ClippersHQ_renders/outputs_paste_20260825_bl1409_original_DXH5gPzAcj9/_work/paste_DXH5gPzAcj9__20260825T191534Z/head.mp4	702433	10.89
/c/ClippersHQ_renders/outputs_paste_20260825_bl1409_original_DXH5gPzAcj9/_work/paste_DXH5gPzAcj9__20260825T191534Z/instagram/wasted/3875318909011871997_1415356583.mp4	702433	10.89
/c/ClippersHQ_renders/outputs_paste_20260825_bl1409_original_DXH5gPzAcj9/_work/paste_DXH5gPzAcj9__20260825T191534Z/instagram/wasted/final/white_frame/3875318909011871997_1415356583.mp4	1118877	10.87
/c/ClippersHQ_renders/outputs_paste_20260825_bl1409_original_DXrBm2bFQPM/_work/paste_DXrBm2bFQPM__20260825T191227Z/head.mp4	1548157	12.07
/c/ClippersHQ_renders/outputs_paste_20260825_bl1409_original_DXrBm2bFQPM/_work/paste_DXrBm2bFQPM__20260825T191227Z/instagram/boysvurs/3885206171360232396_38989919390.mp4	1548157	12.07
/c/ClippersHQ_renders/outputs_paste_20260825_bl1409_original_DXrBm2bFQPM/_work/paste_DXrBm2bFQPM__20260825T191227Z/instagram/boysvurs/final/white_frame/3885206171360232396_38989919390.mp4	4510229	12.07
/c/ClippersHQ_renders/outputs_paste_20260825_bl1409_original_DXwsc_cy_ny/_work/paste_DXwsc_cy_ny__20260825T191456Z/head.mp4	1161333	12.10
/c/ClippersHQ_renders/outputs_paste_20260825_bl1409_original_DXwsc_cy_ny/_work/paste_DXwsc_cy_ny__20260825T191456Z/instagram/entirely.mp4/3886801984741439986_78535882049.mp4	1161333	12.10
/c/ClippersHQ_renders/outputs_paste_20260825_bl1409_original_DXwsc_cy_ny/_work/paste_DXwsc_cy_ny__20260825T191456Z/instagram/entirely.mp4/final/white_frame/3886801984741439986_78535882049.mp4	1373512	12.07
/c/ClippersHQ_renders/outputs_paste_20260825_bl1409_original_Db-BJl9ofFA/_work/paste_Db-BJl9ofFA__20260825T191011Z/head.mp4	2117432	18.92
/c/ClippersHQ_renders/outputs_paste_20260825_bl1409_original_Db-BJl9ofFA/_work/paste_Db-BJl9ofFA__20260825T191011Z/instagram/wittymedia._/3962609779416887616_39871741023.mp4	2117432	18.92
/c/ClippersHQ_renders/outputs_paste_20260825_bl1409_original_Db-BJl9ofFA/_work/paste_Db-BJl9ofFA__20260825T191011Z/instagram/wittymedia._/final/white_frame/3962609779416887616_39871741023.mp4	3991404	18.90
/c/ClippersHQ_renders/outputs_paste_20260825_bl1409_original_DbyU2ifSFYu/_work/paste_DbyU2ifSFYu__20260825T191346Z/head.mp4	2453825	20.02
/c/ClippersHQ_renders/outputs_paste_20260825_bl1409_original_DbyU2ifSFYu/_work/paste_DbyU2ifSFYu__20260825T191346Z/instagram/suff_editz/3959318731226109486_43512575793.mp4	2540779	20.43
/c/ClippersHQ_renders/outputs_paste_20260825_bl1409_original_DbyU2ifSFYu/_work/paste_DbyU2ifSFYu__20260825T191346Z/instagram/suff_editz/final/white_frame/3959318731226109486_43512575793.mp4	5777193	19.97
/c/ClippersHQ_renders/outputs_paste_20260825_bl1409_original_DcWKqCrtOME/_work/paste_DcWKqCrtOME__20260825T190717Z/head.mp4	1316083	7.62
/c/ClippersHQ_renders/outputs_paste_20260825_bl1409_original_DcWKqCrtOME/_work/paste_DcWKqCrtOME__20260825T190717Z/instagram/notsoserious143/3969406991137563396_75410470075.mp4	1316083	7.62
/c/ClippersHQ_renders/outputs_paste_20260825_bl1409_original_DcYXlkBRJLF/_work/paste_DcYXlkBRJLF__20260825T191313Z/head.mp4	1020095	10.68
/c/ClippersHQ_renders/outputs_paste_20260825_bl1409_original_DcYXlkBRJLF/_work/paste_DcYXlkBRJLF__20260825T191313Z/instagram/auraa50k/3970026807893463749_42938874482.mp4	1020095	10.68
/c/ClippersHQ_renders/outputs_paste_20260825_bl1409_original_DcYXlkBRJLF/_work/paste_DcYXlkBRJLF__20260825T191313Z/instagram/auraa50k/final/white_frame/3970026807893463749_42938874482.mp4	2194774	10.63
/c/ClippersHQ_renders/outputs_paste_20260825_bl1409_original_DcZQPilBOmc/_work/paste_DcZQPilBOmc__20260825T190745Z/head.mp4	1059971	13.12
/c/ClippersHQ_renders/outputs_paste_20260825_bl1409_original_DcZQPilBOmc/_work/paste_DcZQPilBOmc__20260825T190745Z/instagram/wasted/3970275983168432540_1415356583.mp4	1059971	13.12
/c/ClippersHQ_renders/outputs_paste_20260825_bl1409_original_DcZQPilBOmc/_work/paste_DcZQPilBOmc__20260825T190745Z/instagram/wasted/final/white_frame/3970275983168432540_1415356583.mp4	2026463	13.10
/c/ClippersHQ_renders/outputs_paste_20260825_bl1409_original_Dcad7Y2MMAF/_work/paste_Dcad7Y2MMAF__20260825T190816Z/head.mp4	1038286	9.78
/c/ClippersHQ_renders/outputs_paste_20260825_bl1409_original_Dcad7Y2MMAF/_work/paste_Dcad7Y2MMAF__20260825T190816Z/instagram/auraaap50k/3970617645957431301_44998671676.mp4	1038286	9.78
/c/ClippersHQ_renders/outputs_paste_20260825_bl1409_original_Dcad7Y2MMAF/_work/paste_Dcad7Y2MMAF__20260825T190816Z/instagram/auraaap50k/final/white_frame/3970617645957431301_44998671676.mp4	1305732	9.77
/c/ClippersHQ_renders/outputs_paste_20260825_bl1409_original_DcbHggAqOUD/_work/paste_DcbHggAqOUD__20260825T190922Z/head.mp4	6620979	8.50
/c/ClippersHQ_renders/outputs_paste_20260825_bl1409_original_DcbHggAqOUD/_work/paste_DcbHggAqOUD__20260825T190922Z/instagram/wrackk.s/3970800516176864515_39311066752.mp4	6620979	8.50
/c/ClippersHQ_renders/outputs_paste_20260825_bl1409_original_DcbHggAqOUD/_work/paste_DcbHggAqOUD__20260825T190922Z/instagram/wrackk.s/final/white_frame/3970800516176864515_39311066752.mp4	13076573	8.50
/c/ClippersHQ_renders/outputs_paste_20260825_bl1409_original_Dcbfwl5BvK7/_work/paste_Dcbfwl5BvK7__20260825T191143Z/head.mp4	1285140	12.17
/c/ClippersHQ_renders/outputs_paste_20260825_bl1409_original_Dcbfwl5BvK7/_work/paste_Dcbfwl5BvK7__20260825T191143Z/instagram/wasted/3970907175119155899_1415356583.mp4	1285140	12.17
/c/ClippersHQ_renders/outputs_paste_20260825_bl1409_original_Dcbfwl5BvK7/_work/paste_Dcbfwl5BvK7__20260825T191143Z/instagram/wasted/final/white_frame/3970907175119155899_1415356583.mp4	3705348	12.17
/c/ClippersHQ_renders/outputs_paste_20260825_bl1409_original_Dcd21ufE0ts/_work/paste_Dcd21ufE0ts__20260825T190847Z/head.mp4	409374	8.07
/c/ClippersHQ_renders/outputs_paste_20260825_bl1409_original_Dcd21ufE0ts/_work/paste_Dcd21ufE0ts__20260825T190847Z/instagram/mememundey/3971571632967994220_38793638675.mp4	409374	8.07
/c/ClippersHQ_renders/outputs_paste_20260825_bl1409_original_Dcd21ufE0ts/_work/paste_Dcd21ufE0ts__20260825T190847Z/instagram/mememundey/final/white_frame/3971571632967994220_38793638675.mp4	760911	8.07
/c/ClippersHQ_renders/outputs_paste_20260828_182311/_work/paste_DV9H7B7ko7V__20260828T162748Z/head.mp4	505128	8.97
/c/ClippersHQ_renders/outputs_paste_20260828_182311/_work/paste_DV9H7B7ko7V__20260828T162748Z/instagram/clipsaddicts/3854271698946920149_77976238764.mp4	505128	8.97
/c/ClippersHQ_renders/outputs_paste_20260828_182311/_work/paste_DV9H7B7ko7V__20260828T162748Z/instagram/clipsaddicts/final/white_frame/3854271698946920149_77976238764.mp4	926737	8.97
/c/ClippersHQ_renders/outputs_paste_20260828_182311/_work/paste_DWzNCShj60T__20260828T162815Z/head.mp4	747988	11.68
/c/ClippersHQ_renders/outputs_paste_20260828_182311/_work/paste_DWzNCShj60T__20260828T162815Z/instagram/orynoxx/3869493836775402771_78903858457.mp4	747988	11.68
/c/ClippersHQ_renders/outputs_paste_20260828_182311/_work/paste_DWzNCShj60T__20260828T162815Z/instagram/orynoxx/final/white_frame/3869493836775402771_78903858457.mp4	1200476	11.67
/c/ClippersHQ_renders/outputs_paste_20260828_182311/_work/paste_DY-oq7XBGmE__20260828T162612Z/head.mp4	940656	9.75
/c/ClippersHQ_renders/outputs_paste_20260828_182311/_work/paste_DY-oq7XBGmE__20260828T162612Z/instagram/wasted/3908740398419569028_1415356583.mp4	940656	9.75
/c/ClippersHQ_renders/outputs_paste_20260828_182311/_work/paste_DY-oq7XBGmE__20260828T162612Z/instagram/wasted/final/white_frame/3908740398419569028_1415356583.mp4	2632472	9.73
/c/ClippersHQ_renders/outputs_paste_20260828_182311/_work/paste_DZOfaprvQbh__20260828T162333Z/head.mp4	890512	18.62
/c/ClippersHQ_renders/outputs_paste_20260828_182311/_work/paste_DZOfaprvQbh__20260828T162333Z/instagram/imrohitchhetri/3913203297137002209_57064900097.mp4	890512	18.62
/c/ClippersHQ_renders/outputs_paste_20260828_182311/_work/paste_DZOfaprvQbh__20260828T162333Z/instagram/imrohitchhetri/final/white_frame/3913203297137002209_57064900097.mp4	1905017	18.60
/c/ClippersHQ_renders/outputs_paste_20260828_182311/_work/paste_DbYonQnzByT__20260828T162845Z/head.mp4	498819	9.13
/c/ClippersHQ_renders/outputs_paste_20260828_182311/_work/paste_DbYonQnzByT__20260828T162845Z/instagram/unsentclips.in/3952087292785204371_57799943517.mp4	498819	9.13
/c/ClippersHQ_renders/outputs_paste_20260828_182311/_work/paste_DbYonQnzByT__20260828T162845Z/instagram/unsentclips.in/final/white_frame/3952087292785204371_57799943517.tmp.mp4	262192	0.00
/c/ClippersHQ_renders/outputs_paste_20260828_182311/_work/paste_DcaTqnAzhBG__20260828T162704Z/head.mp4	1268797	11.31
/c/ClippersHQ_renders/outputs_paste_20260828_182311/_work/paste_DcaTqnAzhBG__20260828T162704Z/instagram/noocontexthub/3970572512471683142_77460914499.mp4	1268797	11.31
/c/ClippersHQ_renders/outputs_paste_20260828_182311/_work/paste_DcaTqnAzhBG__20260828T162704Z/instagram/noocontexthub/final/white_frame/3970572512471683142_77460914499.mp4	2896766	11.13
/c/ClippersHQ_renders/outputs_paste_20260828_182311/_work/paste_DcbqzZMSwLe__20260828T162433Z/head.mp4	1576229	13.89
/c/ClippersHQ_renders/outputs_paste_20260828_182311/_work/paste_DcbqzZMSwLe__20260828T162433Z/instagram/cinemagossiped/3970955746153792222_80413805211.mp4	1576229	13.89
/c/ClippersHQ_renders/outputs_paste_20260828_182311/_work/paste_DcbqzZMSwLe__20260828T162433Z/instagram/cinemagossiped/final/white_frame/3970955746153792222_80413805211.mp4	3789185	13.73
/c/ClippersHQ_renders/outputs_paste_20260828_182311/_work/paste_DcgsenBKNUl__20260828T162525Z/head.mp4	945968	12.56
/c/ClippersHQ_renders/outputs_paste_20260828_182311/_work/paste_DcgsenBKNUl__20260828T162525Z/instagram/uk.meme2026/3972370488866952485_36036064601.mp4	945968	12.56
/c/ClippersHQ_renders/outputs_paste_20260828_182311/_work/paste_DcgsenBKNUl__20260828T162525Z/instagram/uk.meme2026/final/white_frame/3972370488866952485_36036064601.mp4	1694963	12.47
/c/ClippersHQ_renders/outputs_paste_bl1430_21/_links/link_01_DZOfaprvQbh/_work/paste_DZOfaprvQbh__20260828T211511Z/head.mp4	890512	18.62
/c/ClippersHQ_renders/outputs_paste_bl1430_21/_links/link_01_DZOfaprvQbh/_work/paste_DZOfaprvQbh__20260828T211511Z/instagram/imrohitchhetri/3913203297137002209_57064900097.mp4	890512	18.62
/c/ClippersHQ_renders/outputs_paste_bl1430_21/_links/link_01_DZOfaprvQbh/_work/paste_DZOfaprvQbh__20260828T211511Z/instagram/imrohitchhetri/final/white_frame/3913203297137002209_57064900097.mp4	1753318	18.60
/c/ClippersHQ_renders/outputs_paste_bl1430_21/_links/link_02_DcbqzZMSwLe/_work/paste_DcbqzZMSwLe__20260828T210113Z/head.mp4	1576229	13.89
/c/ClippersHQ_renders/outputs_paste_bl1430_21/_links/link_02_DcbqzZMSwLe/_work/paste_DcbqzZMSwLe__20260828T210113Z/instagram/cinemagossiped/3970955746153792222_80413805211.mp4	1576229	13.89
/c/ClippersHQ_renders/outputs_paste_bl1430_21/_links/link_02_DcbqzZMSwLe/_work/paste_DcbqzZMSwLe__20260828T210113Z/instagram/cinemagossiped/final/white_frame/3970955746153792222_80413805211.mp4	3888687	13.73
/c/ClippersHQ_renders/outputs_paste_bl1430_21/_links/link_03_DcgsenBKNUl/_work/paste_DcgsenBKNUl__20260828T210206Z/head.mp4	879582	12.56
/c/ClippersHQ_renders/outputs_paste_bl1430_21/_links/link_03_DcgsenBKNUl/_work/paste_DcgsenBKNUl__20260828T210206Z/instagram/uk.meme2026/3972370488866952485_36036064601.mp4	879582	12.56
/c/ClippersHQ_renders/outputs_paste_bl1430_21/_links/link_03_DcgsenBKNUl/_work/paste_DcgsenBKNUl__20260828T210206Z/instagram/uk.meme2026/final/white_frame/3972370488866952485_36036064601.mp4	1663309	12.47
/c/ClippersHQ_renders/outputs_paste_bl1430_21/_links/link_04_DY-oq7XBGmE/_work/paste_DY-oq7XBGmE__20260828T210236Z/head.mp4	940656	9.75
/c/ClippersHQ_renders/outputs_paste_bl1430_21/_links/link_04_DY-oq7XBGmE/_work/paste_DY-oq7XBGmE__20260828T210236Z/instagram/wasted/3908740398419569028_1415356583.mp4	940656	9.75
/c/ClippersHQ_renders/outputs_paste_bl1430_21/_links/link_04_DY-oq7XBGmE/_work/paste_DY-oq7XBGmE__20260828T210236Z/instagram/wasted/final/white_frame/3908740398419569028_1415356583.mp4	2541072	9.73
/c/ClippersHQ_renders/outputs_paste_bl1430_21/_links/link_05_DcaTqnAzhBG/_work/paste_DcaTqnAzhBG__20260828T210320Z/head.mp4	1268797	11.31
/c/ClippersHQ_renders/outputs_paste_bl1430_21/_links/link_05_DcaTqnAzhBG/_work/paste_DcaTqnAzhBG__20260828T210320Z/instagram/noocontexthub/3970572512471683142_77460914499.mp4	1268797	11.31
/c/ClippersHQ_renders/outputs_paste_bl1430_21/_links/link_05_DcaTqnAzhBG/_work/paste_DcaTqnAzhBG__20260828T210320Z/instagram/noocontexthub/final/white_frame/3970572512471683142_77460914499.mp4	2711700	11.13
/c/ClippersHQ_renders/outputs_paste_bl1430_21/_links/link_06_DV9H7B7ko7V/_work/paste_DV9H7B7ko7V__20260828T210406Z/head.mp4	505128	8.97
/c/ClippersHQ_renders/outputs_paste_bl1430_21/_links/link_06_DV9H7B7ko7V/_work/paste_DV9H7B7ko7V__20260828T210406Z/instagram/clipsaddicts/3854271698946920149_77976238764.mp4	505128	8.97
/c/ClippersHQ_renders/outputs_paste_bl1430_21/_links/link_06_DV9H7B7ko7V/_work/paste_DV9H7B7ko7V__20260828T210406Z/instagram/clipsaddicts/final/white_frame/3854271698946920149_77976238764.mp4	925174	8.97
/c/ClippersHQ_renders/outputs_paste_bl1430_21/_links/link_07_DWzNCShj60T/_work/paste_DWzNCShj60T__20260828T210437Z/head.mp4	747988	11.68
/c/ClippersHQ_renders/outputs_paste_bl1430_21/_links/link_07_DWzNCShj60T/_work/paste_DWzNCShj60T__20260828T210437Z/instagram/orynoxx/3869493836775402771_78903858457.mp4	747988	11.68
/c/ClippersHQ_renders/outputs_paste_bl1430_21/_links/link_07_DWzNCShj60T/_work/paste_DWzNCShj60T__20260828T210437Z/instagram/orynoxx/final/white_frame/3869493836775402771_78903858457.mp4	1131305	11.67
/c/ClippersHQ_renders/outputs_paste_bl1430_21/_links/link_08_DbYonQnzByT/_work/paste_DbYonQnzByT__20260828T210512Z/head.mp4	498819	9.13
/c/ClippersHQ_renders/outputs_paste_bl1430_21/_links/link_08_DbYonQnzByT/_work/paste_DbYonQnzByT__20260828T210512Z/instagram/unsentclips.in/3952087292785204371_57799943517.mp4	498819	9.13
/c/ClippersHQ_renders/outputs_paste_bl1430_21/_links/link_08_DbYonQnzByT/_work/paste_DbYonQnzByT__20260828T210512Z/instagram/unsentclips.in/final/white_frame/3952087292785204371_57799943517.mp4	1348926	8.90
/c/ClippersHQ_renders/outputs_paste_bl1430_21/_links/link_09_DYchbeVhf9F/_work/paste_DYchbeVhf9F__20260828T210552Z/head.mp4	1118302	13.95
/c/ClippersHQ_renders/outputs_paste_bl1430_21/_links/link_09_DYchbeVhf9F/_work/paste_DYchbeVhf9F__20260828T210552Z/instagram/wasted/3899138400930103109_1415356583.mp4	1118302	13.95
/c/ClippersHQ_renders/outputs_paste_bl1430_21/_links/link_09_DYchbeVhf9F/_work/paste_DYchbeVhf9F__20260828T210552Z/instagram/wasted/final/white_frame/3899138400930103109_1415356583.mp4	3819506	13.93
/c/ClippersHQ_renders/outputs_paste_bl1430_21/_links/link_10_DY_oM6tlXdx/_work/paste_DY_oM6tlXdx__20260828T210639Z/head.mp4	1446838	15.86
/c/ClippersHQ_renders/outputs_paste_bl1430_21/_links/link_10_DY_oM6tlXdx/_work/paste_DY_oM6tlXdx__20260828T210639Z/instagram/edm_roo/3909019811116840817_38310413246.mp4	1446838	15.86
/c/ClippersHQ_renders/outputs_paste_bl1430_21/_links/link_10_DY_oM6tlXdx/_work/paste_DY_oM6tlXdx__20260828T210639Z/instagram/edm_roo/final/white_frame/3909019811116840817_38310413246.mp4	2096011	15.80
/c/ClippersHQ_renders/outputs_paste_bl1430_21/_links/link_11_DXePleEEalS/_work/paste_DXePleEEalS__20260828T210728Z/head.mp4	1680642	10.90
/c/ClippersHQ_renders/outputs_paste_bl1430_21/_links/link_11_DXePleEEalS/_work/paste_DXePleEEalS__20260828T210728Z/instagram/apple.axe/3881608474438773074_62999824337.mp4	1680642	10.90
/c/ClippersHQ_renders/outputs_paste_bl1430_21/_links/link_11_DXePleEEalS/_work/paste_DXePleEEalS__20260828T210728Z/instagram/apple.axe/final/white_frame/3881608474438773074_62999824337.mp4	3222443	10.90
/c/ClippersHQ_renders/outputs_paste_bl1430_21/_links/link_12_DZtL8J8IhXa/_work/paste_DZtL8J8IhXa__20260828T210819Z/head.mp4	813865	8.61
/c/ClippersHQ_renders/outputs_paste_bl1430_21/_links/link_12_DZtL8J8IhXa/_work/paste_DZtL8J8IhXa__20260828T210819Z/instagram/superhumanspower/3921843362862339546_3091891514.mp4	813865	8.61
/c/ClippersHQ_renders/outputs_paste_bl1430_21/_links/link_12_DZtL8J8IhXa/_work/paste_DZtL8J8IhXa__20260828T210819Z/instagram/superhumanspower/final/white_frame/3921843362862339546_3091891514.mp4	2054373	8.60
/c/ClippersHQ_renders/outputs_paste_bl1430_21/_links/link_13_DZErTPaz4HZ/_work/paste_DZErTPaz4HZ__20260828T210858Z/head.mp4	1169746	12.21
/c/ClippersHQ_renders/outputs_paste_bl1430_21/_links/link_13_DZErTPaz4HZ/_work/paste_DZErTPaz4HZ__20260828T210858Z/instagram/iconicmemerr/3910440814690402777_33728713437.mp4	1169746	12.21
/c/ClippersHQ_renders/outputs_paste_bl1430_21/_links/link_13_DZErTPaz4HZ/_work/paste_DZErTPaz4HZ__20260828T210858Z/instagram/iconicmemerr/final/white_frame/3910440814690402777_33728713437.mp4	2737912	12.20
/c/ClippersHQ_renders/outputs_paste_bl1430_21/_links/link_14_DX2R3luBGWi/_work/paste_DX2R3luBGWi__20260828T210940Z/head.mp4	571225	12.45
/c/ClippersHQ_renders/outputs_paste_bl1430_21/_links/link_14_DX2R3luBGWi/_work/paste_DX2R3luBGWi__20260828T210940Z/instagram/wasted/3888373915143398818_1415356583.mp4	571225	12.45
/c/ClippersHQ_renders/outputs_paste_bl1430_21/_links/link_14_DX2R3luBGWi/_work/paste_DX2R3luBGWi__20260828T210940Z/instagram/wasted/final/white_frame/3888373915143398818_1415356583.mp4	1709017	12.43
/c/ClippersHQ_renders/outputs_paste_bl1430_21/_links/link_15_DYSfglqNVw6/_work/paste_DYSfglqNVw6__20260828T211026Z/head.mp4	357911	8.38
/c/ClippersHQ_renders/outputs_paste_bl1430_21/_links/link_15_DYSfglqNVw6/_work/paste_DYSfglqNVw6__20260828T211026Z/instagram/clips_.lite/3896315206530587706_80084291383.mp4	357911	8.38
/c/ClippersHQ_renders/outputs_paste_bl1430_21/_links/link_15_DYSfglqNVw6/_work/paste_DYSfglqNVw6__20260828T211026Z/instagram/clips_.lite/final/white_frame/3896315206530587706_80084291383.mp4	753377	8.38
/c/ClippersHQ_renders/outputs_paste_bl1430_21/_links/link_16_DZ19BVjyPxv/_work/paste_DZ19BVjyPxv__20260828T211102Z/head.mp4	485157	8.01
/c/ClippersHQ_renders/outputs_paste_bl1430_21/_links/link_16_DZ19BVjyPxv/_work/paste_DZ19BVjyPxv__20260828T211102Z/instagram/rawreel_1/3924311023028862063_25655215603.mp4	485157	8.01
/c/ClippersHQ_renders/outputs_paste_bl1430_21/_links/link_16_DZ19BVjyPxv/_work/paste_DZ19BVjyPxv__20260828T211102Z/instagram/rawreel_1/final/white_frame/3924311023028862063_25655215603.mp4	818124	8.00
/c/ClippersHQ_renders/outputs_paste_bl1430_21/_links/link_17_DYkMnEvuFOo/_work/paste_DYkMnEvuFOo__20260828T211139Z/head.mp4	1138647	9.89
/c/ClippersHQ_renders/outputs_paste_bl1430_21/_links/link_17_DYkMnEvuFOo/_work/paste_DYkMnEvuFOo__20260828T211139Z/instagram/memedropq/3901298638922994600_79826787154.mp4	1138647	9.89
/c/ClippersHQ_renders/outputs_paste_bl1430_21/_links/link_17_DYkMnEvuFOo/_work/paste_DYkMnEvuFOo__20260828T211139Z/instagram/memedropq/final/white_frame/3901298638922994600_79826787154.mp4	2163626	9.87
/c/ClippersHQ_renders/outputs_paste_bl1430_21/_links/link_18_DZFp0i9MMFm/_work/paste_DZFp0i9MMFm__20260828T211228Z/head.mp4	431035	9.00
/c/ClippersHQ_renders/outputs_paste_bl1430_21/_links/link_18_DZFp0i9MMFm/_work/paste_DZFp0i9MMFm__20260828T211228Z/instagram/corporatew4nkr/3910715782294716774_77563321468.mp4	431035	9.00
/c/ClippersHQ_renders/outputs_paste_bl1430_21/_links/link_18_DZFp0i9MMFm/_work/paste_DZFp0i9MMFm__20260828T211228Z/instagram/corporatew4nkr/final/white_frame/3910715782294716774_77563321468.mp4	1165283	9.00
/c/ClippersHQ_renders/outputs_paste_bl1430_21/_links/link_19_DaJ-vslhuRN/_work/paste_DaJ-vslhuRN__20260828T211304Z/head.mp4	591135	10.91
/c/ClippersHQ_renders/outputs_paste_bl1430_21/_links/link_19_DaJ-vslhuRN/_work/paste_DaJ-vslhuRN__20260828T211304Z/instagram/wasted/3929948106430800973_1415356583.mp4	591135	10.91
/c/ClippersHQ_renders/outputs_paste_bl1430_21/_links/link_19_DaJ-vslhuRN/_work/paste_DaJ-vslhuRN__20260828T211304Z/instagram/wasted/final/white_frame/3929948106430800973_1415356583.mp4	926382	10.90
/c/ClippersHQ_renders/outputs_paste_bl1430_21/_links/link_20_DbhQRCeo6TK/_work/paste_DbhQRCeo6TK__20260828T211341Z/head.mp4	897469	9.80
/c/ClippersHQ_renders/outputs_paste_bl1430_21/_links/link_20_DbhQRCeo6TK/_work/paste_DbhQRCeo6TK__20260828T211341Z/instagram/themensprofile/3954513487444813002_66134071155.mp4	897469	9.80
/c/ClippersHQ_renders/outputs_paste_bl1430_21/_links/link_20_DbhQRCeo6TK/_work/paste_DbhQRCeo6TK__20260828T211341Z/instagram/themensprofile/final/white_frame/3954513487444813002_66134071155.mp4	2296209	9.73
/c/ClippersHQ_renders/outputs_paste_bl1430_21/_links/link_21_DcYuZ2CzECo/_work/paste_DcYuZ2CzECo__20260828T211419Z/head.mp4	1190285	10.30
/c/ClippersHQ_renders/outputs_paste_bl1430_21/_links/link_21_DcYuZ2CzECo/_work/paste_DcYuZ2CzECo__20260828T211419Z/instagram/eg0vn/3970127157682520232_41500629540.mp4	1190285	10.30
/c/ClippersHQ_renders/outputs_paste_bl1430_21/_links/link_21_DcYuZ2CzECo/_work/paste_DcYuZ2CzECo__20260828T211419Z/instagram/eg0vn/final/white_frame/3970127157682520232_41500629540.mp4	3265970	10.30
/c/c/Users/GAMECE~1/AppData/Local/Temp/claude/C--Users-Game-Centar-OneDrive-Desktop-memebot/31badb7d-a023-4c49-b9f2-0face2384e00/scratchpad/DZD_rendered_FIXED.mp4	1194061	7.51
/c/mbwt/clipnet/meme/downloads/fixture.mp4	10723552	10.00
/c/mbwt/consensus/meme/downloads/fixture.mp4	10723552	10.00
/c/mbwt/coverfix-evidence/after_newband/DUAaRozCWYc.mp4	989869	8.10
/c/mbwt/coverfix-evidence/after_newband/DUGOWzskh75.mp4	731812	5.73
/c/mbwt/coverfix-evidence/after_newband/DUIssqpCbCe.mp4	626140	6.70
/c/mbwt/coverfix-evidence/after_newband/DUQR0XODcYM.mp4	614074	8.63
/c/mbwt/coverfix-evidence/after_newband/DUTrOrEk5ej.mp4	831268	5.13
/c/mbwt/coverfix-evidence/after_newband/DUWv-_eE8Kj.mp4	805442	4.27
/c/mbwt/coverfix-evidence/after_newband/DVbvTvSkSY1.mp4	1571155	15.87
/c/mbwt/coverfix-evidence/after_newband/DVlxsQVEdqA.mp4	894621	9.50
/c/mbwt/coverfix-evidence/after_newband/DXdczT4gFMI.mp4	1209930	10.47
/c/mbwt/coverfix-evidence/after_newband/DXi28uvDLne.mp4	736752	8.60
/c/mbwt/coverfix-evidence/after_newband/DXnE12-kjQS.mp4	1385758	12.07
/c/mbwt/coverfix-evidence/after_newband/DXrwfjFDvd2.mp4	310736	4.57
/c/mbwt/coverfix-evidence/after_newband/DY493Y6p8Vr.mp4	2347056	12.43
/c/mbwt/coverfix-evidence/after_newband/DYctewoBTxB.mp4	1498638	16.83
/c/mbwt/coverfix-evidence/after_newband/DZD_DBkzhaX.mp4	1862687	8.04
/c/mbwt/coverfix-evidence/after_newband/DZo96B7oH5K.mp4	1192664	8.00
/c/mbwt/coverfix-evidence/after_newband/Da0UT_fvF0D.mp4	2317159	17.10
/c/mbwt/coverfix-evidence/after_newband/Da0jYAjBhkS.mp4	1201936	9.63
/c/mbwt/coverfix-evidence/after_newband/Da3KdBYksJA.mp4	418681	5.60
/c/mbwt/coverfix-evidence/after_newband/Da54-3bFb_b.mp4	1592169	12.97
/c/mbwt/coverfix-evidence/after_newband/Da5JWm9yv-r.mp4	2885824	11.90
/c/mbwt/coverfix-evidence/after_newband/DaFNBnoo8Hr.mp4	4043795	26.37
/c/mbwt/coverfix-evidence/after_newband/DaQq6BHsJpT.mp4	2210390	16.83
/c/mbwt/coverfix-evidence/after_newband/Da_BvNKgioL.mp4	2725511	10.30
/c/mbwt/coverfix-evidence/after_newband/DaqAz68KY8o.mp4	624263	6.58
/c/mbwt/coverfix-evidence/after_newband/DasaluqMORA.mp4	1512588	11.53
/c/mbwt/coverfix-evidence/after_newband/DayUNuSRu_S.mp4	1781757	10.00
/c/mbwt/coverfix-evidence/after_newband/fixture.mp4	9739053	9.33
/c/mbwt/coverfix-evidence/after_novt/DUAaRozCWYc.mp4	989902	8.10
/c/mbwt/coverfix-evidence/after_novt/DUGOWzskh75.mp4	606717	5.73
/c/mbwt/coverfix-evidence/after_novt/DUIssqpCbCe.mp4	641583	6.70
/c/mbwt/coverfix-evidence/after_novt/DUQR0XODcYM.mp4	614245	8.63
/c/mbwt/coverfix-evidence/after_novt/DUTrOrEk5ej.mp4	794403	5.13
/c/mbwt/coverfix-evidence/after_novt/DUWv-_eE8Kj.mp4	798697	4.27
/c/mbwt/coverfix-evidence/after_novt/DVbvTvSkSY1.mp4	1552649	15.87
/c/mbwt/coverfix-evidence/after_novt/DVlxsQVEdqA.mp4	873215	9.50
/c/mbwt/coverfix-evidence/after_novt/DXdczT4gFMI.mp4	1183174	10.47
/c/mbwt/coverfix-evidence/after_novt/DXi28uvDLne.mp4	700070	8.60
/c/mbwt/coverfix-evidence/after_novt/DXrwfjFDvd2.mp4	247450	4.57
/c/mbwt/coverfix-evidence/after_novt/DY493Y6p8Vr.mp4	2345810	12.43
/c/mbwt/coverfix-evidence/after_novt/DYctewoBTxB.mp4	900680	16.83
/c/mbwt/coverfix-evidence/after_novt/DZD_DBkzhaX.mp4	1899318	8.04
/c/mbwt/coverfix-evidence/after_novt/DZo96B7oH5K.mp4	922762	8.00
/c/mbwt/coverfix-evidence/after_novt/Da0UT_fvF0D.mp4	1139682	17.10
/c/mbwt/coverfix-evidence/after_novt/Da3KdBYksJA.mp4	416281	5.60
/c/mbwt/coverfix-evidence/after_novt/Da54-3bFb_b.mp4	1574104	12.97
/c/mbwt/coverfix-evidence/after_novt/Da5JWm9yv-r.mp4	2871050	11.90
/c/mbwt/coverfix-evidence/after_novt/DaFNBnoo8Hr.mp4	3347652	26.37
/c/mbwt/coverfix-evidence/after_novt/DaQq6BHsJpT.mp4	2206139	16.83
/c/mbwt/coverfix-evidence/after_novt/Da_BvNKgioL.mp4	2702957	10.30
/c/mbwt/coverfix-evidence/after_novt/DaqAz68KY8o.mp4	620038	6.58
/c/mbwt/coverfix-evidence/after_novt/DasaluqMORA.mp4	1483841	11.53
/c/mbwt/coverfix-evidence/after_novt/DayUNuSRu_S.mp4	1757872	10.00
/c/mbwt/coverfix-evidence/after_novt/fixture.mp4	9907840	9.33
/c/mbwt/coverfix-evidence/after_vt/DUAaRozCWYc.mp4	993201	8.10
/c/mbwt/coverfix-evidence/after_vt/DUGOWzskh75.mp4	617028	5.73
/c/mbwt/coverfix-evidence/after_vt/DUIssqpCbCe.mp4	643585	6.70
/c/mbwt/coverfix-evidence/after_vt/DUQR0XODcYM.mp4	612495	8.63
/c/mbwt/coverfix-evidence/after_vt/DUTrOrEk5ej.mp4	804464	5.13
/c/mbwt/coverfix-evidence/after_vt/DUWv-_eE8Kj.mp4	796251	4.27
/c/mbwt/coverfix-evidence/after_vt/DVbvTvSkSY1.mp4	1547187	15.87
/c/mbwt/coverfix-evidence/after_vt/DVlxsQVEdqA.mp4	871828	9.50
/c/mbwt/coverfix-evidence/after_vt/DXdczT4gFMI.mp4	1187034	10.47
/c/mbwt/coverfix-evidence/after_vt/DXi28uvDLne.mp4	698215	8.60
/c/mbwt/coverfix-evidence/after_vt/DXrwfjFDvd2.mp4	248794	4.57
/c/mbwt/coverfix-evidence/after_vt/DY493Y6p8Vr.mp4	2351224	12.43
/c/mbwt/coverfix-evidence/after_vt/DYctewoBTxB.mp4	903438	16.83
/c/mbwt/coverfix-evidence/after_vt/DZD_DBkzhaX.mp4	1905563	8.04
/c/mbwt/coverfix-evidence/after_vt/DZo96B7oH5K.mp4	929025	8.00
/c/mbwt/coverfix-evidence/after_vt/Da0UT_fvF0D.mp4	1147340	17.10
/c/mbwt/coverfix-evidence/after_vt/Da3KdBYksJA.mp4	418681	5.60
/c/mbwt/coverfix-evidence/after_vt/Da54-3bFb_b.mp4	1587647	12.97
/c/mbwt/coverfix-evidence/after_vt/Da5JWm9yv-r.mp4	2877621	11.90
/c/mbwt/coverfix-evidence/after_vt/DaFNBnoo8Hr.mp4	3366542	26.37
/c/mbwt/coverfix-evidence/after_vt/DaQq6BHsJpT.mp4	2210390	16.83
/c/mbwt/coverfix-evidence/after_vt/Da_BvNKgioL.mp4	2725511	10.30
/c/mbwt/coverfix-evidence/after_vt/DaqAz68KY8o.mp4	624263	6.58
/c/mbwt/coverfix-evidence/after_vt/DasaluqMORA.mp4	1477389	11.53
/c/mbwt/coverfix-evidence/after_vt/DayUNuSRu_S.mp4	1752461	10.00
/c/mbwt/coverfix-evidence/after_vt/fixture.mp4	9920665	9.33
/c/mbwt/coverfix-evidence/before_render/DUAaRozCWYc.mp4	991789	8.10
/c/mbwt/coverfix-evidence/before_render/DUGOWzskh75.mp4	609098	5.73
/c/mbwt/coverfix-evidence/before_render/DUIssqpCbCe.mp4	646139	6.70
/c/mbwt/coverfix-evidence/before_render/DUQR0XODcYM.mp4	614785	8.63
/c/mbwt/coverfix-evidence/before_render/DUTrOrEk5ej.mp4	795665	5.13
/c/mbwt/coverfix-evidence/before_render/DUWv-_eE8Kj.mp4	799554	4.27
/c/mbwt/coverfix-evidence/before_render/DVbvTvSkSY1.mp4	1551100	15.87
/c/mbwt/coverfix-evidence/before_render/DVlxsQVEdqA.mp4	872779	9.50
/c/mbwt/coverfix-evidence/before_render/DXdczT4gFMI.mp4	1183360	10.47
/c/mbwt/coverfix-evidence/before_render/DXi28uvDLne.mp4	699415	8.60
/c/mbwt/coverfix-evidence/before_render/DXrwfjFDvd2.mp4	247800	4.57
/c/mbwt/coverfix-evidence/before_render/DY493Y6p8Vr.mp4	2343588	12.43
/c/mbwt/coverfix-evidence/before_render/DYctewoBTxB.mp4	900886	16.83
/c/mbwt/coverfix-evidence/before_render/DZD_DBkzhaX.mp4	1900028	8.04
/c/mbwt/coverfix-evidence/before_render/DZo96B7oH5K.mp4	936537	8.00
/c/mbwt/coverfix-evidence/before_render/Da0UT_fvF0D.mp4	1133498	17.10
/c/mbwt/coverfix-evidence/before_render/Da3KdBYksJA.mp4	416227	5.60
/c/mbwt/coverfix-evidence/before_render/Da54-3bFb_b.mp4	1575386	12.97
/c/mbwt/coverfix-evidence/before_render/Da5JWm9yv-r.mp4	2869817	11.90
/c/mbwt/coverfix-evidence/before_render/DaFNBnoo8Hr.mp4	3340376	26.37
/c/mbwt/coverfix-evidence/before_render/DaQq6BHsJpT.mp4	2205501	16.83
/c/mbwt/coverfix-evidence/before_render/Da_BvNKgioL.mp4	2710175	10.30
/c/mbwt/coverfix-evidence/before_render/DaqAz68KY8o.mp4	620363	6.58
/c/mbwt/coverfix-evidence/before_render/DasaluqMORA.mp4	1484508	11.53
/c/mbwt/coverfix-evidence/before_render/DayUNuSRu_S.mp4	1755943	10.00
/c/mbwt/coverfix-evidence/before_render/fixture.mp4	9908008	9.33
/c/mbwt/dzd/meme/downloads/fixture.mp4	10723552	10.00
/c/mbwt/emojifill/meme/downloads/fixture.mp4	10723552	10.00
/c/mbwt/emojisetup/meme/downloads/fixture.mp4	10723552	10.00
/c/mbwt/final-evidence/out_notx/DUAaRozCWYc.mp4	939665	10.01
/c/mbwt/final-evidence/out_notx/DUGOWzskh75.mp4	552325	7.04
/c/mbwt/final-evidence/out_notx/DUIssqpCbCe.mp4	559099	7.64
/c/mbwt/final-evidence/out_notx/DUQR0XODcYM.mp4	618883	10.87
/c/mbwt/final-evidence/out_notx/DUTrOrEk5ej.mp4	580220	5.97
/c/mbwt/final-evidence/out_notx/DUWv-_eE8Kj.mp4	1034647	6.43
/c/mbwt/final-evidence/out_notx/DVbvTvSkSY1.mp4	1440908	17.39
/c/mbwt/final-evidence/out_notx/DVlxsQVEdqA.mp4	687331	10.33
/c/mbwt/final-evidence/out_notx/DXdczT4gFMI.mp4	972690	11.12
/c/mbwt/final-evidence/out_notx/DXi28uvDLne.mp4	717013	9.41
/c/mbwt/final-evidence/out_notx/DXnE12-kjQS.mp4	1108048	13.54
/c/mbwt/final-evidence/out_notx/DXrwfjFDvd2.mp4	348195	6.53
/c/mbwt/final-evidence/out_notx/DY493Y6p8Vr.mp4	1966592	13.53
/c/mbwt/final-evidence/out_notx/DYctewoBTxB.mp4	1282017	18.60
/c/mbwt/final-evidence/out_notx/DZD_DBkzhaX.mp4	1051984	8.24
/c/mbwt/final-evidence/out_notx/DZo96B7oH5K.mp4	1039690	8.38
/c/mbwt/final-evidence/out_notx/Da0UT_fvF0D.mp4	1579435	19.91
/c/mbwt/final-evidence/out_notx/Da0jYAjBhkS.mp4	924315	10.94
/c/mbwt/final-evidence/out_notx/Da3KdBYksJA.mp4	417198	6.23
/c/mbwt/final-evidence/out_notx/Da54-3bFb_b.mp4	1141410	15.23
/c/mbwt/final-evidence/out_notx/Da5JWm9yv-r.mp4	1582713	12.24
/c/mbwt/final-evidence/out_notx/DaFNBnoo8Hr.mp4	2516698	28.54
/c/mbwt/final-evidence/out_notx/DaQq6BHsJpT.mp4	2271928	18.37
/c/mbwt/final-evidence/out_notx/Da_BvNKgioL.mp4	1836665	12.56
/c/mbwt/final-evidence/out_notx/DaqAz68KY8o.mp4	443811	7.64
/c/mbwt/final-evidence/out_notx/DasaluqMORA.mp4	1345945	13.40
/c/mbwt/final-evidence/out_notx/DayUNuSRu_S.mp4	1751735	10.38
/c/mbwt/final-evidence/out_notx/fixture.mp4	7793133	10.00
/c/mbwt/flow/meme/downloads/DUAaRozCWYc.mp4	629612	10.10
/c/mbwt/flow/meme/downloads/DUGOWzskh75.mp4	326645	7.13
/c/mbwt/flow/meme/downloads/DUIssqpCbCe.mp4	327661	7.73
/c/mbwt/flow/meme/downloads/DUQR0XODcYM.mp4	330169	10.96
/c/mbwt/flow/meme/downloads/DUTrOrEk5ej.mp4	390008	6.08
/c/mbwt/flow/meme/downloads/DUWv-_eE8Kj.mp4	690205	6.52
/c/mbwt/flow/meme/downloads/DVbvTvSkSY1.mp4	847393	17.48
/c/mbwt/flow/meme/downloads/DVlxsQVEdqA.mp4	453784	10.42
/c/mbwt/flow/meme/downloads/DXdczT4gFMI.mp4	662484	11.24
/c/mbwt/flow/meme/downloads/DXi28uvDLne.mp4	392640	9.48
/c/mbwt/flow/meme/downloads/DXnE12-kjQS.mp4	698022	13.63
/c/mbwt/flow/meme/downloads/DXrwfjFDvd2.mp4	247865	6.64
/c/mbwt/flow/meme/downloads/DY493Y6p8Vr.mp4	1314623	13.58
/c/mbwt/flow/meme/downloads/DYctewoBTxB.mp4	753930	18.62
/c/mbwt/flow/meme/downloads/DZD_DBkzhaX.mp4	687596	8.33
/c/mbwt/flow/meme/downloads/DZo96B7oH5K.mp4	704873	8.50
/c/mbwt/flow/meme/downloads/Da0UT_fvF0D.mp4	1047753	20.01
/c/mbwt/flow/meme/downloads/Da0jYAjBhkS.mp4	519262	11.05
/c/mbwt/flow/meme/downloads/Da3KdBYksJA.mp4	249638	6.29
/c/mbwt/flow/meme/downloads/Da54-3bFb_b.mp4	612291	15.30
/c/mbwt/flow/meme/downloads/Da5JWm9yv-r.mp4	1206908	12.35
/c/mbwt/flow/meme/downloads/DaFNBnoo8Hr.mp4	1963950	28.63
/c/mbwt/flow/meme/downloads/DaQq6BHsJpT.mp4	1470025	18.48
/c/mbwt/flow/meme/downloads/Da_BvNKgioL.mp4	1441891	12.65
/c/mbwt/flow/meme/downloads/DaqAz68KY8o.mp4	276313	7.73
/c/mbwt/flow/meme/downloads/DasaluqMORA.mp4	945923	13.40
/c/mbwt/flow/meme/downloads/DayUNuSRu_S.mp4	1302324	10.49
/c/mbwt/flow/meme/downloads/fixture.mp4	10723552	10.00
/c/mbwt/flowfix/meme/downloads/fixture.mp4	10723552	10.00
/c/mbwt/heldout/meme/downloads/DaSsnZ5ze3s.mp4	746865	8.22
/c/mbwt/heldout/meme/downloads/Dafl_vpKI_x.mp4	209492	7.24
/c/mbwt/heldout/meme/downloads/DbGfD_WOOMw.mp4	698197	7.45
/c/mbwt/heldout/meme/downloads/DbHjgCOlZ0Q.mp4	497857	10.12
/c/mbwt/heldout/meme/downloads/fixture.mp4	10723552	10.00
/c/mbwt/heldout/meme/out/DbGfD_WOOMw.mp4	1471814	6.67
/c/mbwt/heldout/meme/out/DbHjgCOlZ0Q.mp4	990623	8.53
/c/mbwt/heldout2/meme/downloads/DaSsnZ5ze3s.mp4	746865	8.22
/c/mbwt/heldout2/meme/downloads/Dafl_vpKI_x.mp4	209492	7.24
/c/mbwt/heldout2/meme/downloads/DbGfD_WOOMw.mp4	698197	7.45
/c/mbwt/heldout2/meme/downloads/DbHjgCOlZ0Q.mp4	497857	10.12
/c/mbwt/heldout2/meme/downloads/fixture.mp4	10723552	10.00
/c/mbwt/heldout2/meme/out/DaSsnZ5ze3s.mp4	896257	6.30
/c/mbwt/heldout2/meme/out/DbHjgCOlZ0Q.mp4	969235	9.07
/c/mbwt/heldout3/meme/downloads/DU-ane_jEoX.mp4	939385	10.49
/c/mbwt/heldout3/meme/downloads/DUCuLoxjqoF.mp4	1129865	17.16
/c/mbwt/heldout3/meme/downloads/DUHfT7ok2_n.mp4	766962	9.45
/c/mbwt/heldout3/meme/downloads/DUyU_8Nkquz.mp4	593423	12.14
/c/mbwt/heldout3/meme/downloads/DVfEC24kSGK.mp4	596250	10.17
/c/mbwt/heldout3/meme/downloads/DViAhXbE63S.mp4	605834	10.26
/c/mbwt/heldout3/meme/downloads/DVxNHvZkuGr.mp4	1264768	10.17
/c/mbwt/heldout3/meme/downloads/DWHVK4BuhkN.mp4	379681	7.89
/c/mbwt/heldout3/meme/downloads/DXcJtD-NBN-.mp4	628547	9.98
/c/mbwt/heldout3/meme/downloads/DXprCGBDALx.mp4	1829232	20.46
/c/mbwt/heldout3/meme/downloads/DYBypJhIQwC.mp4	421941	10.05
/c/mbwt/heldout3/meme/downloads/DYe_5LJof5x.mp4	332201	7.13
/c/mbwt/heldout3/meme/downloads/DYxUVU5D6uF.mp4	548502	9.67
/c/mbwt/heldout3/meme/downloads/DZphlsyMQXi.mp4	602961	16.30
/c/mbwt/heldout3/meme/downloads/DaIIuj1vjno.mp4	883456	13.05
/c/mbwt/heldout3/meme/downloads/DaczkfzTqo5.mp4	1210284	14.86
/c/mbwt/heldout3/meme/downloads/DaoGDAkDcOl.mp4	240482	6.11
/c/mbwt/heldout3/meme/downloads/DatQW6_gYMA.mp4	319761	7.22
/c/mbwt/heldout3/meme/downloads/Daxk9oQIVht.mp4	544255	11.66
/c/mbwt/heldout3/meme/downloads/DayVZtTlU11.mp4	726875	9.57
/c/mbwt/heldout3/meme/downloads/DbKYrh9snWa.mp4	521425	7.34
/c/mbwt/heldout3/meme/downloads/DbKZBmvAmSr.mp4	234483	6.01
/c/mbwt/heldout3/meme/downloads/DbL4_MtFyHc.mp4	902379	16.87
/c/mbwt/heldout3/meme/downloads/DbLpCngMeqF.mp4	618709	10.84
/c/mbwt/heldout3/meme/downloads/DbMRc5-kbV_.mp4	1197955	15.70
/c/mbwt/heldout3/meme/downloads/fixture.mp4	10723552	10.00
/c/mbwt/heldout3/meme/out/DUCuLoxjqoF.mp4	1885092	15.07
/c/mbwt/heldout3/meme/out/DUHfT7ok2_n.mp4	1079017	7.62
/c/mbwt/heldout3/meme/out/DUyU_8Nkquz.mp4	1484700	11.77
/c/mbwt/heldout3/meme/out/DVfEC24kSGK.mp4	1297619	8.73
/c/mbwt/heldout3/meme/out/DVxNHvZkuGr.mp4	2499698	9.87
/c/mbwt/heldout3/meme/out/DXcJtD-NBN-.mp4	1047352	8.00
/c/mbwt/heldout3/meme/out/DXprCGBDALx.mp4	3138897	20.10
/c/mbwt/heldout3/meme/out/DYe_5LJof5x.mp4	763745	6.47
/c/mbwt/heldout3/meme/out/DZphlsyMQXi.mp4	1462245	14.33
/c/mbwt/heldout3/meme/out/DaczkfzTqo5.mp4	3060270	15.23
/c/mbwt/heldout3/meme/out/DaoGDAkDcOl.mp4	376456	4.83
/c/mbwt/heldout3/meme/out/DatQW6_gYMA.mp4	627088	6.02
/c/mbwt/heldout3/meme/out/Daxk9oQIVht.mp4	1088655	9.70
/c/mbwt/heldout3/meme/out/DayVZtTlU11.mp4	1551093	7.83
/c/mbwt/heldout3/meme/out/DbLpCngMeqF.mp4	897417	10.16
/c/mbwt/heldout3/meme/out/DbMRc5-kbV_.mp4	2291250	13.37
/c/mbwt/lqtest/out2/Da0UT_fvF0D.mp4	1999731	19.67
/c/mbwt/lqtest/src2/Da0UT_fvF0D.mp4	1047753	20.01
/c/mbwt/lqtest/src2/DaFNBnoo8Hr.mp4	1963950	28.63
/c/mbwt/merge/meme/downloads/fixture.mp4	10723552	10.00
/c/mbwt/merge14/meme/downloads/fixture.mp4	10723552	10.00
/c/mbwt/merge15/meme/downloads/fixture.mp4	10723552	10.00
/c/mbwt/merge16/meme/downloads/fixture.mp4	10723552	10.00
/c/mbwt/merge17b/meme/downloads/fixture.mp4	10723552	10.00
/c/mbwt/position-evidence/tmp/DUGOWzskh75.mp4	582618	6.25
/c/mbwt/position-evidence/tmp/DXcJtD-NBN-.mp4	1042292	9.27
/c/mbwt/position-evidence/tmp/DXprCGBDALx.mp4	2639374	20.24
/c/mbwt/position-evidence/tmp/Da3KdBYksJA.mp4	489452	5.40
/c/mbwt/position-evidence/tmp/Da5JWm9yv-r.mp4	1994206	11.73
/c/mbwt/position-evidence/tmp/DasaluqMORA.mp4	1689848	12.83
/c/mbwt/position-evidence/tmp/DbLpCngMeqF.mp4	1086711	10.15
/c/mbwt/position/meme/downloads/fixture.mp4	10723552	10.00
/c/mbwt/reviewframes/meme/downloads/fixture.mp4	10723552	10.00
/c/mbwt/showall/meme/downloads/fixture.mp4	10723552	10.00
/c/mbwt/v8-evidence/emoji_direct.mp4	2702531	25.67
/c/mbwt/v8-evidence/out/DUAaRozCWYc.mp4	1365252	8.53
/c/mbwt/v8-evidence/out/DUGOWzskh75.mp4	558146	6.08
/c/mbwt/v8-evidence/out/DUIssqpCbCe.mp4	522413	5.57
/c/mbwt/v8-evidence/out/DUQR0XODcYM.mp4	862736	10.07
/c/mbwt/v8-evidence/out/DUTrOrEk5ej.mp4	439230	3.83
/c/mbwt/v8-evidence/out/DUWv-_eE8Kj.mp4	1146941	5.17
/c/mbwt/v8-evidence/out/DVbvTvSkSY1.mp4	2195495	16.30
/c/mbwt/v8-evidence/out/DVlxsQVEdqA.mp4	891004	9.67
/c/mbwt/v8-evidence/out/DXdczT4gFMI.mp4	1135953	10.37
/c/mbwt/v8-evidence/out/DXi28uvDLne.mp4	798742	8.03
/c/mbwt/v8-evidence/out/DXnE12-kjQS.mp4	1774541	11.60
/c/mbwt/v8-evidence/out/DXrwfjFDvd2.mp4	371379	5.60
/c/mbwt/v8-evidence/out/DY493Y6p8Vr.mp4	2041339	12.10
/c/mbwt/v8-evidence/out/DYctewoBTxB.mp4	2170560	19.10
/c/mbwt/v8-evidence/out/DZD_DBkzhaX.mp4	1165307	7.84
/c/mbwt/v8-evidence/out/DZo96B7oH5K.mp4	1436404	7.70
/c/mbwt/v8-evidence/out/Da0UT_fvF0D.mp4	1704106	19.74
/c/mbwt/v8-evidence/out/Da0jYAjBhkS.mp4	1196606	8.80
/c/mbwt/v8-evidence/out/Da3KdBYksJA.mp4	469701	4.23
/c/mbwt/v8-evidence/out/Da54-3bFb_b.mp4	2031977	14.90
/c/mbwt/v8-evidence/out/Da5JWm9yv-r.mp4	2258121	10.03
/c/mbwt/v8-evidence/out/DaFNBnoo8Hr.mp4	3721889	26.04
/c/mbwt/v8-evidence/out/DaQq6BHsJpT.mp4	2311954	16.37
/c/mbwt/v8-evidence/out/Da_BvNKgioL.mp4	3022596	10.87
/c/mbwt/v8-evidence/out/DaqAz68KY8o.mp4	349317	6.46
/c/mbwt/v8-evidence/out/DasaluqMORA.mp4	1502486	13.07
/c/mbwt/v8-evidence/out/DayUNuSRu_S.mp4	1801690	8.50
/c/mbwt/v8-evidence/out/fixture.mp4	9232258	8.13
/c/mbwt/vision/meme/downloads/fixture.mp4	10723552	10.00
/c/mbwt/wiring-evidence/rendered_DbGfD_WOOMw.mp4	1044468	7.00
/c/temp/fix001/b000_REJECTED.mp4	6853760	18.00
/c/temp/fix001/b001_SHIPS.mp4	5377934	18.00
/c/temp/fix001/b013_REJECTED.mp4	16841765	18.00
/c/temp/render003/D_music_noflash.mp4	9646602	18.00
/c/temp/render003/E_inserts_end_on_insert.mp4	7989312	17.48
/c/temp/render003/F_flash_slowmo_music.mp4	8182706	23.67
/c/tmp/b003dbg/x.mp4	4841015	18.00
/c/tmp/b003dbg2/x.mp4	6563436	20.74
