original_path	bytes	lf_blob_oid
/c/BL1278_HANDOVER_TEST/spotify_finder/INSTALL.bat	2225	5372b75608afc91491f267157c1ac69473e37e55
/c/BL1278_HANDOVER_TEST/spotify_finder/README.md	5489	4328856dac9d3cca7d0975d7fe0a04ca92e3fa6e
/c/BL1278_HANDOVER_TEST/spotify_finder/START_SPOTIFY.bat	5173	c7361620d4daa927a5af7d308256dc80851ca6da
/c/BL1278_HANDOVER_TEST/spotify_finder/config.template.json	731	97c51cacf34516328e09ccb6e79a3885a582771f
/c/BL1278_HANDOVER_TEST/spotify_finder/config_load.py	3576	c76299376eb792d04b8b05b8c62d43f84d1b6940
/c/BL1278_HANDOVER_TEST/spotify_finder/data/resolve_cache.json	242668	9f6895ae07f1055b3a3b19c1ad642e1260c6aefb
/c/BL1278_HANDOVER_TEST/spotify_finder/requirements.txt	1619	c4736864eec36df6887de93f6cd9aa2b388d01e3
/c/BL1278_HANDOVER_TEST/spotify_finder/run_spotify.py	7006	97036152cb0ebe931c687a1873ee4bf90c23c963
/c/BL1278_HANDOVER_TEST/spotify_finder/spotify_finder_app/email_finder.py	46578	c4c7597c8adb7e33d605e236d8c55c75b2d3fd06
/c/BL1278_HANDOVER_TEST/spotify_finder/spotify_finder_app/spotify_finder.py	94084	216a41811b14c9248313f37e5fca6aae29e5238c
/c/BL1279_HANDOVER_TEST/LEADS_DROP_IN/READ_ME_FIRST.txt	2555	ed9a6d1945a1c20d65d7556991d0928d8d085518
/c/BL1279_HANDOVER_TEST/spotify_finder/INSTALL.bat	2225	5372b75608afc91491f267157c1ac69473e37e55
/c/BL1279_HANDOVER_TEST/spotify_finder/README.md	6812	6aed533a1f4df2ebce099ee27e33fd95a15c692e
/c/BL1279_HANDOVER_TEST/spotify_finder/START_SPOTIFY.bat	5173	c7361620d4daa927a5af7d308256dc80851ca6da
/c/BL1279_HANDOVER_TEST/spotify_finder/config.json	731	97c51cacf34516328e09ccb6e79a3885a582771f
/c/BL1279_HANDOVER_TEST/spotify_finder/config.template.json	731	97c51cacf34516328e09ccb6e79a3885a582771f
/c/BL1279_HANDOVER_TEST/spotify_finder/config_load.py	3576	c76299376eb792d04b8b05b8c62d43f84d1b6940
/c/BL1279_HANDOVER_TEST/spotify_finder/data/resolve_cache.json	242668	9f6895ae07f1055b3a3b19c1ad642e1260c6aefb
/c/BL1279_HANDOVER_TEST/spotify_finder/requirements.txt	1619	c4736864eec36df6887de93f6cd9aa2b388d01e3
/c/BL1279_HANDOVER_TEST/spotify_finder/run_spotify.py	7006	97036152cb0ebe931c687a1873ee4bf90c23c963
/c/BL1279_HANDOVER_TEST/spotify_finder/spotify_finder_app/control.py	264591	ae0e7f4efadf7c8efce47fe73ecc4b41896c12a0
/c/BL1279_HANDOVER_TEST/spotify_finder/spotify_finder_app/email_finder.py	46578	c4c7597c8adb7e33d605e236d8c55c75b2d3fd06
/c/BL1279_HANDOVER_TEST/spotify_finder/spotify_finder_app/spotify_finder.py	94084	216a41811b14c9248313f37e5fca6aae29e5238c
/c/BL1301_UPDATE_TEST/LEADS_UPDATE_2026-08-15/MERGE_UPDATE.bat	2123	ed33644e1be5f6c2ddf766ea347e9ab7bebcc504
/c/BL1301_UPDATE_TEST/LEADS_UPDATE_2026-08-15/READ_ME_FIRST.txt	3321	548a89a383a0158b928569c5f1ec63a8f3752839
/c/BL1301_UPDATE_TEST/LEADS_UPDATE_2026-08-15/manifest.json	919	c9d06c4c465d0f66878ae4639b0d76cfcdf64b3d
/c/BL1301_UPDATE_TEST/LEADS_UPDATE_2026-08-15/merge_update.py	10813	9c00d411901c529c565999f67ec35b588cb5b36b
/c/BL1301_UPDATE_TEST/offtree.txt	2286	75b7366b3a9d7b15d32c4a0ed34cecdd7512590d
/c/BL1301_UPDATE_TEST/spotify_finder/INSTALL.bat	2225	5372b75608afc91491f267157c1ac69473e37e55
/c/BL1301_UPDATE_TEST/spotify_finder/README.md	6812	6aed533a1f4df2ebce099ee27e33fd95a15c692e
/c/BL1301_UPDATE_TEST/spotify_finder/START_SPOTIFY.bat	5173	c7361620d4daa927a5af7d308256dc80851ca6da
/c/BL1301_UPDATE_TEST/spotify_finder/config.template.json	731	97c51cacf34516328e09ccb6e79a3885a582771f
/c/BL1301_UPDATE_TEST/spotify_finder/config_load.py	3576	c76299376eb792d04b8b05b8c62d43f84d1b6940
/c/BL1301_UPDATE_TEST/spotify_finder/data/leads_update_receipt.json	341	f500ef86cfafcd0204d87b12289e59c6a4edbe53
/c/BL1301_UPDATE_TEST/spotify_finder/data/resolve_cache.json	242668	9f6895ae07f1055b3a3b19c1ad642e1260c6aefb
/c/BL1301_UPDATE_TEST/spotify_finder/requirements.txt	1619	c4736864eec36df6887de93f6cd9aa2b388d01e3
/c/BL1301_UPDATE_TEST/spotify_finder/run_spotify.py	7006	97036152cb0ebe931c687a1873ee4bf90c23c963
/c/BL1301_UPDATE_TEST/spotify_finder/spotify_finder_app/control.py	264591	ae0e7f4efadf7c8efce47fe73ecc4b41896c12a0
/c/BL1301_UPDATE_TEST/spotify_finder/spotify_finder_app/email_finder.py	46578	c4c7597c8adb7e33d605e236d8c55c75b2d3fd06
/c/BL1301_UPDATE_TEST/spotify_finder/spotify_finder_app/spotify_finder.py	94084	216a41811b14c9248313f37e5fca6aae29e5238c
/c/ClippersHQ_renders/BL-1241_song04_one_window_20260813/README.txt	2006	9ef835a1dd73892ecf5be779338036c2834e3d7b
/c/ClippersHQ_renders/BL-1241_song04_one_window_20260813/ink_parity.json	2772	10027021cbaa3cdddcee1be0b92a9a3bce650da2
/c/ClippersHQ_renders/BL-1241_song04_one_window_20260813/ops.log	3129	02c6a34fb87c065a4fd5bf5e4176774d4a8675b6
/c/ClippersHQ_renders/BL-1241_song04_one_window_20260813/picture.txt	5698	3c7ed54cebbfd4d79419b881caf04ea8f732d8a1
/c/ClippersHQ_renders/BL-1241_song04_one_window_20260813/reaches_render.log	1955	40597da20a74b4cc19b40d6997f3ecc729769656
/c/ClippersHQ_renders/BL-1241_song04_one_window_20260813/verify.json	19120	c049e455dc2e3a04f4b4ecb5fae000d9c5302de5
/c/ClippersHQ_renders/BL-1241_song04_one_window_20260813/verify_batch.txt	3184	40864abb402b7cbee865fd0f6811d8bc0a20166a
/c/ClippersHQ_renders/outputs_bl1241_20260813_151911/README.md	23683	66ce6edd3d11430335b05ec5770259fee0e4ef92
/c/ClippersHQ_renders/outputs_bl1241_20260813_151911/_batch.json	38347	683fb2e6bc9149e239991e53b1b3118696becd75
/c/ClippersHQ_renders/outputs_bl1241_20260813_151911/_work/paste_DU2FhWojcYd__20260813T132426Z/_bl1226_mag.log	127	b96880c5130f91a124b4a1b5680d570318498d9c
/c/ClippersHQ_renders/outputs_bl1241_20260813_151911/_work/paste_DU2FhWojcYd__20260813T132426Z/config_paste_DU2FhWojcYd__20260813T132426Z.yaml	2912	c6ea9128fc54e9a9912718236c9ca5b587bf2e73
/c/ClippersHQ_renders/outputs_bl1241_20260813_151911/_work/paste_DU2FhWojcYd__20260813T132426Z/edit-2026-08-13.log	195	8df097585846046424a675c15a7d2b1ef58fabe5
/c/ClippersHQ_renders/outputs_bl1241_20260813_151911/_work/paste_DVO9ZryDKCZ__20260813T131920Z/_bl1226_mag.log	127	c3fc30e32b1308cc519395d72fe8b47467e34946
/c/ClippersHQ_renders/outputs_bl1241_20260813_151911/_work/paste_DVO9ZryDKCZ__20260813T131920Z/config_paste_DVO9ZryDKCZ__20260813T131920Z.yaml	2912	fa99c4d2891894b4c98b6a14f898dec54615cfd1
/c/ClippersHQ_renders/outputs_bl1241_20260813_151911/_work/paste_DVO9ZryDKCZ__20260813T131920Z/edit-2026-08-13.log	225	47f2ad1ad012fb64cf010b4b74879161baf46b13
/c/ClippersHQ_renders/outputs_bl1241_20260813_151911/_work/paste_DWRNKdxjPIO__20260813T132109Z/_bl1226_mag.log	127	a695180ef759c20d580354c03f74ee649e642561
/c/ClippersHQ_renders/outputs_bl1241_20260813_151911/_work/paste_DWRNKdxjPIO__20260813T132109Z/config_paste_DWRNKdxjPIO__20260813T132109Z.yaml	2912	3fce9ae389b64f3c42a332cfdb94a5afae264f03
/c/ClippersHQ_renders/outputs_bl1241_20260813_151911/_work/paste_DWRNKdxjPIO__20260813T132109Z/edit-2026-08-13.log	215	d24b899d8b20fef0ac3849ff3b862b4ba1eff20b
/c/ClippersHQ_renders/outputs_bl1241_20260813_151911/_work/paste_DXeQkziiFL7__20260813T132316Z/_bl1226_mag.log	127	418e53117080e01df7ca83c6dbf4e9d653a08a80
/c/ClippersHQ_renders/outputs_bl1241_20260813_151911/_work/paste_DXeQkziiFL7__20260813T132316Z/config_paste_DXeQkziiFL7__20260813T132316Z.yaml	2912	36d96b5e41ef224b2cb38274e5d07fd4a6b090cd
/c/ClippersHQ_renders/outputs_bl1241_20260813_151911/_work/paste_DXeQkziiFL7__20260813T132316Z/edit-2026-08-13.log	197	7a75b5bc2f5580a0db41780b4f28dcaa2f2a90f8
/c/ClippersHQ_renders/outputs_bl1241_20260813_151911/_work/paste_DYBTHfevjk5__20260813T132237Z/_bl1226_mag.log	127	b18c97478af12fba92a386cb095ce3e2d501df29
/c/ClippersHQ_renders/outputs_bl1241_20260813_151911/_work/paste_DYBTHfevjk5__20260813T132237Z/config_paste_DYBTHfevjk5__20260813T132237Z.yaml	2912	26edca2a089b5c9dd927d1fe7961a5f2c8a23aee
/c/ClippersHQ_renders/outputs_bl1241_20260813_151911/_work/paste_DYBTHfevjk5__20260813T132237Z/edit-2026-08-13.log	209	c962b7bbecae82cd0c0b584eced3460638622bd7
/c/ClippersHQ_renders/outputs_bl1241_20260813_151911/_work/paste_DZIk3qyhSfX__20260813T132509Z/_bl1226_mag.log	127	3e21e33ff26ad48133facb65e23414018e34d774
/c/ClippersHQ_renders/outputs_bl1241_20260813_151911/_work/paste_DZIk3qyhSfX__20260813T132509Z/config_paste_DZIk3qyhSfX__20260813T132509Z.yaml	2912	e0c53edd2622164c9a64eb16a5f78cd5b0f35ac3
/c/ClippersHQ_renders/outputs_bl1241_20260813_151911/_work/paste_DZIk3qyhSfX__20260813T132509Z/edit-2026-08-13.log	201	29109e307801a798db4a7ebf3c2623bb0f6adf0e
/c/ClippersHQ_renders/outputs_bl1241_20260813_151911/_work/paste_DaGakktA_S4__20260813T132808Z/_bl1226_mag.log	127	fa0187c2ade535a8fe5be509a97108dc324ddcea
/c/ClippersHQ_renders/outputs_bl1241_20260813_151911/_work/paste_DaGakktA_S4__20260813T132808Z/config_paste_DaGakktA_S4__20260813T132808Z.yaml	2912	7e245a38303f89b09bb28d3634858260fbc78c51
/c/ClippersHQ_renders/outputs_bl1241_20260813_151911/_work/paste_DaGakktA_S4__20260813T132808Z/edit-2026-08-13.log	207	c341dfa4c1f0f5ab15ce4b88e207660ad855946a
/c/ClippersHQ_renders/outputs_bl1241_20260813_151911/_work/paste_DazdiMZtceF__20260813T132922Z/_bl1226_mag.log	127	33e7346aaaf39d96260f1049c56aaf5e6ffcb73d
/c/ClippersHQ_renders/outputs_bl1241_20260813_151911/_work/paste_DazdiMZtceF__20260813T132922Z/config_paste_DazdiMZtceF__20260813T132922Z.yaml	2913	303c67755a552a15caf116f8e7e8aaf9ef6d7ef3
/c/ClippersHQ_renders/outputs_bl1241_20260813_151911/_work/paste_DazdiMZtceF__20260813T132922Z/edit-2026-08-13.log	219	69456c1145216e444776da9a1e083423964fe63f
/c/ClippersHQ_renders/outputs_bl1241_20260813_151911/_work/paste_Db2nMXoPMQz__20260813T132206Z/_bl1226_mag.log	127	a0d6a10193cde9ca61e54a889650c675f5319969
/c/ClippersHQ_renders/outputs_bl1241_20260813_151911/_work/paste_Db2nMXoPMQz__20260813T132206Z/config_paste_Db2nMXoPMQz__20260813T132206Z.yaml	2912	808702ef3c0df0fc0c3548aed9ad7fbf2c54f1d7
/c/ClippersHQ_renders/outputs_bl1241_20260813_151911/_work/paste_Db2nMXoPMQz__20260813T132206Z/edit-2026-08-13.log	209	7a22e7cd65ee3da0ef65b3890959b9cdb011303e
/c/ClippersHQ_renders/outputs_bl1241_20260813_151911/_work/paste_Db3dFs-vmtu__20260813T132133Z/_bl1226_mag.log	127	418a8a0a05ecc7421e458e37d42d1e689d7e282e
/c/ClippersHQ_renders/outputs_bl1241_20260813_151911/_work/paste_Db3dFs-vmtu__20260813T132133Z/config_paste_Db3dFs-vmtu__20260813T132133Z.yaml	2912	bc118d32527ba04f335cf0f5a133bc785e4fbf73
/c/ClippersHQ_renders/outputs_bl1241_20260813_151911/_work/paste_Db3dFs-vmtu__20260813T132133Z/edit-2026-08-13.log	211	b026bb2a301b33b0b9de3b9c1ca5d28acfa6f50e
/c/ClippersHQ_renders/outputs_bl1241_20260813_151911/_work/paste_Dbfc3OLPECO__20260813T132659Z/_bl1226_mag.log	127	ce86e71fb2a1852ae3eaad82006f879637446d18
/c/ClippersHQ_renders/outputs_bl1241_20260813_151911/_work/paste_Dbfc3OLPECO__20260813T132659Z/config_paste_Dbfc3OLPECO__20260813T132659Z.yaml	2912	bfa540777aa8a572c162a6ac3b8b13122cab5e54
/c/ClippersHQ_renders/outputs_bl1241_20260813_151911/_work/paste_Dbfc3OLPECO__20260813T132659Z/edit-2026-08-13.log	211	dd8a9ace7213501aefb85afe54024c7b94459add
/c/ClippersHQ_renders/outputs_bl1241_20260813_151911/_work/paste_Dblku9wSuTa__20260813T132357Z/_bl1226_mag.log	127	a3682f28efa5b3c1a6a6718624bc9ccbc455ffba
/c/ClippersHQ_renders/outputs_bl1241_20260813_151911/_work/paste_Dblku9wSuTa__20260813T132357Z/config_paste_Dblku9wSuTa__20260813T132357Z.yaml	2912	0fe26a931f35fe3a9b7e66b295a527b7f70f1b8a
/c/ClippersHQ_renders/outputs_bl1241_20260813_151911/_work/paste_Dblku9wSuTa__20260813T132357Z/edit-2026-08-13.log	211	2a7c762c368367ba456c400a39e446b2bce61ba3
/c/ClippersHQ_renders/outputs_bl1245probe_20260813_181651/README.md	2439	b79efdebe215cac81526368443c70ee917dcea58
/c/ClippersHQ_renders/outputs_bl1245probe_20260813_181651/_batch.json	4763	74cb287cf1b72287ae2d62cf224eb44d39173334
/c/ClippersHQ_renders/outputs_bl1245probe_20260813_181651/_work/paste_DVO9ZryDKCZ__20260813T161701Z/config_paste_DVO9ZryDKCZ__20260813T161701Z.yaml	2917	6e89099d7dbfce55cfed299e1f89229138837916
/c/ClippersHQ_renders/outputs_bl1245probe_20260813_181651/_work/paste_DVO9ZryDKCZ__20260813T161701Z/edit-2026-08-13.log	225	29d2be77760047a963a393dca5e5081c2af91aa5
/c/ClippersHQ_renders/outputs_paste_20260811_121208/README.md	14595	3bab2737586642a426479166d105cd59a461a72a
/c/ClippersHQ_renders/outputs_paste_20260811_121208/_batch.json	24846	accb284143d1461407b0afc1c8b39fd99cf899e4
/c/ClippersHQ_renders/outputs_paste_20260811_121208/_work/paste_DVf-UBgEu3K__20260811T101738Z/config_paste_DVf-UBgEu3K__20260811T101738Z.yaml	2932	87914b4cfd26606f1d6926058dfa1ebd85fca9f6
/c/ClippersHQ_renders/outputs_paste_20260811_121208/_work/paste_DVf-UBgEu3K__20260811T101738Z/edit-2026-08-11.log	215	7f85e5ea9b584303f2559a1ff58e262ec34183cf
/c/ClippersHQ_renders/outputs_paste_20260811_121208/_work/paste_DWH-XU-gByq__20260811T101904Z/config_paste_DWH-XU-gByq__20260811T101904Z.yaml	2932	6260286dcfdf45db0f430f12e3c3fa14ec90d47a
/c/ClippersHQ_renders/outputs_paste_20260811_121208/_work/paste_DWH-XU-gByq__20260811T101904Z/edit-2026-08-11.log	469	e11bee9ce93e7a98f53690527d74102e78a0fa2b
/c/ClippersHQ_renders/outputs_paste_20260811_121208/_work/paste_DY-IF_1x_jE__20260811T101820Z/config_paste_DY-IF_1x_jE__20260811T101820Z.yaml	2915	87bbb47939d3b665efbc28a8c553fc125c7b9e52
/c/ClippersHQ_renders/outputs_paste_20260811_121208/_work/paste_DY-IF_1x_jE__20260811T101820Z/edit-2026-08-11.log	221	ed8becdadf0ef1f3a37a72132290c3fd58bcd168
/c/ClippersHQ_renders/outputs_paste_20260811_121208/_work/paste_DZ5gIGWB-uS__20260811T102121Z/config_paste_DZ5gIGWB-uS__20260811T102121Z.yaml	2932	fcc89109e9525cde178faa94c925c801fd3734a9
/c/ClippersHQ_renders/outputs_paste_20260811_121208/_work/paste_DZ5gIGWB-uS__20260811T102121Z/edit-2026-08-11.log	201	8c13ae81829fc4d4fc67b97051d028c94d64c44f
/c/ClippersHQ_renders/outputs_paste_20260811_121208/_work/paste_DZdeVdFvymx__20260811T101218Z/config_paste_DZdeVdFvymx__20260811T101218Z.yaml	2915	43aeb82792e065c27d465ac09a8eb21332ad7fe0
/c/ClippersHQ_renders/outputs_paste_20260811_121208/_work/paste_DZdeVdFvymx__20260811T101218Z/edit-2026-08-11.log	233	46c449555433f3f52f879eacda8b58790fec2834
/c/ClippersHQ_renders/outputs_paste_20260811_121208/_work/paste_DZpC53dqwcS__20260811T102005Z/config_paste_DZpC53dqwcS__20260811T102005Z.yaml	2932	79aabc6162ae4a89a189299971cf3a533128ee8a
/c/ClippersHQ_renders/outputs_paste_20260811_121208/_work/paste_DZpC53dqwcS__20260811T102005Z/edit-2026-08-11.log	209	e7c12b11431a8dd582755cdb78e96affa84fa851
/c/ClippersHQ_renders/outputs_paste_20260811_121208/_work/paste_Db153LyMm04__20260811T101606Z/config_paste_Db153LyMm04__20260811T101606Z.yaml	2915	723842149f989a4fa8642c9a49cd356eeea9833f
/c/ClippersHQ_renders/outputs_paste_20260811_121208/_work/paste_Db153LyMm04__20260811T101606Z/edit-2026-08-11.log	201	4f5fbf22a388d431bec2d05ae7707e57902d3428
/c/ClippersHQ_renders/outputs_paste_20260811_121208/_work/paste_Db1Jihts6Au__20260811T102235Z/config_paste_Db1Jihts6Au__20260811T102235Z.yaml	2932	8b81a963b2574b74a2a4fc1fb21a8f9e62a77bb5
/c/ClippersHQ_renders/outputs_paste_20260811_121208/_work/paste_Db1Jihts6Au__20260811T102235Z/edit-2026-08-11.log	225	62789f95f82c432926a62720bead2fc3ca215056
/c/ClippersHQ_renders/outputs_paste_20260811_121208/_work/paste_DbwHAvvyZOq__20260811T101405Z/config_paste_DbwHAvvyZOq__20260811T101405Z.yaml	2915	905aee8d4ce1941192be9eb1999309a0ef8e4b65
/c/ClippersHQ_renders/outputs_paste_20260811_121208/_work/paste_DbwHAvvyZOq__20260811T101405Z/edit-2026-08-11.log	221	b348ecc3d49fd187acf97a5f27004ea01041003a
/c/ClippersHQ_renders/outputs_paste_20260811_122622/README.md	14473	f6a434f7d46b24cd38c82a6b45684bb81425130b
/c/ClippersHQ_renders/outputs_paste_20260811_122622/_batch.json	24861	31d92688fec716f17263611b7dd69b50274f1c2c
/c/ClippersHQ_renders/outputs_paste_20260811_122622/_work/paste_DVf-UBgEu3K__20260811T103543Z/config_paste_DVf-UBgEu3K__20260811T103543Z.yaml	2932	7abdfdb0a1f9a7dbc2c4a6133f4fe927ff3bf24d
/c/ClippersHQ_renders/outputs_paste_20260811_122622/_work/paste_DVf-UBgEu3K__20260811T103543Z/edit-2026-08-11.log	215	d509c1ed21424b5d8c5ce8b0008456d23e95b118
/c/ClippersHQ_renders/outputs_paste_20260811_122622/_work/paste_DWH-XU-gByq__20260811T104142Z/config_paste_DWH-XU-gByq__20260811T104142Z.yaml	2932	940e4b6822dd62096a6c849db28284fc752d0358
/c/ClippersHQ_renders/outputs_paste_20260811_122622/_work/paste_DWH-XU-gByq__20260811T104142Z/edit-2026-08-11.log	201	4dd5235cd473c1269d22484aeb783d28a1f1d257
/c/ClippersHQ_renders/outputs_paste_20260811_122622/_work/paste_DY-IF_1x_jE__20260811T103900Z/config_paste_DY-IF_1x_jE__20260811T103900Z.yaml	2915	e4911efbb5955b0972267648298d0e5af9eb7115
/c/ClippersHQ_renders/outputs_paste_20260811_122622/_work/paste_DY-IF_1x_jE__20260811T103900Z/edit-2026-08-11.log	221	66e19b150699cf78396ca10c19b0e5c4e7b38287
/c/ClippersHQ_renders/outputs_paste_20260811_122622/_work/paste_DZ5gIGWB-uS__20260811T104545Z/config_paste_DZ5gIGWB-uS__20260811T104545Z.yaml	2932	160c2f986fd67b6a55964ccf68f56ccc84e8ecb2
/c/ClippersHQ_renders/outputs_paste_20260811_122622/_work/paste_DZ5gIGWB-uS__20260811T104545Z/edit-2026-08-11.log	201	352f5bb665ab4410f2951d894376ebfd321c942e
/c/ClippersHQ_renders/outputs_paste_20260811_122622/_work/paste_DZdeVdFvymx__20260811T102651Z/config_paste_DZdeVdFvymx__20260811T102651Z.yaml	2915	4efb208fd50a40412e44b809ba81e64cf358618c
/c/ClippersHQ_renders/outputs_paste_20260811_122622/_work/paste_DZdeVdFvymx__20260811T102651Z/edit-2026-08-11.log	233	ead94c5c723594c12840b30656441d2562cf14d2
/c/ClippersHQ_renders/outputs_paste_20260811_122622/_work/paste_DZpC53dqwcS__20260811T104337Z/config_paste_DZpC53dqwcS__20260811T104337Z.yaml	2932	ad7d18eabdb4b35af9d7e96367bc9f05b22256ad
/c/ClippersHQ_renders/outputs_paste_20260811_122622/_work/paste_DZpC53dqwcS__20260811T104337Z/edit-2026-08-11.log	209	3cfc736a5529aea305be93602881cc7b409acf26
/c/ClippersHQ_renders/outputs_paste_20260811_122622/_work/paste_Db153LyMm04__20260811T103059Z/config_paste_Db153LyMm04__20260811T103059Z.yaml	2915	8ac5d7d0916a10cfeeca27f8b3150920562e3d03
/c/ClippersHQ_renders/outputs_paste_20260811_122622/_work/paste_Db153LyMm04__20260811T103059Z/edit-2026-08-11.log	201	7dbe6f7fc7e3fb215f1ace9b32d3412f4d2e8091
/c/ClippersHQ_renders/outputs_paste_20260811_122622/_work/paste_Db1Jihts6Au__20260811T104732Z/config_paste_Db1Jihts6Au__20260811T104732Z.yaml	2932	e4d64fe5080dcf36da9b75626624618f14001214
/c/ClippersHQ_renders/outputs_paste_20260811_122622/_work/paste_Db1Jihts6Au__20260811T104732Z/edit-2026-08-11.log	493	44763819cc381ba6214741fad9c3f41729a4a997
/c/ClippersHQ_renders/outputs_paste_20260811_122622/_work/paste_DbwHAvvyZOq__20260811T102901Z/config_paste_DbwHAvvyZOq__20260811T102901Z.yaml	2915	dc0452459ebf67c47719bc9daa6d099cde8b7ed5
/c/ClippersHQ_renders/outputs_paste_20260811_122622/_work/paste_DbwHAvvyZOq__20260811T102901Z/edit-2026-08-11.log	221	16e9e084969bbd96fb33b9ed986fcb72a5384974
/c/ClippersHQ_renders/outputs_paste_20260811_153854/README.md	16488	5ec294755cbc6f7582faf948b112e50fbc8424c4
/c/ClippersHQ_renders/outputs_paste_20260811_153854/_batch.json	24472	94c5f1a8d23d3d4669673caa284bfcbc0cbdd74e
/c/ClippersHQ_renders/outputs_paste_20260811_153854/_work/paste_DVf-UBgEu3K__20260811T134106Z/config_paste_DVf-UBgEu3K__20260811T134106Z.yaml	2932	e0840470ab983eeb7b54128f19bd31fb7894af35
/c/ClippersHQ_renders/outputs_paste_20260811_153854/_work/paste_DVf-UBgEu3K__20260811T134106Z/edit-2026-08-11.log	215	be7ea516bf68228d03eb89387c77e7351a5805d5
/c/ClippersHQ_renders/outputs_paste_20260811_153854/_work/paste_DWH-XU-gByq__20260811T134228Z/config_paste_DWH-XU-gByq__20260811T134228Z.yaml	2932	16d6ede9c08ef35e75a3fefca4e667e080229969
/c/ClippersHQ_renders/outputs_paste_20260811_153854/_work/paste_DWH-XU-gByq__20260811T134228Z/edit-2026-08-11.log	201	a5394b84e7e1366c93a5a99c9e6d304aa40f57c5
/c/ClippersHQ_renders/outputs_paste_20260811_153854/_work/paste_DY-IF_1x_jE__20260811T134158Z/config_paste_DY-IF_1x_jE__20260811T134158Z.yaml	2915	0317fe793c9fc7c0b7367c158f23ef95caba96d1
/c/ClippersHQ_renders/outputs_paste_20260811_153854/_work/paste_DY-IF_1x_jE__20260811T134158Z/edit-2026-08-11.log	221	4837a8707606cb0b5b6593a19b7aef0d8fb5f294
/c/ClippersHQ_renders/outputs_paste_20260811_153854/_work/paste_DZ5gIGWB-uS__20260811T134420Z/config_paste_DZ5gIGWB-uS__20260811T134420Z.yaml	2932	6cd4a6574ce3a18f6fe148477b17af14dcf9cefb
/c/ClippersHQ_renders/outputs_paste_20260811_153854/_work/paste_DZ5gIGWB-uS__20260811T134420Z/edit-2026-08-11.log	201	f6392231c3e1a805ff50244a4e35b1a4643a948c
/c/ClippersHQ_renders/outputs_paste_20260811_153854/_work/paste_DZdeVdFvymx__20260811T133905Z/config_paste_DZdeVdFvymx__20260811T133905Z.yaml	2915	1697c3fc04e6c6b20779001e03e60e2a265278e6
/c/ClippersHQ_renders/outputs_paste_20260811_153854/_work/paste_DZdeVdFvymx__20260811T133905Z/edit-2026-08-11.log	233	9844bf20a10e7a925e5d40d67d6d55a5cc8b1004
/c/ClippersHQ_renders/outputs_paste_20260811_153854/_work/paste_DZpC53dqwcS__20260811T134317Z/config_paste_DZpC53dqwcS__20260811T134317Z.yaml	2932	4001b863386a5eb99947cbe61402a87c407b091f
/c/ClippersHQ_renders/outputs_paste_20260811_153854/_work/paste_DZpC53dqwcS__20260811T134317Z/edit-2026-08-11.log	209	4b056d3e21c40294f39df7108bee044979a4a999
/c/ClippersHQ_renders/outputs_paste_20260811_153854/_work/paste_Db153LyMm04__20260811T134023Z/config_paste_Db153LyMm04__20260811T134023Z.yaml	2915	d3d797bca082ce1885af656ecee1ebdb7d4e5b89
/c/ClippersHQ_renders/outputs_paste_20260811_153854/_work/paste_Db153LyMm04__20260811T134023Z/edit-2026-08-11.log	201	8cd8190ae3256ffd5ab5d3461650637641dc2c17
/c/ClippersHQ_renders/outputs_paste_20260811_153854/_work/paste_Db1Jihts6Au__20260811T134547Z/config_paste_Db1Jihts6Au__20260811T134547Z.yaml	2932	d6879a6a82facd6e79c483aab7e973b18a895955
/c/ClippersHQ_renders/outputs_paste_20260811_153854/_work/paste_Db1Jihts6Au__20260811T134547Z/edit-2026-08-11.log	225	9621ba0a194564aa51605f30e23ac47b3d20a2ec
/c/ClippersHQ_renders/outputs_paste_20260811_153854/_work/paste_DbwHAvvyZOq__20260811T133954Z/config_paste_DbwHAvvyZOq__20260811T133954Z.yaml	2915	af0dcadb891eabeeb0d54c44b3d0235ef4d40378
/c/ClippersHQ_renders/outputs_paste_20260811_153854/_work/paste_DbwHAvvyZOq__20260811T133954Z/edit-2026-08-11.log	221	d973f330393ec185c67596e041d5e60238e91cc2
/c/ClippersHQ_renders/outputs_paste_20260811_170434/README.md	28656	21e9d1c43db2cda8271bf683d04b9da660620252
/c/ClippersHQ_renders/outputs_paste_20260811_170434/_batch.json	43711	a698179320645bea861d352013b9a9d348b9f713
/c/ClippersHQ_renders/outputs_paste_20260811_170434/_work/paste_DU2FhWojcYd__20260811T151023Z/config_paste_DU2FhWojcYd__20260811T151023Z.yaml	2932	09dd3cf0463a2c80a56dd998c7aecb8808dd0039
/c/ClippersHQ_renders/outputs_paste_20260811_170434/_work/paste_DU2FhWojcYd__20260811T151023Z/edit-2026-08-11.log	195	b5956714152906782da77c887c44a1ef65263da2
/c/ClippersHQ_renders/outputs_paste_20260811_170434/_work/paste_DVO9ZryDKCZ__20260811T150439Z/config_paste_DVO9ZryDKCZ__20260811T150439Z.yaml	2930	833178cbfdab1cf401cf29d2a45311f6f14a3b7e
/c/ClippersHQ_renders/outputs_paste_20260811_170434/_work/paste_DVO9ZryDKCZ__20260811T150439Z/edit-2026-08-11.log	225	ba19176c254d545749173a1756c8fce10ab08b22
/c/ClippersHQ_renders/outputs_paste_20260811_170434/_work/paste_DVPApBmAoja__20260811T151556Z/config_paste_DVPApBmAoja__20260811T151556Z.yaml	2915	704ee6154dc684580a4a530b74ce37925933bbd8
/c/ClippersHQ_renders/outputs_paste_20260811_170434/_work/paste_DVPApBmAoja__20260811T151556Z/edit-2026-08-11.log	209	2398434fe36aa2f9b92fa57e74afa97eea83eca4
/c/ClippersHQ_renders/outputs_paste_20260811_170434/_work/paste_DVQIcZFkxk-__20260811T151452Z/config_paste_DVQIcZFkxk-__20260811T151452Z.yaml	2932	c234608a76f6e88bb93bc9dabd0b1ebd182a0a79
/c/ClippersHQ_renders/outputs_paste_20260811_170434/_work/paste_DVQIcZFkxk-__20260811T151452Z/edit-2026-08-11.log	207	f747dbe440466dc279c61c8dc84a868e24cc5c20
/c/ClippersHQ_renders/outputs_paste_20260811_170434/_work/paste_DVg1HViDLYz__20260811T151529Z/config_paste_DVg1HViDLYz__20260811T151529Z.yaml	2932	1735d4ffc85b1895c1fde1478baae6119ce1db63
/c/ClippersHQ_renders/outputs_paste_20260811_170434/_work/paste_DVg1HViDLYz__20260811T151529Z/edit-2026-08-11.log	225	b521bbc90b3dc4ea5a5732f2d94da4f0d491cc97
/c/ClippersHQ_renders/outputs_paste_20260811_170434/_work/paste_DWRNKdxjPIO__20260811T150620Z/config_paste_DWRNKdxjPIO__20260811T150620Z.yaml	2932	b79de62af42f49d03714d95a2ac1765fa9f11b12
/c/ClippersHQ_renders/outputs_paste_20260811_170434/_work/paste_DWRNKdxjPIO__20260811T150620Z/edit-2026-08-11.log	215	ecd53ef49a927715468f44c0e9bacb4c6b4bfae1
/c/ClippersHQ_renders/outputs_paste_20260811_170434/_work/paste_DXeQkziiFL7__20260811T150851Z/config_paste_DXeQkziiFL7__20260811T150851Z.yaml	2930	063a4c30d37b53549ed7f5263dc4929c57d1d762
/c/ClippersHQ_renders/outputs_paste_20260811_170434/_work/paste_DXeQkziiFL7__20260811T150851Z/edit-2026-08-11.log	197	83959ed09b5f5d4c6fff8b7faf79890a2aea8413
/c/ClippersHQ_renders/outputs_paste_20260811_170434/_work/paste_DYBTHfevjk5__20260811T150758Z/config_paste_DYBTHfevjk5__20260811T150758Z.yaml	2929	6e2401d619353856d99054a408e8940bcc3b219d
/c/ClippersHQ_renders/outputs_paste_20260811_170434/_work/paste_DYBTHfevjk5__20260811T150758Z/edit-2026-08-11.log	209	829b89a63abb7e9fa2d2b0220b950fb8dbc089d3
/c/ClippersHQ_renders/outputs_paste_20260811_170434/_work/paste_DYTPB_4pWpM__20260811T151721Z/config_paste_DYTPB_4pWpM__20260811T151721Z.yaml	2915	cdff3e9604b0f6da24288fc969291cd1026f520c
/c/ClippersHQ_renders/outputs_paste_20260811_170434/_work/paste_DYTPB_4pWpM__20260811T151721Z/edit-2026-08-11.log	211	620c61c093c2f5a49c9df2e0ef0643d097ce9561
/c/ClippersHQ_renders/outputs_paste_20260811_170434/_work/paste_DZIk3qyhSfX__20260811T151054Z/config_paste_DZIk3qyhSfX__20260811T151054Z.yaml	2928	98e3ce7f14566a57e224135feb017ba3c81fbb87
/c/ClippersHQ_renders/outputs_paste_20260811_170434/_work/paste_DZIk3qyhSfX__20260811T151054Z/edit-2026-08-11.log	201	b6017ecf22d54bdc5edf0a35ad698a687ca71f9c
/c/ClippersHQ_renders/outputs_paste_20260811_170434/_work/paste_DaGakktA_S4__20260811T151219Z/config_paste_DaGakktA_S4__20260811T151219Z.yaml	2930	198fd992afd757c40e6526e80b3770ec08749168
/c/ClippersHQ_renders/outputs_paste_20260811_170434/_work/paste_DaGakktA_S4__20260811T151219Z/edit-2026-08-11.log	207	c91fd02279e868afe9bb6a4cc0680138e0a7b2a2
/c/ClippersHQ_renders/outputs_paste_20260811_170434/_work/paste_DajhDiZs99M__20260811T151632Z/config_paste_DajhDiZs99M__20260811T151632Z.yaml	2932	b2a03d89eaad30f5f0277220e9359eb1fa75744f
/c/ClippersHQ_renders/outputs_paste_20260811_170434/_work/paste_DajhDiZs99M__20260811T151632Z/edit-2026-08-11.log	201	b55dcf58b88bb215cb12e0b601cf9b592be79989
/c/ClippersHQ_renders/outputs_paste_20260811_170434/_work/paste_DazdiMZtceF__20260811T151250Z/config_paste_DazdiMZtceF__20260811T151250Z.yaml	2930	3341846f6afc9b8f8bb8f8c8c55dba47525c97bb
/c/ClippersHQ_renders/outputs_paste_20260811_170434/_work/paste_DazdiMZtceF__20260811T151250Z/edit-2026-08-11.log	219	e795e258d1754c6c924354451c82bd3bd963de5c
/c/ClippersHQ_renders/outputs_paste_20260811_170434/_work/paste_Db3dFs-vmtu__20260811T150700Z/config_paste_Db3dFs-vmtu__20260811T150700Z.yaml	2930	6118ee9851331ac2018465b7289bbdb3738741f2
/c/ClippersHQ_renders/outputs_paste_20260811_170434/_work/paste_Db3dFs-vmtu__20260811T150700Z/edit-2026-08-11.log	211	4dc1c729e9adfab8ed78ce8823048203e006267f
/c/ClippersHQ_renders/outputs_paste_20260811_170434/_work/paste_Dbfc3OLPECO__20260811T151144Z/config_paste_Dbfc3OLPECO__20260811T151144Z.yaml	2932	17a54e370c1068c1048233cec9c2b2d5fc16e476
/c/ClippersHQ_renders/outputs_paste_20260811_170434/_work/paste_Dbfc3OLPECO__20260811T151144Z/edit-2026-08-11.log	211	7a62f9296e6d905d24473abca69bff8cc6458e96
/c/ClippersHQ_renders/outputs_paste_20260811_170434/_work/paste_Dblku9wSuTa__20260811T150917Z/config_paste_Dblku9wSuTa__20260811T150917Z.yaml	2915	65279e1db05515bb0a5bac0290ee69cd0fcbd23c
/c/ClippersHQ_renders/outputs_paste_20260811_170434/_work/paste_Dblku9wSuTa__20260811T150917Z/edit-2026-08-11.log	211	9315d3d5fe312b5535ea06611faf520e4250911f
/c/ClippersHQ_renders/outputs_paste_20260811_170434/_work/paste_Dbz9vxLAEid__20260811T151354Z/config_paste_Dbz9vxLAEid__20260811T151354Z.yaml	2932	fe6474dbcd68cf1f7d029417cc08dba462a02074
/c/ClippersHQ_renders/outputs_paste_20260811_170434/_work/paste_Dbz9vxLAEid__20260811T151354Z/edit-2026-08-11.log	219	f96265031ed16a39bd21334f9de691da73b629e2
/c/ClippersHQ_renders/outputs_paste_20260811_180119/README.md	27782	1726727e4b39c7928857bd9e9c3cd3984d20d3d1
/c/ClippersHQ_renders/outputs_paste_20260811_180119/_batch.json	44295	5c7a9bdbe47b7aaf76d1cc302213771d076d604d
/c/ClippersHQ_renders/outputs_paste_20260811_180119/_work/paste_DU2FhWojcYd__20260811T160743Z/config_paste_DU2FhWojcYd__20260811T160743Z.yaml	2932	d234332c8a3f3fab3fbc1e1f3fe0ca276262e5c8
/c/ClippersHQ_renders/outputs_paste_20260811_180119/_work/paste_DU2FhWojcYd__20260811T160743Z/edit-2026-08-11.log	195	5a4d99a7bb597f4aac1ea66b4d0176e94da60e5f
/c/ClippersHQ_renders/outputs_paste_20260811_180119/_work/paste_DVO9ZryDKCZ__20260811T160128Z/config_paste_DVO9ZryDKCZ__20260811T160128Z.yaml	2930	4ce385e5d1bb620d576a3cfdf019a72eb4520dc4
/c/ClippersHQ_renders/outputs_paste_20260811_180119/_work/paste_DVO9ZryDKCZ__20260811T160128Z/edit-2026-08-11.log	225	44883dee0d62044958e4047f5712336938652ac5
/c/ClippersHQ_renders/outputs_paste_20260811_180119/_work/paste_DVPApBmAoja__20260811T161407Z/config_paste_DVPApBmAoja__20260811T161407Z.yaml	2915	480fb1e7f553b456fe6c966bb7420c798f1c2412
/c/ClippersHQ_renders/outputs_paste_20260811_180119/_work/paste_DVPApBmAoja__20260811T161407Z/edit-2026-08-11.log	209	914a2fcd022c9c12f5669dfa706e9762d51503ea
/c/ClippersHQ_renders/outputs_paste_20260811_180119/_work/paste_DVQIcZFkxk-__20260811T161303Z/config_paste_DVQIcZFkxk-__20260811T161303Z.yaml	2932	832f3dd684d2fc01ff19e092e43e2e2f36237c24
/c/ClippersHQ_renders/outputs_paste_20260811_180119/_work/paste_DVQIcZFkxk-__20260811T161303Z/edit-2026-08-11.log	207	74c9a5c7b0b5f3d6f9f6448047b7199279961501
/c/ClippersHQ_renders/outputs_paste_20260811_180119/_work/paste_DVg1HViDLYz__20260811T161334Z/config_paste_DVg1HViDLYz__20260811T161334Z.yaml	2932	b0c475b1ebd080397f6c57b6365e3722c0f32ee1
/c/ClippersHQ_renders/outputs_paste_20260811_180119/_work/paste_DVg1HViDLYz__20260811T161334Z/edit-2026-08-11.log	225	ef2a4cd9dbf5e22000fb09e1a67c56630b1a16cf
/c/ClippersHQ_renders/outputs_paste_20260811_180119/_work/paste_DWRNKdxjPIO__20260811T160314Z/config_paste_DWRNKdxjPIO__20260811T160314Z.yaml	2932	00eb68016579682830cedc9f86005d89baa9da3c
/c/ClippersHQ_renders/outputs_paste_20260811_180119/_work/paste_DWRNKdxjPIO__20260811T160314Z/edit-2026-08-11.log	215	e5f00507bc419e80403ae480c81a73eae06732a0
/c/ClippersHQ_renders/outputs_paste_20260811_180119/_work/paste_DXeQkziiFL7__20260811T160559Z/config_paste_DXeQkziiFL7__20260811T160559Z.yaml	2930	425747b6fb05d6204143b684f60419f1ed1e761d
/c/ClippersHQ_renders/outputs_paste_20260811_180119/_work/paste_DXeQkziiFL7__20260811T160559Z/edit-2026-08-11.log	197	95086120a3f0986a43e10e68cdc2c9d9fa38f132
/c/ClippersHQ_renders/outputs_paste_20260811_180119/_work/paste_DYBTHfevjk5__20260811T160513Z/config_paste_DYBTHfevjk5__20260811T160513Z.yaml	2929	9fbbf2f1926c6ed1f7b06d84a169caca65d5d1b5
/c/ClippersHQ_renders/outputs_paste_20260811_180119/_work/paste_DYBTHfevjk5__20260811T160513Z/edit-2026-08-11.log	209	395f002ccb6402a462404d5e4dcd6021bf61b8ff
/c/ClippersHQ_renders/outputs_paste_20260811_180119/_work/paste_DYTPB_4pWpM__20260811T161453Z/config_paste_DYTPB_4pWpM__20260811T161453Z.yaml	2915	55fadf41582e5bf4cec69edfd2f0ebc80cb5d50b
/c/ClippersHQ_renders/outputs_paste_20260811_180119/_work/paste_DYTPB_4pWpM__20260811T161453Z/edit-2026-08-11.log	211	85f511be3d42af3149bed9ae5e0b92917de2df30
/c/ClippersHQ_renders/outputs_paste_20260811_180119/_work/paste_DZIk3qyhSfX__20260811T160839Z/config_paste_DZIk3qyhSfX__20260811T160839Z.yaml	2928	f4b5a8a92c6797e8c57d83ab54cc89bf2e26fa40
/c/ClippersHQ_renders/outputs_paste_20260811_180119/_work/paste_DZIk3qyhSfX__20260811T160839Z/edit-2026-08-11.log	201	07b7e39cfba9c473ce6e2fdc41cef9fdc128a887
/c/ClippersHQ_renders/outputs_paste_20260811_180119/_work/paste_DaGakktA_S4__20260811T161028Z/config_paste_DaGakktA_S4__20260811T161028Z.yaml	2930	232601e270bd07777e68944207c5ea50152be0f8
/c/ClippersHQ_renders/outputs_paste_20260811_180119/_work/paste_DaGakktA_S4__20260811T161028Z/edit-2026-08-11.log	207	5c28fbda4cb64da20b3cf12aab46111f488c3326
/c/ClippersHQ_renders/outputs_paste_20260811_180119/_work/paste_DajhDiZs99M__20260811T161430Z/config_paste_DajhDiZs99M__20260811T161430Z.yaml	2932	6b3385bd0d59960f9dd9ddbb7760a7448e81509c
/c/ClippersHQ_renders/outputs_paste_20260811_180119/_work/paste_DajhDiZs99M__20260811T161430Z/edit-2026-08-11.log	1635	a6f6796667b2b53b1f167056389594c06589d486
/c/ClippersHQ_renders/outputs_paste_20260811_180119/_work/paste_DazdiMZtceF__20260811T161124Z/_probe.log	168	cb011c75a1db1469adfe42e499d938572bcd7633
/c/ClippersHQ_renders/outputs_paste_20260811_180119/_work/paste_DazdiMZtceF__20260811T161124Z/config_paste_DazdiMZtceF__20260811T161124Z.yaml	2930	213acd2156dee8a351a7b6fd054d148ed5742a5e
/c/ClippersHQ_renders/outputs_paste_20260811_180119/_work/paste_DazdiMZtceF__20260811T161124Z/edit-2026-08-11.log	219	fd5481dda4ca2198271d63a4393f32707abf3430
/c/ClippersHQ_renders/outputs_paste_20260811_180119/_work/paste_Db2nMXoPMQz__20260811T160423Z/config_paste_Db2nMXoPMQz__20260811T160423Z.yaml	2930	20a1b004b48f846ca3335e9407fb3e6085ba1ae5
/c/ClippersHQ_renders/outputs_paste_20260811_180119/_work/paste_Db2nMXoPMQz__20260811T160423Z/edit-2026-08-11.log	209	7a4a9af22d8ee5ae84c6920a7ddb32de576e7547
/c/ClippersHQ_renders/outputs_paste_20260811_180119/_work/paste_Dbfc3OLPECO__20260811T160930Z/config_paste_Dbfc3OLPECO__20260811T160930Z.yaml	2932	0dc53d056769fb98af7acf212f090c96c3a4964b
/c/ClippersHQ_renders/outputs_paste_20260811_180119/_work/paste_Dbfc3OLPECO__20260811T160930Z/edit-2026-08-11.log	211	711cb0dd1f4b70ec41d4370bc1d5238c0083eeba
/c/ClippersHQ_renders/outputs_paste_20260811_180119/_work/paste_Dblku9wSuTa__20260811T160656Z/config_paste_Dblku9wSuTa__20260811T160656Z.yaml	2915	1fd6e9507edb71ad10307fde403940c6582df616
/c/ClippersHQ_renders/outputs_paste_20260811_180119/_work/paste_Dblku9wSuTa__20260811T160656Z/edit-2026-08-11.log	211	5709a861b52686c5cb663abfa044c1bfd5d0e199
/c/ClippersHQ_renders/outputs_paste_20260811_180119/_work/paste_Dbz9vxLAEid__20260811T161206Z/config_paste_Dbz9vxLAEid__20260811T161206Z.yaml	2932	2ea0310a6e363bf6493ed7ee7031ce7b0103fcaa
/c/ClippersHQ_renders/outputs_paste_20260811_180119/_work/paste_Dbz9vxLAEid__20260811T161206Z/edit-2026-08-11.log	219	3d095c95eb04ee0895aac2c6f5aed5d1305dcb43
/c/ClippersHQ_renders/outputs_paste_20260811_221024/README.md	27205	fa25dfb509676b1a6bf4d183e34ae5535b63b549
/c/ClippersHQ_renders/outputs_paste_20260811_221024/_batch.json	43997	a2546541f83fa72386deb8dfe445c4c728e36c19
/c/ClippersHQ_renders/outputs_paste_20260811_221024/_work/paste_DU2FhWojcYd__20260811T201543Z/config_paste_DU2FhWojcYd__20260811T201543Z.yaml	2954	ed5c96c7fe8df34e34b07618081d98bdcf4b7a84
/c/ClippersHQ_renders/outputs_paste_20260811_221024/_work/paste_DU2FhWojcYd__20260811T201543Z/edit-2026-08-11.log	195	be50a3379388921b3310e1cf614dc9cc48674a26
/c/ClippersHQ_renders/outputs_paste_20260811_221024/_work/paste_DVO9ZryDKCZ__20260811T201033Z/_bl1226_mag.log	2744	3847be0296b932298a30fc47022c0c8c709dc7e9
/c/ClippersHQ_renders/outputs_paste_20260811_221024/_work/paste_DVO9ZryDKCZ__20260811T201033Z/config_paste_DVO9ZryDKCZ__20260811T201033Z.yaml	2955	4e2b1d8e56a8894a7546aced76adc1b3731b2d06
/c/ClippersHQ_renders/outputs_paste_20260811_221024/_work/paste_DVO9ZryDKCZ__20260811T201033Z/edit-2026-08-11.log	225	cf9ae4cc315b86106b5a3e8ce4585867924a290d
/c/ClippersHQ_renders/outputs_paste_20260811_221024/_work/paste_DVPApBmAoja__20260811T202156Z/config_paste_DVPApBmAoja__20260811T202156Z.yaml	2915	a6c4396cf4d49d7f92b01278478821fd5f27513a
/c/ClippersHQ_renders/outputs_paste_20260811_221024/_work/paste_DVPApBmAoja__20260811T202156Z/edit-2026-08-11.log	209	7584ebe7514c28a6bb957d8848641c36c6b72e03
/c/ClippersHQ_renders/outputs_paste_20260811_221024/_work/paste_DVQIcZFkxk-__20260811T201959Z/config_paste_DVQIcZFkxk-__20260811T201959Z.yaml	2955	2f399b425964242f204586b9d4f2269fa7a1f229
/c/ClippersHQ_renders/outputs_paste_20260811_221024/_work/paste_DVQIcZFkxk-__20260811T201959Z/edit-2026-08-11.log	207	5eabde351bdb181bcb15be9231f9200c3a332bd4
/c/ClippersHQ_renders/outputs_paste_20260811_221024/_work/paste_DVg1HViDLYz__20260811T202118Z/config_paste_DVg1HViDLYz__20260811T202118Z.yaml	2955	e2bff517b74bf12251c97b1ba9660c3f6d5698a1
/c/ClippersHQ_renders/outputs_paste_20260811_221024/_work/paste_DVg1HViDLYz__20260811T202118Z/edit-2026-08-11.log	225	38089c0e22bba62525c6cdb8b0365a488dbb2c6b
/c/ClippersHQ_renders/outputs_paste_20260811_221024/_work/paste_DWRNKdxjPIO__20260811T201220Z/_bl1226_mag.log	1499	58065c20ec57ec04c6ca8bd7fbabdfd76e6fab71
/c/ClippersHQ_renders/outputs_paste_20260811_221024/_work/paste_DWRNKdxjPIO__20260811T201220Z/config_paste_DWRNKdxjPIO__20260811T201220Z.yaml	2955	20182a8861e0f158511c76f8ff3b6084b7ccccf3
/c/ClippersHQ_renders/outputs_paste_20260811_221024/_work/paste_DWRNKdxjPIO__20260811T201220Z/edit-2026-08-11.log	215	146eaa8dd884145006c792f2c5cabf15ca3e95bf
/c/ClippersHQ_renders/outputs_paste_20260811_221024/_work/paste_DXeQkziiFL7__20260811T201444Z/config_paste_DXeQkziiFL7__20260811T201444Z.yaml	2953	8abe0701951edbb7ca21a17d22c00dc34a3ce00a
/c/ClippersHQ_renders/outputs_paste_20260811_221024/_work/paste_DXeQkziiFL7__20260811T201444Z/edit-2026-08-11.log	197	52acfcc0cf0cfaab72f28f5da9e0eae243602c7a
/c/ClippersHQ_renders/outputs_paste_20260811_221024/_work/paste_DYBTHfevjk5__20260811T201412Z/config_paste_DYBTHfevjk5__20260811T201412Z.yaml	2952	0a5d81b6948318c8d72b6963ef7554f17c6f547c
/c/ClippersHQ_renders/outputs_paste_20260811_221024/_work/paste_DYBTHfevjk5__20260811T201412Z/edit-2026-08-11.log	209	e6a542c4bfed324a76dfa4916cc423c83f98669e
/c/ClippersHQ_renders/outputs_paste_20260811_221024/_work/paste_DYTPB_4pWpM__20260811T202300Z/config_paste_DYTPB_4pWpM__20260811T202300Z.yaml	2915	03d4e64e4c5f93a0d78db64ac6ee294ac3dfe4b9
/c/ClippersHQ_renders/outputs_paste_20260811_221024/_work/paste_DYTPB_4pWpM__20260811T202300Z/edit-2026-08-11.log	211	9d65a032e9911695ee61ed70734de53fa2945a35
/c/ClippersHQ_renders/outputs_paste_20260811_221024/_work/paste_DZIk3qyhSfX__20260811T201631Z/config_paste_DZIk3qyhSfX__20260811T201631Z.yaml	2953	9daec933a01f57fccb9f1200620030b7cb3d4f7f
/c/ClippersHQ_renders/outputs_paste_20260811_221024/_work/paste_DZIk3qyhSfX__20260811T201631Z/edit-2026-08-11.log	1629	e99a73b119dcb46b239a19b06570a49c85953e6f
/c/ClippersHQ_renders/outputs_paste_20260811_221024/_work/paste_DaGakktA_S4__20260811T201737Z/config_paste_DaGakktA_S4__20260811T201737Z.yaml	2953	7a298849962dca3147fe56f5a0b824f980ad7319
/c/ClippersHQ_renders/outputs_paste_20260811_221024/_work/paste_DaGakktA_S4__20260811T201737Z/edit-2026-08-11.log	207	7fbe558def727ecc837ef6be791f4666a39d5ddb
/c/ClippersHQ_renders/outputs_paste_20260811_221024/_work/paste_DajhDiZs99M__20260811T202234Z/config_paste_DajhDiZs99M__20260811T202234Z.yaml	2954	805b8755b0684fc9186403198bd740266011dc39
/c/ClippersHQ_renders/outputs_paste_20260811_221024/_work/paste_DajhDiZs99M__20260811T202234Z/edit-2026-08-11.log	1635	18226ce09e5dd0e2a920719e849b0a45cf206df4
/c/ClippersHQ_renders/outputs_paste_20260811_221024/_work/paste_DazdiMZtceF__20260811T201812Z/config_paste_DazdiMZtceF__20260811T201812Z.yaml	2952	b472cccba4c03e226162f72171f4bdead92be4e5
/c/ClippersHQ_renders/outputs_paste_20260811_221024/_work/paste_DazdiMZtceF__20260811T201812Z/edit-2026-08-11.log	219	e093d4b1308b3b394d1a2d18ac265dab3bd02116
/c/ClippersHQ_renders/outputs_paste_20260811_221024/_work/paste_Db2nMXoPMQz__20260811T201325Z/config_paste_Db2nMXoPMQz__20260811T201325Z.yaml	2955	e1e6096d67d8d8a5ef29d49f2cf4119abcd2984b
/c/ClippersHQ_renders/outputs_paste_20260811_221024/_work/paste_Db2nMXoPMQz__20260811T201325Z/edit-2026-08-11.log	209	b3d74f96464501ec98e0cf9ce15516f2d45437b1
/c/ClippersHQ_renders/outputs_paste_20260811_221024/_work/paste_Db3dFs-vmtu__20260811T201246Z/_bl1226_mag.log	1499	fac3c8b5f7b39f4c6095bd69287ba24bf4dddac7
/c/ClippersHQ_renders/outputs_paste_20260811_221024/_work/paste_Db3dFs-vmtu__20260811T201246Z/config_paste_Db3dFs-vmtu__20260811T201246Z.yaml	2955	e4bdb7ed2363fb8eaef8493d2fbeb9c3c5d6b03d
/c/ClippersHQ_renders/outputs_paste_20260811_221024/_work/paste_Db3dFs-vmtu__20260811T201246Z/edit-2026-08-11.log	211	3c73b7e02ed5f5c8c423dc45b866cdb7c9934cc9
/c/ClippersHQ_renders/outputs_paste_20260811_221024/_work/paste_Dbfc3OLPECO__20260811T201656Z/config_paste_Dbfc3OLPECO__20260811T201656Z.yaml	2954	030d263b67a45a1cd4a5f98fb8737217c118430c
/c/ClippersHQ_renders/outputs_paste_20260811_221024/_work/paste_Dbfc3OLPECO__20260811T201656Z/edit-2026-08-11.log	211	ac6112342f97367dba748af615e4a7d7af03e979
/c/ClippersHQ_renders/outputs_paste_20260811_221024/_work/paste_Dblku9wSuTa__20260811T201515Z/config_paste_Dblku9wSuTa__20260811T201515Z.yaml	2915	bc46f6cbd3f85ac60733a7fac077c220efb88bdf
/c/ClippersHQ_renders/outputs_paste_20260811_221024/_work/paste_Dblku9wSuTa__20260811T201515Z/edit-2026-08-11.log	211	8036f583801c73600c491782c11573fcdfa8f126
/c/ClippersHQ_renders/outputs_paste_20260811_221024/_work/paste_Dbz9vxLAEid__20260811T201915Z/config_paste_Dbz9vxLAEid__20260811T201915Z.yaml	2955	fd5eec7467ce5f7b2e4e61167bfd196f54abf1ad
/c/ClippersHQ_renders/outputs_paste_20260811_221024/_work/paste_Dbz9vxLAEid__20260811T201915Z/edit-2026-08-11.log	219	bc3ed99d0ee019f0b84d4cf4eec3ce58ac9c4819
/c/ClippersHQ_renders/outputs_paste_20260812_115607/_batch.json	1081	83bbe35596306de5d2f3d9cffae4005726cea345
/c/ClippersHQ_renders/outputs_paste_20260812_115607/_work/paste_DVO9ZryDKCZ__20260811T201033Z/config_paste_DVO9ZryDKCZ__20260811T201033Z.yaml	2955	d497cd0a474f993d909cc81e8bad13a929c1e1d2
/c/ClippersHQ_renders/outputs_paste_20260812_115658/_batch.json	1135	ef1f9452de7ecff0639a29b0c38b1c2d1ecdebab
/c/ClippersHQ_renders/outputs_paste_20260812_115658/_work/paste_DVO9ZryDKCZ__20260811T201033Z/config_paste_DVO9ZryDKCZ__20260811T201033Z.yaml	2955	2d85a5b5936a9515e16a0e2b26eded58033ba9db
/c/ClippersHQ_renders/outputs_paste_20260812_115658/_work/paste_DVO9ZryDKCZ__20260811T201033Z/edit-2026-08-12.log	225	f5c9cc4b80738723081552e57e6f2d72bff9cee9
/c/ClippersHQ_renders/outputs_paste_20260812_115806/_batch.json	14802	14f0d20527cc8f35779f9e1f9ab285363c9242d9
/c/ClippersHQ_renders/outputs_paste_20260812_115806/_work/paste_DU2FhWojcYd__20260811T201543Z/config_paste_DU2FhWojcYd__20260811T201543Z.yaml	2954	6cf8bad64ebcfeb4345021ebdb59a1c5225bf50d
/c/ClippersHQ_renders/outputs_paste_20260812_115806/_work/paste_DU2FhWojcYd__20260811T201543Z/edit-2026-08-12.log	195	1b523f6293a21556713fae9919f4f5fad9775412
/c/ClippersHQ_renders/outputs_paste_20260812_115806/_work/paste_DVO9ZryDKCZ__20260811T201033Z/config_paste_DVO9ZryDKCZ__20260811T201033Z.yaml	2955	b84cf6839363a370d53403ae30644da1283e00b5
/c/ClippersHQ_renders/outputs_paste_20260812_115806/_work/paste_DVO9ZryDKCZ__20260811T201033Z/edit-2026-08-12.log	225	603c3808f2cf991fe425424fc25eb56a274a2c91
/c/ClippersHQ_renders/outputs_paste_20260812_115806/_work/paste_DVPApBmAoja__20260811T202156Z/config_paste_DVPApBmAoja__20260811T202156Z.yaml	2915	3cda2bb59876dbac4c9746d8236adddb0445fadd
/c/ClippersHQ_renders/outputs_paste_20260812_115806/_work/paste_DVPApBmAoja__20260811T202156Z/edit-2026-08-12.log	209	dd7adf7ab9c1cda0db65074df0c853236012b48f
/c/ClippersHQ_renders/outputs_paste_20260812_115806/_work/paste_DVQIcZFkxk-__20260811T201959Z/config_paste_DVQIcZFkxk-__20260811T201959Z.yaml	2955	63b51d20bbcfabda1f23f561d1153e87ef01813f
/c/ClippersHQ_renders/outputs_paste_20260812_115806/_work/paste_DVQIcZFkxk-__20260811T201959Z/edit-2026-08-12.log	207	94f05c4975559ddad2c9b7a6ba430f04880c11b4
/c/ClippersHQ_renders/outputs_paste_20260812_115806/_work/paste_DVg1HViDLYz__20260811T202118Z/config_paste_DVg1HViDLYz__20260811T202118Z.yaml	2955	ef152f8d6e60a9d2613196244f71d8e5af1d548a
/c/ClippersHQ_renders/outputs_paste_20260812_115806/_work/paste_DVg1HViDLYz__20260811T202118Z/edit-2026-08-12.log	225	f7964c3077019e2f5b45763cbc61320f0b7f2793
/c/ClippersHQ_renders/outputs_paste_20260812_115806/_work/paste_DWRNKdxjPIO__20260811T201220Z/config_paste_DWRNKdxjPIO__20260811T201220Z.yaml	2955	9604411b94f46011e965c87d03399f191dfaf8b6
/c/ClippersHQ_renders/outputs_paste_20260812_115806/_work/paste_DWRNKdxjPIO__20260811T201220Z/edit-2026-08-12.log	215	0721cfa9abe367754997e84bf13d149a2c034fb8
/c/ClippersHQ_renders/outputs_paste_20260812_115806/_work/paste_DXeQkziiFL7__20260811T201444Z/config_paste_DXeQkziiFL7__20260811T201444Z.yaml	2953	4f1673b75c364c1b00bd342617c6b1b33682d9b7
/c/ClippersHQ_renders/outputs_paste_20260812_115806/_work/paste_DXeQkziiFL7__20260811T201444Z/edit-2026-08-12.log	197	9ad6cebaef12a5439f6389fa8b086c0123154c8f
/c/ClippersHQ_renders/outputs_paste_20260812_115806/_work/paste_DYBTHfevjk5__20260811T201412Z/config_paste_DYBTHfevjk5__20260811T201412Z.yaml	2952	90c89908ab3ade673953671eab01a0011a0cf16c
/c/ClippersHQ_renders/outputs_paste_20260812_115806/_work/paste_DYBTHfevjk5__20260811T201412Z/edit-2026-08-12.log	209	4377a3c2273c5ef3006626564d2dc7093484b037
/c/ClippersHQ_renders/outputs_paste_20260812_115806/_work/paste_DYTPB_4pWpM__20260811T202300Z/config_paste_DYTPB_4pWpM__20260811T202300Z.yaml	2915	7863abecc16c23c42b9c573d8ef496d73a6af8e7
/c/ClippersHQ_renders/outputs_paste_20260812_115806/_work/paste_DYTPB_4pWpM__20260811T202300Z/edit-2026-08-12.log	211	cad5914e9f1016d381f0ef58f0d354d9eaa74d4c
/c/ClippersHQ_renders/outputs_paste_20260812_115806/_work/paste_DZIk3qyhSfX__20260811T201631Z/config_paste_DZIk3qyhSfX__20260811T201631Z.yaml	2953	4c51ec22297978e9189a5421cb8c4da569277caf
/c/ClippersHQ_renders/outputs_paste_20260812_115806/_work/paste_DZIk3qyhSfX__20260811T201631Z/edit-2026-08-12.log	201	8ee9fbd1496fb0368f11fc7036b42da175a4ed57
/c/ClippersHQ_renders/outputs_paste_20260812_115806/_work/paste_DaGakktA_S4__20260811T201737Z/config_paste_DaGakktA_S4__20260811T201737Z.yaml	2953	2befdb6cf302b0ca96192e9206ce60c991597ff3
/c/ClippersHQ_renders/outputs_paste_20260812_115806/_work/paste_DaGakktA_S4__20260811T201737Z/edit-2026-08-12.log	207	6300ab5a71147f708e3f28b7cf0b73e13344b839
/c/ClippersHQ_renders/outputs_paste_20260812_115806/_work/paste_DajhDiZs99M__20260811T202234Z/config_paste_DajhDiZs99M__20260811T202234Z.yaml	2954	c0245a6fc6fdf60768ddca483a12f64cdd4f2701
/c/ClippersHQ_renders/outputs_paste_20260812_115806/_work/paste_DajhDiZs99M__20260811T202234Z/edit-2026-08-12.log	201	36df6f9d14237138533e43493a3c3d1bd987bed0
/c/ClippersHQ_renders/outputs_paste_20260812_115806/_work/paste_DazdiMZtceF__20260811T201812Z/config_paste_DazdiMZtceF__20260811T201812Z.yaml	2952	9cb569d347553997a8d07c71ce0f33a65e418ba9
/c/ClippersHQ_renders/outputs_paste_20260812_115806/_work/paste_DazdiMZtceF__20260811T201812Z/edit-2026-08-12.log	219	168c8b15ed6fb5c60652bec966d7354e79f4edcf
/c/ClippersHQ_renders/outputs_paste_20260812_115806/_work/paste_Db2nMXoPMQz__20260811T201325Z/config_paste_Db2nMXoPMQz__20260811T201325Z.yaml	2955	5121ee78e642db246e5bf5d36cf6d3bf39d49d20
/c/ClippersHQ_renders/outputs_paste_20260812_115806/_work/paste_Db2nMXoPMQz__20260811T201325Z/edit-2026-08-12.log	209	5a84190a2a6e50abee28e560042d022360e424c3
/c/ClippersHQ_renders/outputs_paste_20260812_115806/_work/paste_Db3dFs-vmtu__20260811T201246Z/config_paste_Db3dFs-vmtu__20260811T201246Z.yaml	2955	f8f9e013c18752ca17f2ff21cba62b260b970c06
/c/ClippersHQ_renders/outputs_paste_20260812_115806/_work/paste_Db3dFs-vmtu__20260811T201246Z/edit-2026-08-12.log	211	f95adcf1b2afbeee8f17657f7a7cdad4c011097b
/c/ClippersHQ_renders/outputs_paste_20260812_115806/_work/paste_Dbfc3OLPECO__20260811T201656Z/config_paste_Dbfc3OLPECO__20260811T201656Z.yaml	2954	50a5684d42a7c6f8f0e684a70d2fa94e99062670
/c/ClippersHQ_renders/outputs_paste_20260812_115806/_work/paste_Dbfc3OLPECO__20260811T201656Z/edit-2026-08-12.log	211	b3970ff63e2c0fadd7a0e39a4d73fe527904ffd1
/c/ClippersHQ_renders/outputs_paste_20260812_115806/_work/paste_Dblku9wSuTa__20260811T201515Z/config_paste_Dblku9wSuTa__20260811T201515Z.yaml	2915	ecdf5242c74edad677292cbc3c86c6461ba45eb2
/c/ClippersHQ_renders/outputs_paste_20260812_115806/_work/paste_Dblku9wSuTa__20260811T201515Z/edit-2026-08-12.log	211	423efad76d41275e87117241d066d5b5f1bc354c
/c/ClippersHQ_renders/outputs_paste_20260812_115806/_work/paste_Dbz9vxLAEid__20260811T201915Z/config_paste_Dbz9vxLAEid__20260811T201915Z.yaml	2955	454839eb2fa9481f550dd3d49eb50cf1f421856c
/c/ClippersHQ_renders/outputs_paste_20260812_115806/_work/paste_Dbz9vxLAEid__20260811T201915Z/edit-2026-08-12.log	219	3a81de111dfb219bac52bbf3cc46efc830232382
/c/ClippersHQ_renders/outputs_paste_20260812_120757/README.md	4064	e436063567c3c40e4d061413d6672d490d286e2d
/c/ClippersHQ_renders/outputs_paste_20260812_120757/_batch.json	14796	5a0f45d70e7b8e868fc700b50ef1bb588dc1050b
/c/ClippersHQ_renders/outputs_paste_20260812_120757/_work/paste_DU2FhWojcYd__20260811T201543Z/config_paste_DU2FhWojcYd__20260811T201543Z.yaml	2954	19ab85eda39b8106b4b67e55d7137834cdc69606
/c/ClippersHQ_renders/outputs_paste_20260812_120757/_work/paste_DU2FhWojcYd__20260811T201543Z/edit-2026-08-12.log	195	02120a458e164398982cf874344413b729e402af
/c/ClippersHQ_renders/outputs_paste_20260812_120757/_work/paste_DVO9ZryDKCZ__20260811T201033Z/config_paste_DVO9ZryDKCZ__20260811T201033Z.yaml	2955	4b6cf6b1f98eb7513bc1ef9501065e091fdbf171
/c/ClippersHQ_renders/outputs_paste_20260812_120757/_work/paste_DVO9ZryDKCZ__20260811T201033Z/edit-2026-08-12.log	225	ba9db5916be118ddf5e4ffee3ed84e599b02ea34
/c/ClippersHQ_renders/outputs_paste_20260812_120757/_work/paste_DVPApBmAoja__20260811T202156Z/config_paste_DVPApBmAoja__20260811T202156Z.yaml	2915	ac3ea1061a458840240edad2fcf66427b0ea77ce
/c/ClippersHQ_renders/outputs_paste_20260812_120757/_work/paste_DVPApBmAoja__20260811T202156Z/edit-2026-08-12.log	209	51865b3033472034175298b3bb7dd59d84f768cf
/c/ClippersHQ_renders/outputs_paste_20260812_120757/_work/paste_DVQIcZFkxk-__20260811T201959Z/config_paste_DVQIcZFkxk-__20260811T201959Z.yaml	2955	3b220aa83be6ce36b3f07ef67395698d9bc03406
/c/ClippersHQ_renders/outputs_paste_20260812_120757/_work/paste_DVQIcZFkxk-__20260811T201959Z/edit-2026-08-12.log	207	61b3a8e7f9ee64c058d53f7bc21fe9a301d26ade
/c/ClippersHQ_renders/outputs_paste_20260812_120757/_work/paste_DVg1HViDLYz__20260811T202118Z/config_paste_DVg1HViDLYz__20260811T202118Z.yaml	2955	0f9a6151f0212ced72214d6122fd7330eafcd778
/c/ClippersHQ_renders/outputs_paste_20260812_120757/_work/paste_DVg1HViDLYz__20260811T202118Z/edit-2026-08-12.log	225	e6ed44cff51aee442b76d7f9ec15b1031be5c07b
/c/ClippersHQ_renders/outputs_paste_20260812_120757/_work/paste_DWRNKdxjPIO__20260811T201220Z/config_paste_DWRNKdxjPIO__20260811T201220Z.yaml	2955	1fb488783d544620069908231f48e2bf9afb4c61
/c/ClippersHQ_renders/outputs_paste_20260812_120757/_work/paste_DWRNKdxjPIO__20260811T201220Z/edit-2026-08-12.log	215	6287e97e3d674155bdf6e38ac0ef5270c3f1b8db
/c/ClippersHQ_renders/outputs_paste_20260812_120757/_work/paste_DXeQkziiFL7__20260811T201444Z/config_paste_DXeQkziiFL7__20260811T201444Z.yaml	2953	b3f1fc5ae8340c598fd37beaeda101cc0c242faa
/c/ClippersHQ_renders/outputs_paste_20260812_120757/_work/paste_DXeQkziiFL7__20260811T201444Z/edit-2026-08-12.log	197	aec4665e2732828c3c6054038feae2e490e8ad11
/c/ClippersHQ_renders/outputs_paste_20260812_120757/_work/paste_DYBTHfevjk5__20260811T201412Z/config_paste_DYBTHfevjk5__20260811T201412Z.yaml	2952	fed3d22a447a409b7e3ba26496c8da1a4688de33
/c/ClippersHQ_renders/outputs_paste_20260812_120757/_work/paste_DYBTHfevjk5__20260811T201412Z/edit-2026-08-12.log	209	e785c5ba19a933f323d5d40fa2d9d78e2edcbe58
/c/ClippersHQ_renders/outputs_paste_20260812_120757/_work/paste_DYTPB_4pWpM__20260811T202300Z/config_paste_DYTPB_4pWpM__20260811T202300Z.yaml	2915	3cf2148ca18c2eba100112f0816123fa85bbacb9
/c/ClippersHQ_renders/outputs_paste_20260812_120757/_work/paste_DYTPB_4pWpM__20260811T202300Z/edit-2026-08-12.log	211	6996a16aa10d4ea7650552b5c2a94d1badcef296
/c/ClippersHQ_renders/outputs_paste_20260812_120757/_work/paste_DZIk3qyhSfX__20260811T201631Z/config_paste_DZIk3qyhSfX__20260811T201631Z.yaml	2953	589f83eb804e8b3efe96052a01797c11681aabeb
/c/ClippersHQ_renders/outputs_paste_20260812_120757/_work/paste_DZIk3qyhSfX__20260811T201631Z/edit-2026-08-12.log	201	1c06f4a66657475e18e64a31d24b8bc1e2c96d56
/c/ClippersHQ_renders/outputs_paste_20260812_120757/_work/paste_DaGakktA_S4__20260811T201737Z/config_paste_DaGakktA_S4__20260811T201737Z.yaml	2953	337d342db0475b33aa3a986621140449d88326ff
/c/ClippersHQ_renders/outputs_paste_20260812_120757/_work/paste_DaGakktA_S4__20260811T201737Z/edit-2026-08-12.log	207	2dcff645c18ebc2ca7d7027dda6e67c099130000
/c/ClippersHQ_renders/outputs_paste_20260812_120757/_work/paste_DajhDiZs99M__20260811T202234Z/config_paste_DajhDiZs99M__20260811T202234Z.yaml	2954	aa746ea1ba933b0ab47674951f37ac91d00c577a
/c/ClippersHQ_renders/outputs_paste_20260812_120757/_work/paste_DajhDiZs99M__20260811T202234Z/edit-2026-08-12.log	201	37521e52d08b3de188812edeaba7e5b9e025456a
/c/ClippersHQ_renders/outputs_paste_20260812_120757/_work/paste_DazdiMZtceF__20260811T201812Z/config_paste_DazdiMZtceF__20260811T201812Z.yaml	2952	9da6c2d7ea15661a19c465358eead1fff794afba
/c/ClippersHQ_renders/outputs_paste_20260812_120757/_work/paste_DazdiMZtceF__20260811T201812Z/edit-2026-08-12.log	219	59a3ae0833b48fcc3a5852cbed5c19752c19d38c
/c/ClippersHQ_renders/outputs_paste_20260812_120757/_work/paste_Db2nMXoPMQz__20260811T201325Z/config_paste_Db2nMXoPMQz__20260811T201325Z.yaml	2955	62015cc993a8db6cb45b17255942bffcd46a6d62
/c/ClippersHQ_renders/outputs_paste_20260812_120757/_work/paste_Db2nMXoPMQz__20260811T201325Z/edit-2026-08-12.log	209	56f242a66123d2eefdc722bc3389cc4cc34a740c
/c/ClippersHQ_renders/outputs_paste_20260812_120757/_work/paste_Db3dFs-vmtu__20260811T201246Z/config_paste_Db3dFs-vmtu__20260811T201246Z.yaml	2955	4acfd152e5be9090ba335d9622183dd420e30dea
/c/ClippersHQ_renders/outputs_paste_20260812_120757/_work/paste_Db3dFs-vmtu__20260811T201246Z/edit-2026-08-12.log	211	11514a256fb4374afe95ab15cec67d47fab39cbb
/c/ClippersHQ_renders/outputs_paste_20260812_120757/_work/paste_Dbfc3OLPECO__20260811T201656Z/config_paste_Dbfc3OLPECO__20260811T201656Z.yaml	2954	195cf36809280939174de714ce4722037212cbc6
/c/ClippersHQ_renders/outputs_paste_20260812_120757/_work/paste_Dbfc3OLPECO__20260811T201656Z/edit-2026-08-12.log	211	d06f731380a9f9056fe2e03d09a29779b40854b9
/c/ClippersHQ_renders/outputs_paste_20260812_120757/_work/paste_Dblku9wSuTa__20260811T201515Z/config_paste_Dblku9wSuTa__20260811T201515Z.yaml	2915	5b6200b9022e1ec118d14829e817efa9566cb1e9
/c/ClippersHQ_renders/outputs_paste_20260812_120757/_work/paste_Dblku9wSuTa__20260811T201515Z/edit-2026-08-12.log	211	52c7349036d969b92046336f27c7ebfa96f5cb43
/c/ClippersHQ_renders/outputs_paste_20260812_120757/_work/paste_Dbz9vxLAEid__20260811T201915Z/config_paste_Dbz9vxLAEid__20260811T201915Z.yaml	2955	6df91470cf024895e9a6b9c06e17ac33aad0df22
/c/ClippersHQ_renders/outputs_paste_20260812_120757/_work/paste_Dbz9vxLAEid__20260811T201915Z/edit-2026-08-12.log	219	2d8e2a4eddfc680ff04abe6eec50507b22323b54
/c/ClippersHQ_renders/outputs_paste_20260812_141520/README.md	28667	b290132e690a1bf0f24f3f5d4aa26830abc663df
/c/ClippersHQ_renders/outputs_paste_20260812_141520/_batch.json	43772	6efd07e9cf29083ba3c6a73783d94ef2494cf6ae
/c/ClippersHQ_renders/outputs_paste_20260812_141520/_work/paste_DU2FhWojcYd__20260812T121947Z/config_paste_DU2FhWojcYd__20260812T121947Z.yaml	2954	b69057af75e2a94ab16ed3af95f74f0a5c8b03d1
/c/ClippersHQ_renders/outputs_paste_20260812_141520/_work/paste_DU2FhWojcYd__20260812T121947Z/edit-2026-08-12.log	195	1f9906c9fca1b5bc8b58c7453099f4a8a8aace5e
/c/ClippersHQ_renders/outputs_paste_20260812_141520/_work/paste_DVO9ZryDKCZ__20260812T121525Z/config_paste_DVO9ZryDKCZ__20260812T121525Z.yaml	2955	4649949217c7ed70a493f55a33474a6f0c73e011
/c/ClippersHQ_renders/outputs_paste_20260812_141520/_work/paste_DVO9ZryDKCZ__20260812T121525Z/edit-2026-08-12.log	225	e3dd558133a9c1a330a0916a1b9f84c50942669d
/c/ClippersHQ_renders/outputs_paste_20260812_141520/_work/paste_DVPApBmAoja__20260812T122358Z/config_paste_DVPApBmAoja__20260812T122358Z.yaml	2915	53d60157a8958d9611d451fb4c5e6780e5835263
/c/ClippersHQ_renders/outputs_paste_20260812_141520/_work/paste_DVPApBmAoja__20260812T122358Z/edit-2026-08-12.log	209	ca62d86624db3558af22b2b0be47cbdfde3ef9ae
/c/ClippersHQ_renders/outputs_paste_20260812_141520/_work/paste_DVQIcZFkxk-__20260812T122306Z/config_paste_DVQIcZFkxk-__20260812T122306Z.yaml	2955	a18639e342ee89fadb95683002fd147988f89bd2
/c/ClippersHQ_renders/outputs_paste_20260812_141520/_work/paste_DVQIcZFkxk-__20260812T122306Z/edit-2026-08-12.log	207	0c6201276be2bee447b0d35ab4105e9912088699
/c/ClippersHQ_renders/outputs_paste_20260812_141520/_work/paste_DVg1HViDLYz__20260812T122333Z/config_paste_DVg1HViDLYz__20260812T122333Z.yaml	2955	35fde1cc908769286a218f2c3ff20ff4e585fff7
/c/ClippersHQ_renders/outputs_paste_20260812_141520/_work/paste_DVg1HViDLYz__20260812T122333Z/edit-2026-08-12.log	225	6b3250be836ebecff0b14bc522dbd19c65935302
/c/ClippersHQ_renders/outputs_paste_20260812_141520/_work/paste_DWRNKdxjPIO__20260812T121700Z/config_paste_DWRNKdxjPIO__20260812T121700Z.yaml	2955	208feefa8af66d51c7d851ec4d321c692bd0fb04
/c/ClippersHQ_renders/outputs_paste_20260812_141520/_work/paste_DWRNKdxjPIO__20260812T121700Z/edit-2026-08-12.log	215	6eb1321f7ceb21d9c28cd36798f46cbe28d60e3b
/c/ClippersHQ_renders/outputs_paste_20260812_141520/_work/paste_DXeQkziiFL7__20260812T121858Z/config_paste_DXeQkziiFL7__20260812T121858Z.yaml	2953	dec5af34e6d1ea0e913c15feeb7dfa78072ae875
/c/ClippersHQ_renders/outputs_paste_20260812_141520/_work/paste_DXeQkziiFL7__20260812T121858Z/edit-2026-08-12.log	197	bf59679a07b4c7dec62181423762fec9c90d1061
/c/ClippersHQ_renders/outputs_paste_20260812_141520/_work/paste_DYBTHfevjk5__20260812T121822Z/config_paste_DYBTHfevjk5__20260812T121822Z.yaml	2952	511eeba7ee11d64ca3534e443b35df7f2db65996
/c/ClippersHQ_renders/outputs_paste_20260812_141520/_work/paste_DYBTHfevjk5__20260812T121822Z/edit-2026-08-12.log	209	f45c06d289e96b6e391e7c1c7d465d8584238cef
/c/ClippersHQ_renders/outputs_paste_20260812_141520/_work/paste_DYTPB_4pWpM__20260812T122502Z/config_paste_DYTPB_4pWpM__20260812T122502Z.yaml	2915	4114f7aa4e584c93604e70d136ab9728f8c06b50
/c/ClippersHQ_renders/outputs_paste_20260812_141520/_work/paste_DYTPB_4pWpM__20260812T122502Z/edit-2026-08-12.log	211	5b50dd93589324e6736bf1afcdf31beaa172ada5
/c/ClippersHQ_renders/outputs_paste_20260812_141520/_work/paste_DZIk3qyhSfX__20260812T122015Z/config_paste_DZIk3qyhSfX__20260812T122015Z.yaml	2953	8468a05b87e1e1e35b60b9f55a76380398d0a5f9
/c/ClippersHQ_renders/outputs_paste_20260812_141520/_work/paste_DZIk3qyhSfX__20260812T122015Z/edit-2026-08-12.log	201	e533bc0b05064ba9a07463a8f4bc0e496fb7c7c3
/c/ClippersHQ_renders/outputs_paste_20260812_141520/_work/paste_DaGakktA_S4__20260812T122130Z/config_paste_DaGakktA_S4__20260812T122130Z.yaml	2953	fad10a1b8d59603468862666f7eea667694a5d49
/c/ClippersHQ_renders/outputs_paste_20260812_141520/_work/paste_DaGakktA_S4__20260812T122130Z/edit-2026-08-12.log	207	e7a60611cacefe3b9402d2bd6fd3caa954c626e4
/c/ClippersHQ_renders/outputs_paste_20260812_141520/_work/paste_DajhDiZs99M__20260812T122432Z/config_paste_DajhDiZs99M__20260812T122432Z.yaml	2954	56ec5643ca499d4ae7a41e1a2e8ccf8dbcaad2bd
/c/ClippersHQ_renders/outputs_paste_20260812_141520/_work/paste_DajhDiZs99M__20260812T122432Z/edit-2026-08-12.log	201	14071a468b013689b07311c4c31cfc7532b7d8e1
/c/ClippersHQ_renders/outputs_paste_20260812_141520/_work/paste_DazdiMZtceF__20260812T122212Z/config_paste_DazdiMZtceF__20260812T122212Z.yaml	2952	4f1da7872806cd1ac7895d5aef74f575c93b23c9
/c/ClippersHQ_renders/outputs_paste_20260812_141520/_work/paste_DazdiMZtceF__20260812T122212Z/edit-2026-08-12.log	219	bdeea3bd7444dd2ec2c4325407eb1fd9dae3e3e2
/c/ClippersHQ_renders/outputs_paste_20260812_141520/_work/paste_Db2nMXoPMQz__20260812T121757Z/config_paste_Db2nMXoPMQz__20260812T121757Z.yaml	2955	26d62d33b31a80d84f8f9ec4c7fb031a02deb7b6
/c/ClippersHQ_renders/outputs_paste_20260812_141520/_work/paste_Db2nMXoPMQz__20260812T121757Z/edit-2026-08-12.log	209	c8c61e78318b4dfc071099a42d36f8723e539c1b
/c/ClippersHQ_renders/outputs_paste_20260812_141520/_work/paste_Db3dFs-vmtu__20260812T121720Z/config_paste_Db3dFs-vmtu__20260812T121720Z.yaml	2955	d0ed83cf0026992499f9275cb501a7cce6d0ac61
/c/ClippersHQ_renders/outputs_paste_20260812_141520/_work/paste_Db3dFs-vmtu__20260812T121720Z/edit-2026-08-12.log	211	363f89fbab96b16ce9c5700ad0d59e493d13fec4
/c/ClippersHQ_renders/outputs_paste_20260812_141520/_work/paste_Dbfc3OLPECO__20260812T122052Z/config_paste_Dbfc3OLPECO__20260812T122052Z.yaml	2954	c5c73d92e9d53fd723a1dbc0f83aa5348daa8340
/c/ClippersHQ_renders/outputs_paste_20260812_141520/_work/paste_Dbfc3OLPECO__20260812T122052Z/edit-2026-08-12.log	211	c8096f376ddfc112a72279b5c6572cd6cd9bc7e4
/c/ClippersHQ_renders/outputs_paste_20260812_141520/_work/paste_Dblku9wSuTa__20260812T121926Z/config_paste_Dblku9wSuTa__20260812T121926Z.yaml	2915	ecaca9fb1081f69b88a3b8db468eddbf7fda54f1
/c/ClippersHQ_renders/outputs_paste_20260812_141520/_work/paste_Dblku9wSuTa__20260812T121926Z/edit-2026-08-12.log	211	9f512da4eaa40dd57b28579135e78fa84dd25660
/c/ClippersHQ_renders/outputs_paste_20260812_141520/_work/paste_Dbz9vxLAEid__20260812T122241Z/config_paste_Dbz9vxLAEid__20260812T122241Z.yaml	2955	991d97ffb4b99d7ce1a4cfd2cc55a1169319ce19
/c/ClippersHQ_renders/outputs_paste_20260812_141520/_work/paste_Dbz9vxLAEid__20260812T122241Z/edit-2026-08-12.log	219	47e82ca5ba3484830aa350fee79f5cc7fa8eec80
/c/ClippersHQ_renders/outputs_paste_20260812_154819/README.md	30847	38b2c76b63a5b126793866273d4aaef0dd8c9c29
/c/ClippersHQ_renders/outputs_paste_20260812_154819/_batch.json	52511	1a142c3de1eb0e0752f82e1c1323040057f3f8f5
/c/ClippersHQ_renders/outputs_paste_20260812_154819/_work/paste_DU2FhWojcYd__20260812T141912Z/config_paste_DU2FhWojcYd__20260812T141912Z.yaml	2915	f37eac2d38f1ef5aa1dbd937865f9e911e8247ff
/c/ClippersHQ_renders/outputs_paste_20260812_154819/_work/paste_DU2FhWojcYd__20260812T141912Z/edit-2026-08-12.log	195	7f268416b224a3e15073d9f84ea673015fcf3bd0
/c/ClippersHQ_renders/outputs_paste_20260812_154819/_work/paste_DVO9ZryDKCZ__20260812T134901Z/config_paste_DVO9ZryDKCZ__20260812T134901Z.yaml	2915	e601f3a58a50748fda9fc72b0dfea9ecbf324474
/c/ClippersHQ_renders/outputs_paste_20260812_154819/_work/paste_DVO9ZryDKCZ__20260812T134901Z/edit-2026-08-12.log	225	1e84dfa74a560c495cbe05ac6638cda1b32ef551
/c/ClippersHQ_renders/outputs_paste_20260812_154819/_work/paste_DVQIcZFkxk-__20260812T143704Z/config_paste_DVQIcZFkxk-__20260812T143704Z.yaml	2915	baec5db209d862e61e44aa775475907f5b23e7bb
/c/ClippersHQ_renders/outputs_paste_20260812_154819/_work/paste_DVQIcZFkxk-__20260812T143704Z/edit-2026-08-12.log	207	1242c86548f0f60d0a7171762d4e628b5d9a1ef2
/c/ClippersHQ_renders/outputs_paste_20260812_154819/_work/paste_DWRNKdxjPIO__20260812T135531Z/config_paste_DWRNKdxjPIO__20260812T135531Z.yaml	2915	6bb3006a788ae0b7a6240743bd180e2cff052476
/c/ClippersHQ_renders/outputs_paste_20260812_154819/_work/paste_DWRNKdxjPIO__20260812T135531Z/edit-2026-08-12.log	215	5de4942634d9f353bab66bce21c77e62c6c97403
/c/ClippersHQ_renders/outputs_paste_20260812_154819/_work/paste_DXeQkziiFL7__20260812T141155Z/config_paste_DXeQkziiFL7__20260812T141155Z.yaml	2913	64e4c5421ef2fdc3e3edbe9e80f14f61abc4298d
/c/ClippersHQ_renders/outputs_paste_20260812_154819/_work/paste_DXeQkziiFL7__20260812T141155Z/edit-2026-08-12.log	197	a8ea3bcc882ed46fb56fb1fa181397a1dbb97b8b
/c/ClippersHQ_renders/outputs_paste_20260812_154819/_work/paste_DYBTHfevjk5__20260812T140541Z/config_paste_DYBTHfevjk5__20260812T140541Z.yaml	2912	147ea38aadba7d7a1dba481205c4fdc8fcb42c57
/c/ClippersHQ_renders/outputs_paste_20260812_154819/_work/paste_DYBTHfevjk5__20260812T140541Z/edit-2026-08-12.log	209	0b0a9fc3e16398ab979506f427abe2708b4ea465
/c/ClippersHQ_renders/outputs_paste_20260812_154819/_work/paste_DZIk3qyhSfX__20260812T142155Z/config_paste_DZIk3qyhSfX__20260812T142155Z.yaml	2913	594ba22f3b00c635324c5a92a2304b472614a6a8
/c/ClippersHQ_renders/outputs_paste_20260812_154819/_work/paste_DZIk3qyhSfX__20260812T142155Z/edit-2026-08-12.log	201	89a33e40761ed136acd250b43d5a0fbdbec13d3e
/c/ClippersHQ_renders/outputs_paste_20260812_154819/_work/paste_DaGakktA_S4__20260812T142959Z/config_paste_DaGakktA_S4__20260812T142959Z.yaml	2913	36c225a1c22b0756dd196327327a733edf36747f
/c/ClippersHQ_renders/outputs_paste_20260812_154819/_work/paste_DaGakktA_S4__20260812T142959Z/edit-2026-08-12.log	207	430a546e74ddd38c3cc6d66719f8e025f1ecf963
/c/ClippersHQ_renders/outputs_paste_20260812_154819/_work/paste_DazdiMZtceF__20260812T143240Z/config_paste_DazdiMZtceF__20260812T143240Z.yaml	2913	5701f48180c3c95c694983240ed3c9dacecc0434
/c/ClippersHQ_renders/outputs_paste_20260812_154819/_work/paste_DazdiMZtceF__20260812T143240Z/edit-2026-08-12.log	219	de09786c1586e0fe4266f96f2ae4856a160976b3
/c/ClippersHQ_renders/outputs_paste_20260812_154819/_work/paste_Db3dFs-vmtu__20260812T140034Z/config_paste_Db3dFs-vmtu__20260812T140034Z.yaml	2915	f2c2ee440ba3e590eaea27577d1c68f1d199662c
/c/ClippersHQ_renders/outputs_paste_20260812_154819/_work/paste_Db3dFs-vmtu__20260812T140034Z/edit-2026-08-12.log	211	b8c9985d9ef70e20ffedde467d4aa7cb57debecc
/c/ClippersHQ_renders/outputs_paste_20260812_154819/_work/paste_Dbfc3OLPECO__20260812T142554Z/config_paste_Dbfc3OLPECO__20260812T142554Z.yaml	2915	4217157b45f48a073d18523c1491ab40e8bc497e
/c/ClippersHQ_renders/outputs_paste_20260812_154819/_work/paste_Dbfc3OLPECO__20260812T142554Z/edit-2026-08-12.log	211	60ad6a13a037b8e573d1ab441bc0a93a5f342f80
/c/ClippersHQ_renders/outputs_paste_20260812_154819/_work/paste_Dblku9wSuTa__20260812T141623Z/config_paste_Dblku9wSuTa__20260812T141623Z.yaml	2915	06889a0a0ed94274efc4fa5173ad8fc079468017
/c/ClippersHQ_renders/outputs_paste_20260812_154819/_work/paste_Dblku9wSuTa__20260812T141623Z/edit-2026-08-12.log	211	45c91d573175f381e5a752c9def8dbdbbddbc21b
/c/ClippersHQ_renders/outputs_paste_20260812_154819/_work/paste_Dbz9vxLAEid__20260812T143524Z/config_paste_Dbz9vxLAEid__20260812T143524Z.yaml	2915	c9068ebecab97f821e1130a4cfb64c6e9839f642
/c/ClippersHQ_renders/outputs_paste_20260812_154819/_work/paste_Dbz9vxLAEid__20260812T143524Z/edit-2026-08-12.log	219	27e63beb62d0cdcfee3c5824474d11e90d51565f
/c/ClippersHQ_renders/outputs_paste_20260812_164104/README.md	5939	44860a94d564e211f3596636d82d3dfb67ec0127
/c/ClippersHQ_renders/outputs_paste_20260812_164104/_batch.json	9200	84eb586a54eae801f4c76a4b31344b8e2a2b3abe
/c/ClippersHQ_renders/outputs_paste_20260812_164104/_work/paste_DVPApBmAoja__20260812T144359Z/config_paste_DVPApBmAoja__20260812T144359Z.yaml	2915	31eab98914d4368887c780f230b43eee237010a6
/c/ClippersHQ_renders/outputs_paste_20260812_164104/_work/paste_DVPApBmAoja__20260812T144359Z/edit-2026-08-12.log	209	721b19a427b77af36d401d34c9ed1dde9916a3c3
/c/ClippersHQ_renders/outputs_paste_20260812_164104/_work/paste_DVQIcZFkxk-__20260812T144114Z/config_paste_DVQIcZFkxk-__20260812T144114Z.yaml	2915	a0e5c3cf2d4aa617283410ee8f979b1635db8850
/c/ClippersHQ_renders/outputs_paste_20260812_164104/_work/paste_DVQIcZFkxk-__20260812T144114Z/edit-2026-08-12.log	207	ba0fdc3bb5d6f896b4af46511490cbd2cdac4f3c
/c/ClippersHQ_renders/outputs_paste_20260812_164104/_work/paste_DVg1HViDLYz__20260812T144238Z/config_paste_DVg1HViDLYz__20260812T144238Z.yaml	2915	16f8f3e0960c1b70f3281870a135090d2def6391
/c/ClippersHQ_renders/outputs_paste_20260812_164104/_work/paste_DVg1HViDLYz__20260812T144238Z/edit-2026-08-12.log	225	274cd5168deeebb5d1ffcc510bed3260e57ae132
/c/ClippersHQ_renders/outputs_paste_20260812_164435/README.md	4180	db62f6ff6468744a314a4e536c16478ce1d4a9fc
/c/ClippersHQ_renders/outputs_paste_20260812_164435/_batch.json	6775	19710b3dd324e9dc1cec5ddb7e16a763c978619a
/c/ClippersHQ_renders/outputs_paste_20260812_164435/_work/paste_DYTPB_4pWpM__20260812T144535Z/config_paste_DYTPB_4pWpM__20260812T144535Z.yaml	2915	acde26569d007b5a7f1e8831a5703ce49cb82b93
/c/ClippersHQ_renders/outputs_paste_20260812_164435/_work/paste_DYTPB_4pWpM__20260812T144535Z/edit-2026-08-12.log	211	f89eba236b41b12b6d63e626bdcacbffd7859920
/c/ClippersHQ_renders/outputs_paste_20260812_164435/_work/paste_DajhDiZs99M__20260812T144443Z/config_paste_DajhDiZs99M__20260812T144443Z.yaml	2915	c78191075faeb47c871ff21653b07ecdcbcabe54
/c/ClippersHQ_renders/outputs_paste_20260812_164435/_work/paste_DajhDiZs99M__20260812T144443Z/edit-2026-08-12.log	201	9a26d0947d5bf250749451d45993effc90d6b70c
/c/ClippersHQ_renders/outputs_paste_20260812_164827/README.md	6728	2b0d61189af5534cb66bfff192aa118cf60d2f6a
/c/ClippersHQ_renders/outputs_paste_20260812_164827/_batch.json	11240	a308fb21dd7637786c86af380a3292b46d8389d0
/c/ClippersHQ_renders/outputs_paste_20260812_164827/_work/paste_DVO9ZryDKCZ__20260812T144834Z/config_paste_DVO9ZryDKCZ__20260812T144834Z.yaml	2917	486df25b6674def154e26ab1e318a0ba18cd4b92
/c/ClippersHQ_renders/outputs_paste_20260812_164827/_work/paste_DVO9ZryDKCZ__20260812T144834Z/edit-2026-08-12.log	225	e6ea38123c5625979d80301c649c7394319d80c9
/c/ClippersHQ_renders/outputs_paste_20260812_164827/_work/paste_DXeQkziiFL7__20260812T144934Z/config_paste_DXeQkziiFL7__20260812T144934Z.yaml	2917	70cdf018dc67f031ed753d8a1533e84382937ce7
/c/ClippersHQ_renders/outputs_paste_20260812_164827/_work/paste_DXeQkziiFL7__20260812T144934Z/edit-2026-08-12.log	197	0df390f5f0545fa813e73bd32ddb225a40c8b576
/c/ClippersHQ_renders/outputs_paste_20260812_164827/_work/paste_Dblku9wSuTa__20260812T145000Z/config_paste_Dblku9wSuTa__20260812T145000Z.yaml	2917	a60b21bbf00b58883e22c9db7ca6fc8387d4e879
/c/ClippersHQ_renders/outputs_paste_20260812_164827/_work/paste_Dblku9wSuTa__20260812T145000Z/edit-2026-08-12.log	211	4fa363ee8a660674f1cf343d673a62a4e3ff63a5
/c/ClippersHQ_renders/outputs_paste_20260812_170819/README.md	29944	5ebee5d1bd4f5188ab9ccc5f759b6872730f03d6
/c/ClippersHQ_renders/outputs_paste_20260812_170819/_batch.json	50520	0534991444b9fb52a80621b67f120728c07f3086
/c/ClippersHQ_renders/outputs_paste_20260812_170819/_work/paste_DU2FhWojcYd__20260812T151639Z/config_paste_DU2FhWojcYd__20260812T151639Z.yaml	2915	c46d191e4560ae0bbfc3c585719bb2b201bfc627
/c/ClippersHQ_renders/outputs_paste_20260812_170819/_work/paste_DU2FhWojcYd__20260812T151639Z/edit-2026-08-12.log	195	a2e872b141288e7f0bfe1f7f1a4fdef0313d42ec
/c/ClippersHQ_renders/outputs_paste_20260812_170819/_work/paste_DVO9ZryDKCZ__20260812T150826Z/config_paste_DVO9ZryDKCZ__20260812T150826Z.yaml	2915	2f7b93c1580561b45e3718489062a7fd097aaf54
/c/ClippersHQ_renders/outputs_paste_20260812_170819/_work/paste_DVO9ZryDKCZ__20260812T150826Z/edit-2026-08-12.log	225	4a7aae5371563eb835e0b30d4a177a13e8ae6d51
/c/ClippersHQ_renders/outputs_paste_20260812_170819/_work/paste_DVPApBmAoja__20260812T152401Z/config_paste_DVPApBmAoja__20260812T152401Z.yaml	2915	0e4ac95674ac82ebb6275bef350f43f0a6328dab
/c/ClippersHQ_renders/outputs_paste_20260812_170819/_work/paste_DVPApBmAoja__20260812T152401Z/edit-2026-08-12.log	209	e809aab454b2bab39749fcd43a123c35c038d1f8
/c/ClippersHQ_renders/outputs_paste_20260812_170819/_work/paste_DVQIcZFkxk-__20260812T152236Z/config_paste_DVQIcZFkxk-__20260812T152236Z.yaml	2915	da3dc2046db76fbe2576dfa94b493d619a9b7f15
/c/ClippersHQ_renders/outputs_paste_20260812_170819/_work/paste_DVQIcZFkxk-__20260812T152236Z/edit-2026-08-12.log	207	baab49738320d75ec5fb2cfac1f8784d6e5f2133
/c/ClippersHQ_renders/outputs_paste_20260812_170819/_work/paste_DVg1HViDLYz__20260812T152321Z/config_paste_DVg1HViDLYz__20260812T152321Z.yaml	2915	3b2b032e02c2c16ce8bce2de2619a65efe5c88d8
/c/ClippersHQ_renders/outputs_paste_20260812_170819/_work/paste_DVg1HViDLYz__20260812T152321Z/edit-2026-08-12.log	225	6f631541127c6fc3e17bbb3ed5206905dbeee841
/c/ClippersHQ_renders/outputs_paste_20260812_170819/_work/paste_DWRNKdxjPIO__20260812T151055Z/config_paste_DWRNKdxjPIO__20260812T151055Z.yaml	2915	b03b231fc50840db1654b9ec493eb6ec4464c936
/c/ClippersHQ_renders/outputs_paste_20260812_170819/_work/paste_DWRNKdxjPIO__20260812T151055Z/edit-2026-08-12.log	215	eaecb5476e32ba26e0493f62b537d65d2590affa
/c/ClippersHQ_renders/outputs_paste_20260812_170819/_work/paste_DXeQkziiFL7__20260812T151428Z/config_paste_DXeQkziiFL7__20260812T151428Z.yaml	2913	4f400e97844eda42288dc1f89baee7e02b75d6dc
/c/ClippersHQ_renders/outputs_paste_20260812_170819/_work/paste_DXeQkziiFL7__20260812T151428Z/edit-2026-08-12.log	197	2ae3cee55ee8ff3cb740df2ab1dfe6675a39cedb
/c/ClippersHQ_renders/outputs_paste_20260812_170819/_work/paste_DYBTHfevjk5__20260812T151328Z/config_paste_DYBTHfevjk5__20260812T151328Z.yaml	2912	863d48ec695723bad1565a973be1d7af022dba47
/c/ClippersHQ_renders/outputs_paste_20260812_170819/_work/paste_DYBTHfevjk5__20260812T151328Z/edit-2026-08-12.log	209	afa806ea9e5d878e0b55f6bcc32af5d15cc790fa
/c/ClippersHQ_renders/outputs_paste_20260812_170819/_work/paste_DYTPB_4pWpM__20260812T152454Z/config_paste_DYTPB_4pWpM__20260812T152454Z.yaml	2915	998bc2c37fcd7e16b3dbf754fa5c27e1aa0fc920
/c/ClippersHQ_renders/outputs_paste_20260812_170819/_work/paste_DYTPB_4pWpM__20260812T152454Z/edit-2026-08-12.log	211	d9a5d8f28935d046bac70a98201c0521aa969e88
/c/ClippersHQ_renders/outputs_paste_20260812_170819/_work/paste_DZIk3qyhSfX__20260812T151719Z/config_paste_DZIk3qyhSfX__20260812T151719Z.yaml	2913	62bfccdf595137317e70ef301183aa7a4afbb52d
/c/ClippersHQ_renders/outputs_paste_20260812_170819/_work/paste_DZIk3qyhSfX__20260812T151719Z/edit-2026-08-12.log	201	bfaf85995853cf29748b3d20461aa2ae5fe81568
/c/ClippersHQ_renders/outputs_paste_20260812_170819/_work/paste_DaGakktA_S4__20260812T151917Z/config_paste_DaGakktA_S4__20260812T151917Z.yaml	2913	0ed4675b3cbfb8e70d5b2a105b9a6b346a8b31d8
/c/ClippersHQ_renders/outputs_paste_20260812_170819/_work/paste_DaGakktA_S4__20260812T151917Z/edit-2026-08-12.log	207	000c0eb63f82782e4e9fa77ff2a71c39ffc55166
/c/ClippersHQ_renders/outputs_paste_20260812_170819/_work/paste_DajhDiZs99M__20260812T152424Z/config_paste_DajhDiZs99M__20260812T152424Z.yaml	2915	ec14199f8fb67b296b6dd303489c64dc1017b3c2
/c/ClippersHQ_renders/outputs_paste_20260812_170819/_work/paste_DajhDiZs99M__20260812T152424Z/edit-2026-08-12.log	201	85a8cf4c06f53d91d6bcf637f89c3cd0e4c213a4
/c/ClippersHQ_renders/outputs_paste_20260812_170819/_work/paste_DazdiMZtceF__20260812T152040Z/config_paste_DazdiMZtceF__20260812T152040Z.yaml	2913	eb7d4581aed241455e784cc5b11f93aa4f7088f6
/c/ClippersHQ_renders/outputs_paste_20260812_170819/_work/paste_DazdiMZtceF__20260812T152040Z/edit-2026-08-12.log	219	498c519f8ec4be8643863e7dc8f4fb4b3d7f11ba
/c/ClippersHQ_renders/outputs_paste_20260812_170819/_work/paste_Db2nMXoPMQz__20260812T151211Z/config_paste_Db2nMXoPMQz__20260812T151211Z.yaml	2915	9ba865c51cdd49bd9f3ada9994867f331245d4a4
/c/ClippersHQ_renders/outputs_paste_20260812_170819/_work/paste_Db2nMXoPMQz__20260812T151211Z/edit-2026-08-12.log	209	f01404bcc623549fab12dbb4b640c1fc0c1361af
/c/ClippersHQ_renders/outputs_paste_20260812_170819/_work/paste_Dbfc3OLPECO__20260812T151814Z/config_paste_Dbfc3OLPECO__20260812T151814Z.yaml	2915	1fbbf7b125476e01dbffdabb98b09848bb64ea62
/c/ClippersHQ_renders/outputs_paste_20260812_170819/_work/paste_Dbfc3OLPECO__20260812T151814Z/edit-2026-08-12.log	211	e73390beec78aa771ab8923c7f2118b5172f2fd4
/c/ClippersHQ_renders/outputs_paste_20260812_170819/_work/paste_Dblku9wSuTa__20260812T151533Z/config_paste_Dblku9wSuTa__20260812T151533Z.yaml	2915	e9a0bcf3617c5d08610ace325b9ab59643cbed7c
/c/ClippersHQ_renders/outputs_paste_20260812_170819/_work/paste_Dblku9wSuTa__20260812T151533Z/edit-2026-08-12.log	211	d43db38cfc0879426dfea45b149d0e1b717ead66
/c/ClippersHQ_renders/outputs_paste_20260812_170819/_work/paste_Dbz9vxLAEid__20260812T152158Z/config_paste_Dbz9vxLAEid__20260812T152158Z.yaml	2915	ee87a0eb7f130c8f7d8830b1bf99a37d48595923
/c/ClippersHQ_renders/outputs_paste_20260812_170819/_work/paste_Dbz9vxLAEid__20260812T152158Z/edit-2026-08-12.log	219	dceaeb4be8253c09611cc8dad2efccc0cba18608
/c/ClippersHQ_renders/outputs_paste_20260812_211716/_batch.json	14226	4d8a5facdbb43d63b41336f172f6feed6c38ae64
/c/ClippersHQ_renders/outputs_paste_20260812_211716/_work/paste_DU2FhWojcYd__20260812T151639Z/config_paste_DU2FhWojcYd__20260812T151639Z.yaml	2915	b0522ff04a96d6bbe86b5ab93129abbe35232067
/c/ClippersHQ_renders/outputs_paste_20260812_211716/_work/paste_DU2FhWojcYd__20260812T151639Z/edit-2026-08-12.log	195	1f34b049d79c0bdee48bab59891f327748fb57e9
/c/ClippersHQ_renders/outputs_paste_20260812_211716/_work/paste_DVO9ZryDKCZ__20260812T150826Z/config_paste_DVO9ZryDKCZ__20260812T150826Z.yaml	2915	d20725e64faf4550bb9d9ca14f4af6ea559664b4
/c/ClippersHQ_renders/outputs_paste_20260812_211716/_work/paste_DVO9ZryDKCZ__20260812T150826Z/edit-2026-08-12.log	225	049e772addecb6b75858a0a07e6f2a9e9b7c9f9a
/c/ClippersHQ_renders/outputs_paste_20260812_211716/_work/paste_DVPApBmAoja__20260812T152401Z/config_paste_DVPApBmAoja__20260812T152401Z.yaml	2915	9c769e6874e183902b187f4f7160a663f4ae83f9
/c/ClippersHQ_renders/outputs_paste_20260812_211716/_work/paste_DVPApBmAoja__20260812T152401Z/edit-2026-08-12.log	209	ea22c974f000ee0d3d9904a9b0ce5a66bb6f0127
/c/ClippersHQ_renders/outputs_paste_20260812_211716/_work/paste_DVQIcZFkxk-__20260812T152236Z/config_paste_DVQIcZFkxk-__20260812T152236Z.yaml	2915	f7e1f84940806ed83a5f884da67046c79e07f6ed
/c/ClippersHQ_renders/outputs_paste_20260812_211716/_work/paste_DVQIcZFkxk-__20260812T152236Z/edit-2026-08-12.log	207	7d598abfe79ca0bdcbfdd60b5eca43b068a81ffa
/c/ClippersHQ_renders/outputs_paste_20260812_211716/_work/paste_DVg1HViDLYz__20260812T152321Z/config_paste_DVg1HViDLYz__20260812T152321Z.yaml	2915	1c9fb703075cf6b595def5c32a7331b1cad54bca
/c/ClippersHQ_renders/outputs_paste_20260812_211716/_work/paste_DVg1HViDLYz__20260812T152321Z/edit-2026-08-12.log	225	e9016d03ba002faf9eb3a51e18e8683cb23656a9
/c/ClippersHQ_renders/outputs_paste_20260812_211716/_work/paste_DWRNKdxjPIO__20260812T151055Z/config_paste_DWRNKdxjPIO__20260812T151055Z.yaml	2915	90757bafe5a234689b79bafd95dc91aa23517915
/c/ClippersHQ_renders/outputs_paste_20260812_211716/_work/paste_DWRNKdxjPIO__20260812T151055Z/edit-2026-08-12.log	215	7559e27aad13d40b423e61f4298a7f2d0ee2bf67
/c/ClippersHQ_renders/outputs_paste_20260812_211716/_work/paste_DXeQkziiFL7__20260812T151428Z/config_paste_DXeQkziiFL7__20260812T151428Z.yaml	2913	97c6a9aab09e9b47f05a6bee9a17fd20b2bcaeae
/c/ClippersHQ_renders/outputs_paste_20260812_211716/_work/paste_DXeQkziiFL7__20260812T151428Z/edit-2026-08-12.log	197	b18f278cda350d4912b4c502df66a802e1caa051
/c/ClippersHQ_renders/outputs_paste_20260812_211716/_work/paste_DYBTHfevjk5__20260812T151328Z/config_paste_DYBTHfevjk5__20260812T151328Z.yaml	2912	caca8eb6850b1bb15a66f074d4acaaf6602318bd
/c/ClippersHQ_renders/outputs_paste_20260812_211716/_work/paste_DYBTHfevjk5__20260812T151328Z/edit-2026-08-12.log	209	31e889c2fe56f183efd7af1971e4c4fe71f78fcb
/c/ClippersHQ_renders/outputs_paste_20260812_211716/_work/paste_DYTPB_4pWpM__20260812T152454Z/config_paste_DYTPB_4pWpM__20260812T152454Z.yaml	2915	f966fda15c0dff1b156724ca99c34f799ec556a6
/c/ClippersHQ_renders/outputs_paste_20260812_211716/_work/paste_DYTPB_4pWpM__20260812T152454Z/edit-2026-08-12.log	211	63834c74da5b6da9aa69a6b2a596caca9cb06fba
/c/ClippersHQ_renders/outputs_paste_20260812_211716/_work/paste_DZIk3qyhSfX__20260812T151719Z/config_paste_DZIk3qyhSfX__20260812T151719Z.yaml	2913	8ae1697676781285d7a087b36e8822ddbff1f5f4
/c/ClippersHQ_renders/outputs_paste_20260812_211716/_work/paste_DZIk3qyhSfX__20260812T151719Z/edit-2026-08-12.log	201	b7e2fd16cbeae30a408dc624cbf71ced3d2913e3
/c/ClippersHQ_renders/outputs_paste_20260812_211716/_work/paste_DaGakktA_S4__20260812T151917Z/config_paste_DaGakktA_S4__20260812T151917Z.yaml	2913	3a65ffe69127103928fff7c2afab397cba089449
/c/ClippersHQ_renders/outputs_paste_20260812_211716/_work/paste_DaGakktA_S4__20260812T151917Z/edit-2026-08-12.log	207	874cb22320f1f4711231a34aef14b565413bb9e1
/c/ClippersHQ_renders/outputs_paste_20260812_211716/_work/paste_DajhDiZs99M__20260812T152424Z/config_paste_DajhDiZs99M__20260812T152424Z.yaml	2915	cc059fd2bc27119bcf1ca9cee818de1c40921ac8
/c/ClippersHQ_renders/outputs_paste_20260812_211716/_work/paste_DajhDiZs99M__20260812T152424Z/edit-2026-08-12.log	201	4e16798d388da61604ba35185324c664b1eeaecc
/c/ClippersHQ_renders/outputs_paste_20260812_211716/_work/paste_DazdiMZtceF__20260812T152040Z/config_paste_DazdiMZtceF__20260812T152040Z.yaml	2913	13e0f5915054c64b36100ac2b05067bf51a2ff58
/c/ClippersHQ_renders/outputs_paste_20260812_211716/_work/paste_DazdiMZtceF__20260812T152040Z/edit-2026-08-12.log	219	06c5b95f3344659d2cde593d1f6082265a21fac0
/c/ClippersHQ_renders/outputs_paste_20260812_211716/_work/paste_Db2nMXoPMQz__20260812T151211Z/config_paste_Db2nMXoPMQz__20260812T151211Z.yaml	2915	598be037dfa9082b0c72af40920ff3f5347e62a0
/c/ClippersHQ_renders/outputs_paste_20260812_211716/_work/paste_Db2nMXoPMQz__20260812T151211Z/edit-2026-08-12.log	209	41d88ba01ea45910846c55a9369378c3789e0d23
/c/ClippersHQ_renders/outputs_paste_20260812_211716/_work/paste_Dbfc3OLPECO__20260812T151814Z/config_paste_Dbfc3OLPECO__20260812T151814Z.yaml	2915	dad91f82c07da847ed0048b406125d64ffe48881
/c/ClippersHQ_renders/outputs_paste_20260812_211716/_work/paste_Dbfc3OLPECO__20260812T151814Z/edit-2026-08-12.log	211	4882ac5d5bb66ef11474392969100a0ee3e1f5fd
/c/ClippersHQ_renders/outputs_paste_20260812_211716/_work/paste_Dblku9wSuTa__20260812T151533Z/config_paste_Dblku9wSuTa__20260812T151533Z.yaml	2915	8be08095fd1ba8d81fd49fd0b483fa5f1fabd309
/c/ClippersHQ_renders/outputs_paste_20260812_211716/_work/paste_Dblku9wSuTa__20260812T151533Z/edit-2026-08-12.log	211	19d72c5070f07b4c07b1ed2129b5745a32b4a643
/c/ClippersHQ_renders/outputs_paste_20260812_211716/_work/paste_Dbz9vxLAEid__20260812T152158Z/config_paste_Dbz9vxLAEid__20260812T152158Z.yaml	2915	3352ac74280af8d278321bc1f62537ce6feeb24a
/c/ClippersHQ_renders/outputs_paste_20260812_211716/_work/paste_Dbz9vxLAEid__20260812T152158Z/edit-2026-08-12.log	219	81217772560cbc33a6e26d1411f85ba7237c4f04
/c/ClippersHQ_renders/outputs_paste_20260813_171405/README.md	22600	ebdff234f8139c34452e8a7c5296dc54299f0517
/c/ClippersHQ_renders/outputs_paste_20260813_171405/_batch.json	37415	5f30af6898f8549d403c3b3338b9d15c5baf998f
/c/ClippersHQ_renders/outputs_paste_20260813_171405/_work/paste_DVO9ZryDKCZ__20260813T151412Z/config_paste_DVO9ZryDKCZ__20260813T151412Z.yaml	2911	40970486fe71c718c481a9c55a67bc2086537caf
/c/ClippersHQ_renders/outputs_paste_20260813_171405/_work/paste_DVO9ZryDKCZ__20260813T151412Z/edit-2026-08-13.log	225	bccc1b7593e71bef40e5f7cfece9e321ad2d627a
/c/ClippersHQ_renders/outputs_paste_20260813_171405/_work/paste_DVQIcZFkxk-__20260813T152106Z/config_paste_DVQIcZFkxk-__20260813T152106Z.yaml	2911	161b68e163ab5120c944026881f3287c4302c304
/c/ClippersHQ_renders/outputs_paste_20260813_171405/_work/paste_DVQIcZFkxk-__20260813T152106Z/edit-2026-08-13.log	207	b53e3123f2fc35c5e46fdc6f3b0860d05c5bc439
/c/ClippersHQ_renders/outputs_paste_20260813_171405/_work/paste_DVg1HViDLYz__20260813T152153Z/config_paste_DVg1HViDLYz__20260813T152153Z.yaml	2911	62a84b6592ff4e26ce44ac24807c47c211d02145
/c/ClippersHQ_renders/outputs_paste_20260813_171405/_work/paste_DVg1HViDLYz__20260813T152153Z/edit-2026-08-13.log	225	5b3d54eaf3bd84c3cc47d70683d08c31b0e2da25
/c/ClippersHQ_renders/outputs_paste_20260813_171405/_work/paste_DWRNKdxjPIO__20260813T151557Z/config_paste_DWRNKdxjPIO__20260813T151557Z.yaml	2911	40e5a8d89a34f44694f1f93bd79858403065b12c
/c/ClippersHQ_renders/outputs_paste_20260813_171405/_work/paste_DWRNKdxjPIO__20260813T151557Z/edit-2026-08-13.log	215	c5624f86c2f59b648717b63dcbe79e4afe651827
/c/ClippersHQ_renders/outputs_paste_20260813_171405/_work/paste_DYTPB_4pWpM__20260813T152304Z/config_paste_DYTPB_4pWpM__20260813T152304Z.yaml	2911	5e45f50475fa34743fa3bfb439095195f99e9d65
/c/ClippersHQ_renders/outputs_paste_20260813_171405/_work/paste_DYTPB_4pWpM__20260813T152304Z/edit-2026-08-13.log	211	7cf5674558ee1e78a234c701979f5b9b928ba181
/c/ClippersHQ_renders/outputs_paste_20260813_171405/_work/paste_DZIk3qyhSfX__20260813T151635Z/config_paste_DZIk3qyhSfX__20260813T151635Z.yaml	2911	4cef5600da89eb4d54a4ab091dd2997c17fda558
/c/ClippersHQ_renders/outputs_paste_20260813_171405/_work/paste_DZIk3qyhSfX__20260813T151635Z/edit-2026-08-13.log	201	232bf5b2b1bf0f56383ca5f4ebd3e762271c1ac9
/c/ClippersHQ_renders/outputs_paste_20260813_171405/_work/paste_DaGakktA_S4__20260813T151828Z/config_paste_DaGakktA_S4__20260813T151828Z.yaml	2911	eeb859a0e9d805a299a3cbec1f5ce5d24b4bb8f7
/c/ClippersHQ_renders/outputs_paste_20260813_171405/_work/paste_DaGakktA_S4__20260813T151828Z/edit-2026-08-13.log	207	ae2144b3419dde731f29491d43f0780ea30925f8
/c/ClippersHQ_renders/outputs_paste_20260813_171405/_work/paste_DajhDiZs99M__20260813T152233Z/config_paste_DajhDiZs99M__20260813T152233Z.yaml	2911	f9f25db697fb9fe9d5f4f04b6575e9031a9984f8
/c/ClippersHQ_renders/outputs_paste_20260813_171405/_work/paste_DajhDiZs99M__20260813T152233Z/edit-2026-08-13.log	201	27fe7c335a28073ed7215a9018b632afd83a143b
/c/ClippersHQ_renders/outputs_paste_20260813_171405/_work/paste_DazdiMZtceF__20260813T151900Z/config_paste_DazdiMZtceF__20260813T151900Z.yaml	2912	d31e1a16b3ec797b755ec337d9f42e886f31e604
/c/ClippersHQ_renders/outputs_paste_20260813_171405/_work/paste_DazdiMZtceF__20260813T151900Z/edit-2026-08-13.log	219	1c3ffee69e56a2973bb8194fbe0d82c4de273588
/c/ClippersHQ_renders/outputs_paste_20260813_171405/_work/paste_Dbfc3OLPECO__20260813T151721Z/config_paste_Dbfc3OLPECO__20260813T151721Z.yaml	2911	3fc41b79ce0a0f3072d1bda07b984cec1ffed557
/c/ClippersHQ_renders/outputs_paste_20260813_171405/_work/paste_Dbfc3OLPECO__20260813T151721Z/edit-2026-08-13.log	211	1890b78f71343cfdcf8f27ef986a0e05538524ab
/c/ClippersHQ_renders/outputs_paste_20260813_171405/_work/paste_Dbz9vxLAEid__20260813T152008Z/config_paste_Dbz9vxLAEid__20260813T152008Z.yaml	2911	83067eeac5362609d50dab41eb6a1536f9ce2615
/c/ClippersHQ_renders/outputs_paste_20260813_171405/_work/paste_Dbz9vxLAEid__20260813T152008Z/edit-2026-08-13.log	219	ac6f7b6f69a968ccb529e01009d04c147e511f07
/c/ClippersHQ_renders/outputs_paste_20260813_180421/README.md	17648	87cbaa748e2d72aa23dcedd1bf2c76ac92b3577e
/c/ClippersHQ_renders/outputs_paste_20260813_180421/_batch.json	34449	6c4ce9c2eebe702ad42636020463d280078715cb
/c/ClippersHQ_renders/outputs_paste_20260813_180421/_work/paste_DVO9ZryDKCZ__20260813T160426Z/config_paste_DVO9ZryDKCZ__20260813T160426Z.yaml	2911	08238fc4475c85aed7b52ae4a696f657cca6a914
/c/ClippersHQ_renders/outputs_paste_20260813_180421/_work/paste_DVO9ZryDKCZ__20260813T160426Z/edit-2026-08-13.log	225	741ca081d2cab7231edd6acf9281d256a5e68139
/c/ClippersHQ_renders/outputs_paste_20260813_180421/_work/paste_DVQIcZFkxk-__20260813T161103Z/config_paste_DVQIcZFkxk-__20260813T161103Z.yaml	2911	947d40a9789fbe03e90083bdc67826b0de3ebe32
/c/ClippersHQ_renders/outputs_paste_20260813_180421/_work/paste_DVQIcZFkxk-__20260813T161103Z/edit-2026-08-13.log	207	44fc1287c05dfefb5d68577251431bce86fb7337
/c/ClippersHQ_renders/outputs_paste_20260813_180421/_work/paste_DVg1HViDLYz__20260813T161141Z/config_paste_DVg1HViDLYz__20260813T161141Z.yaml	2911	6a272f3efcdbb045b9d7023bf14cea02bf9d61b5
/c/ClippersHQ_renders/outputs_paste_20260813_180421/_work/paste_DVg1HViDLYz__20260813T161141Z/edit-2026-08-13.log	225	ca53760b8658ef0c234a9e9254397bfd4833ed0c
/c/ClippersHQ_renders/outputs_paste_20260813_180421/_work/paste_DWRNKdxjPIO__20260813T160628Z/config_paste_DWRNKdxjPIO__20260813T160628Z.yaml	2911	e2e1bd337015990a654f1a70af94572206e2c5b1
/c/ClippersHQ_renders/outputs_paste_20260813_180421/_work/paste_DWRNKdxjPIO__20260813T160628Z/edit-2026-08-13.log	215	1045bbb057829b77cc2237598c4e3e4fdd9a9446
/c/ClippersHQ_renders/outputs_paste_20260813_180421/_work/paste_DYTPB_4pWpM__20260813T161246Z/config_paste_DYTPB_4pWpM__20260813T161246Z.yaml	2911	770a0ca1a83110e043f45f489aac7e6cc14dcdb4
/c/ClippersHQ_renders/outputs_paste_20260813_180421/_work/paste_DYTPB_4pWpM__20260813T161246Z/edit-2026-08-13.log	211	661f361d3df57c38a8d8efb57194e5f21948d105
/c/ClippersHQ_renders/outputs_paste_20260813_180421/_work/paste_DZIk3qyhSfX__20260813T160708Z/config_paste_DZIk3qyhSfX__20260813T160708Z.yaml	2911	f9a3aac866acbf8a0f6a3899b056a9b2baf2a818
/c/ClippersHQ_renders/outputs_paste_20260813_180421/_work/paste_DZIk3qyhSfX__20260813T160708Z/edit-2026-08-13.log	201	d268cf499cd6be688ff5c8e51fb2fb5e291a222e
/c/ClippersHQ_renders/outputs_paste_20260813_180421/_work/paste_DaGakktA_S4__20260813T160850Z/config_paste_DaGakktA_S4__20260813T160850Z.yaml	2911	a2896b56c011df4527f98e97c32e0bc346bd0c9b
/c/ClippersHQ_renders/outputs_paste_20260813_180421/_work/paste_DaGakktA_S4__20260813T160850Z/edit-2026-08-13.log	207	ebc168ecd366b6a75978a8cd60686bc00e42fe7a
/c/ClippersHQ_renders/outputs_paste_20260813_180421/_work/paste_DajhDiZs99M__20260813T161212Z/config_paste_DajhDiZs99M__20260813T161212Z.yaml	2911	04adb3a072f03ffc2009f2a1e3f96ea68882638a
/c/ClippersHQ_renders/outputs_paste_20260813_180421/_work/paste_DajhDiZs99M__20260813T161212Z/edit-2026-08-13.log	201	189bd5e47bc1c7f84f42068c79e9456a5d74ae6d
/c/ClippersHQ_renders/outputs_paste_20260813_180421/_work/paste_DazdiMZtceF__20260813T160941Z/config_paste_DazdiMZtceF__20260813T160941Z.yaml	2912	f39cbed739fd2aaca6e3ef129c5f8289a84cd97e
/c/ClippersHQ_renders/outputs_paste_20260813_180421/_work/paste_DazdiMZtceF__20260813T160941Z/edit-2026-08-13.log	219	f66e98cc073a1f11817b9ff2cb734b87439febbf
/c/ClippersHQ_renders/outputs_paste_20260813_180421/_work/paste_Dbfc3OLPECO__20260813T160755Z/config_paste_Dbfc3OLPECO__20260813T160755Z.yaml	2911	b87f6402ebafb66572e1fca1d6dab2a12927d5d8
/c/ClippersHQ_renders/outputs_paste_20260813_180421/_work/paste_Dbfc3OLPECO__20260813T160755Z/edit-2026-08-13.log	211	54343da7245df8774d41e5641bb15e1328b3e07d
/c/ClippersHQ_renders/outputs_paste_20260813_180421/_work/paste_Dbz9vxLAEid__20260813T161039Z/config_paste_Dbz9vxLAEid__20260813T161039Z.yaml	2911	cad6097212986bc39a8ba766c9fcd7b437966678
/c/ClippersHQ_renders/outputs_paste_20260813_180421/_work/paste_Dbz9vxLAEid__20260813T161039Z/edit-2026-08-13.log	219	2062f20e229e8f8cd8b1b938832aacc77989b5f5
/c/ClippersHQ_renders/outputs_paste_20260814_184733/README.md	23517	ebb5256f2ae3ea58ad3deeb420c3b9c66e304c4a
/c/ClippersHQ_renders/outputs_paste_20260814_184733/_batch.json	46245	895eed322db93fab0e5e35326da181c89867b8e6
/c/ClippersHQ_renders/outputs_paste_20260814_184733/_work/paste_DVVBX16DTm-__20260814T165441Z/config_paste_DVVBX16DTm-__20260814T165441Z.yaml	2911	af7f4229451d549282296e06d192b9889be36bf9
/c/ClippersHQ_renders/outputs_paste_20260814_184733/_work/paste_DVVBX16DTm-__20260814T165441Z/edit-2026-08-14.log	195	b4ae62a560098edd0be1ecea45d951dd4477e518
/c/ClippersHQ_renders/outputs_paste_20260814_184733/_work/paste_DWAT_M8jNZi__20260814T170434Z/config_paste_DWAT_M8jNZi__20260814T170434Z.yaml	2911	97d73556484546a30dcfc866935c018f9e96ca82
/c/ClippersHQ_renders/outputs_paste_20260814_184733/_work/paste_DWAT_M8jNZi__20260814T170434Z/edit-2026-08-14.log	207	37ebc4ceddf90f5046e86b00a712d43dbe6f479a
/c/ClippersHQ_renders/outputs_paste_20260814_184733/_work/paste_DWylKrjiIJ3__20260814T165526Z/config_paste_DWylKrjiIJ3__20260814T165526Z.yaml	2911	872a9239f0684124db5429675f6a63ee643b9e22
/c/ClippersHQ_renders/outputs_paste_20260814_184733/_work/paste_DWylKrjiIJ3__20260814T165526Z/edit-2026-08-14.log	197	5ebe82a42c086255781ffaf7629086ba32c241f4
/c/ClippersHQ_renders/outputs_paste_20260814_184733/_work/paste_DXU7AOwMXHN__20260814T170005Z/config_paste_DXU7AOwMXHN__20260814T170005Z.yaml	2911	4bd12704781e8a3e745b9a280a942bd72d6fa520
/c/ClippersHQ_renders/outputs_paste_20260814_184733/_work/paste_DXU7AOwMXHN__20260814T170005Z/edit-2026-08-14.log	217	cc3777c28c1197a59da09bcbcb9262ada5ad8b65
/c/ClippersHQ_renders/outputs_paste_20260814_184733/_work/paste_DXepuJHAOCY__20260814T165622Z/config_paste_DXepuJHAOCY__20260814T165622Z.yaml	2911	788a397e8cda41c99cf949f82236cd3c88e4d4d9
/c/ClippersHQ_renders/outputs_paste_20260814_184733/_work/paste_DXepuJHAOCY__20260814T165622Z/edit-2026-08-14.log	209	a377395846834f97a85927bd5edfd3ed585cc65c
/c/ClippersHQ_renders/outputs_paste_20260814_184733/_work/paste_DXi28uvDLne__20260814T165059Z/config_paste_DXi28uvDLne__20260814T165059Z.yaml	2911	32f5e9a699107523d24ec17e65d27f54f71d332f
/c/ClippersHQ_renders/outputs_paste_20260814_184733/_work/paste_DXi28uvDLne__20260814T165059Z/edit-2026-08-14.log	219	807e459612e456b4ffe534b129a90f3915a01d19
/c/ClippersHQ_renders/outputs_paste_20260814_184733/_work/paste_DYIMPL5B2E7__20260814T170139Z/config_paste_DYIMPL5B2E7__20260814T170139Z.yaml	2911	664c5cabdf9ba012d43bce64f656fcf9865ff4c6
/c/ClippersHQ_renders/outputs_paste_20260814_184733/_work/paste_DYIMPL5B2E7__20260814T170139Z/edit-2026-08-14.log	201	c1639dc5ac89c25a8f8e5cfc04e483de7c3d5451
/c/ClippersHQ_renders/outputs_paste_20260814_184733/_work/paste_DaD9Wl8THmD__20260814T170407Z/config_paste_DaD9Wl8THmD__20260814T170407Z.yaml	2911	975944a974deb77dc762afd5296d67bce01164ca
/c/ClippersHQ_renders/outputs_paste_20260814_184733/_work/paste_DaD9Wl8THmD__20260814T170407Z/edit-2026-08-14.log	209	5ef784dd264b36de2884de4b682ea39c914987a4
/c/ClippersHQ_renders/outputs_paste_20260814_184733/_work/paste_DaHgYsYC5Rm__20260814T170338Z/config_paste_DaHgYsYC5Rm__20260814T170338Z.yaml	2911	73cb5cf2ac3e53a36c0930b364a83eca71014090
/c/ClippersHQ_renders/outputs_paste_20260814_184733/_work/paste_DaHgYsYC5Rm__20260814T170338Z/edit-2026-08-14.log	217	d4cd872cbc938cda5f1e5de7ecb2dd81d9700118
/c/ClippersHQ_renders/outputs_paste_20260814_184733/_work/paste_DaI3YsDSdib__20260814T165330Z/config_paste_DaI3YsDSdib__20260814T165330Z.yaml	2911	31f5bdfd58243bd5ca5846d00237af2cd4ca00a6
/c/ClippersHQ_renders/outputs_paste_20260814_184733/_work/paste_DaI3YsDSdib__20260814T165330Z/edit-2026-08-14.log	217	bbb4cf900e2f1b226406829ef15ce00b903ce011
/c/ClippersHQ_renders/outputs_paste_20260814_184733/_work/paste_Da_ygpMSY1f__20260814T165259Z/config_paste_Da_ygpMSY1f__20260814T165259Z.yaml	2911	99b094f7f695bb93076f10b6cd20ed33cc7a116a
/c/ClippersHQ_renders/outputs_paste_20260814_184733/_work/paste_Da_ygpMSY1f__20260814T165259Z/edit-2026-08-14.log	217	b5c195779a77445b7fb950c93502b8847babbf3b
/c/ClippersHQ_renders/outputs_paste_20260814_184733/_work/paste_DafkoTdt_WI__20260814T165823Z/config_paste_DafkoTdt_WI__20260814T165823Z.yaml	2911	abd726429649a7a19d60cc2a177538614bc83404
/c/ClippersHQ_renders/outputs_paste_20260814_184733/_work/paste_DafkoTdt_WI__20260814T165823Z/edit-2026-08-14.log	207	20543dabea9b4eac687234d1105ed5ee245b5858
/c/ClippersHQ_renders/outputs_paste_20260814_184733/_work/paste_DafqbgmM1ZN__20260814T165143Z/config_paste_DafqbgmM1ZN__20260814T165143Z.yaml	2911	346508d3c89d44d354b5cbfc31a5703913b2106c
/c/ClippersHQ_renders/outputs_paste_20260814_184733/_work/paste_DafqbgmM1ZN__20260814T165143Z/edit-2026-08-14.log	213	30ab80e99e42e839c703148d17bb3bb6f4c60c24
/c/ClippersHQ_renders/outputs_paste_20260814_184733/_work/paste_Db-BJl9ofFA__20260814T164748Z/config_paste_Db-BJl9ofFA__20260814T164748Z.yaml	2912	d7e67a0bb4a788f77f4a2b92f25f08721c2431bb
/c/ClippersHQ_renders/outputs_paste_20260814_184733/_work/paste_Db-BJl9ofFA__20260814T164748Z/edit-2026-08-14.log	215	ccdcfeff2886994649c73a60899b23a9e2cfe3b1
/c/ClippersHQ_renders/outputs_paste_20260814_184733/_work/paste_DbJu1jMB97Q__20260814T170256Z/config_paste_DbJu1jMB97Q__20260814T170256Z.yaml	2911	657adcefac39848317cdf020229c63cdbfbf69d3
/c/ClippersHQ_renders/outputs_paste_20260814_184733/_work/paste_DbJu1jMB97Q__20260814T170256Z/edit-2026-08-14.log	207	2100a94403527d6f626afa1ae2945ca24b0d7579
/c/ClippersHQ_renders/outputs_paste_20260814_184733/_work/paste_Dbw9CCwBkDW__20260814T165223Z/config_paste_Dbw9CCwBkDW__20260814T165223Z.yaml	2911	06addd71fdf2c2a39e632d1941fa58dfe80a4388
/c/ClippersHQ_renders/outputs_paste_20260814_184733/_work/paste_Dbw9CCwBkDW__20260814T165223Z/edit-2026-08-14.log	201	93f0ddeb771a4c3cfbe28918bc73f7fb86202fdd
/c/ClippersHQ_renders/outputs_paste_20260815_151058/README.md	54836	0d7b4014099c5510a4cbabddb877a2245c0ed533
/c/ClippersHQ_renders/outputs_paste_20260815_151058/_batch.json	114206	266b3b22a3360dcfc0f262ec84de542fa88b68f0
/c/ClippersHQ_renders/outputs_paste_20260815_151058/_work/paste_DVBrfxzEvtr__20260815T134202Z/config_paste_DVBrfxzEvtr__20260815T134202Z.yaml	2912	3025dcc182004f1796d42eb2fca753e78ec0a9c9
/c/ClippersHQ_renders/outputs_paste_20260815_151058/_work/paste_DVBrfxzEvtr__20260815T134202Z/edit-2026-08-15.log	217	b90c93d643953289ffd359dffd4467796e9288fa
/c/ClippersHQ_renders/outputs_paste_20260815_151058/_work/paste_DVIoT7UguGk__20260815T132358Z/config_paste_DVIoT7UguGk__20260815T132358Z.yaml	2911	facaeb74fcc0eaffc8bacf89fa99dcee126abbca
/c/ClippersHQ_renders/outputs_paste_20260815_151058/_work/paste_DVIoT7UguGk__20260815T132358Z/edit-2026-08-15.log	197	dd3aae457e112359403420df3e5b23feea440734
/c/ClippersHQ_renders/outputs_paste_20260815_151058/_work/paste_DVpUY5dk8Sv__20260815T133715Z/config_paste_DVpUY5dk8Sv__20260815T133715Z.yaml	2911	04aa649c0ee6046134353df04ad03c8563060875
/c/ClippersHQ_renders/outputs_paste_20260815_151058/_work/paste_DVpUY5dk8Sv__20260815T133715Z/edit-2026-08-15.log	213	caa39964da1521456c2b29e9d22267af59dcd6a7
/c/ClippersHQ_renders/outputs_paste_20260815_151058/_work/paste_DXKVUf5j68S__20260815T134611Z/config_paste_DXKVUf5j68S__20260815T134611Z.yaml	2911	75f6ac68d1ccf987758639d3ec45b0cb853afec8
/c/ClippersHQ_renders/outputs_paste_20260815_151058/_work/paste_DXKVUf5j68S__20260815T134611Z/edit-2026-08-15.log	209	078870e2d699e7ed20f0f8574595f48526be5e80
/c/ClippersHQ_renders/outputs_paste_20260815_151058/_work/paste_DXedd-VAvqH__20260815T134506Z/config_paste_DXedd-VAvqH__20260815T134506Z.yaml	2911	451a77e7586a20b381769429981d08dc6238d946
/c/ClippersHQ_renders/outputs_paste_20260815_151058/_work/paste_DXedd-VAvqH__20260815T134506Z/edit-2026-08-15.log	227	5db26cf023bc92fef93166fce2d48e685833084b
/c/ClippersHQ_renders/outputs_paste_20260815_151058/_work/paste_DXerM2ZgLQY__20260815T134347Z/config_paste_DXerM2ZgLQY__20260815T134347Z.yaml	2911	17e695069ae20872f1cd52eb327f45a682cf6821
/c/ClippersHQ_renders/outputs_paste_20260815_151058/_work/paste_DXerM2ZgLQY__20260815T134347Z/edit-2026-08-15.log	197	b149135ba70904fd67c2d99a3db4eb4491fd6599
/c/ClippersHQ_renders/outputs_paste_20260815_151058/_work/paste_DYJgUuAhPQ6__20260815T134541Z/config_paste_DYJgUuAhPQ6__20260815T134541Z.yaml	2912	a47ce5592b928beba2f7606e6dd43fb7bb53db93
/c/ClippersHQ_renders/outputs_paste_20260815_151058/_work/paste_DYJgUuAhPQ6__20260815T134541Z/edit-2026-08-15.log	223	9cb46b6a720c36eff198660352e76bf81a1018fb
/c/ClippersHQ_renders/outputs_paste_20260815_151058/_work/paste_DYcuDT1Bgls__20260815T132801Z/config_paste_DYcuDT1Bgls__20260815T132801Z.yaml	2911	43ae312a3d94078f2270b4fbe8895f415d3d5bdb
/c/ClippersHQ_renders/outputs_paste_20260815_151058/_work/paste_DYcuDT1Bgls__20260815T132801Z/edit-2026-08-15.log	201	69f2245b5e1a166739fb73ef9460207d8392fda9
/c/ClippersHQ_renders/outputs_paste_20260815_151058/_work/paste_DYhMUZLNPzq__20260815T132510Z/config_paste_DYhMUZLNPzq__20260815T132510Z.yaml	2912	758377984ad9c0b1de85daac1f3e7f2513705603
/c/ClippersHQ_renders/outputs_paste_20260815_151058/_work/paste_DYhMUZLNPzq__20260815T132510Z/edit-2026-08-15.log	229	1b787dcf46f9bbbbe3ec50273e914fc8a565f376
/c/ClippersHQ_renders/outputs_paste_20260815_151058/_work/paste_DZJEQCpzXZ___20260815T134415Z/config_paste_DZJEQCpzXZ___20260815T134415Z.yaml	2912	6142024f7cb4353a52404d5a376b2f859823df0a
/c/ClippersHQ_renders/outputs_paste_20260815_151058/_work/paste_DZJEQCpzXZ___20260815T134415Z/edit-2026-08-15.log	209	90e977e384f603a4cc1deb5113f67421d69c607d
/c/ClippersHQ_renders/outputs_paste_20260815_151058/_work/paste_DZNYsVOiZDu__20260815T133548Z/config_paste_DZNYsVOiZDu__20260815T133548Z.yaml	2911	efb9c8a30d0b14e50d246cff89046c2cdda6c4bb
/c/ClippersHQ_renders/outputs_paste_20260815_151058/_work/paste_DZNYsVOiZDu__20260815T133548Z/edit-2026-08-15.log	213	f2c27453cf3fe253ee4b6fedf53449d61d5f203c
/c/ClippersHQ_renders/outputs_paste_20260815_151058/_work/paste_DZP4JNrpwtg__20260815T133309Z/config_paste_DZP4JNrpwtg__20260815T133309Z.yaml	2911	1f30b8ed46dfcd34da3ef5c774da1d6fc1c9225b
/c/ClippersHQ_renders/outputs_paste_20260815_151058/_work/paste_DZP4JNrpwtg__20260815T133309Z/edit-2026-08-15.log	211	46618ca12e701ab333a2843659b1d030f2dc7270
/c/ClippersHQ_renders/outputs_paste_20260815_151058/_work/paste_DZjbVmjBVsg__20260815T132311Z/config_paste_DZjbVmjBVsg__20260815T132311Z.yaml	2911	5bcd00263e22c7e24cbd419e333ec15fea347339
/c/ClippersHQ_renders/outputs_paste_20260815_151058/_work/paste_DZjbVmjBVsg__20260815T132311Z/edit-2026-08-15.log	219	8427d8d23403078ef31b0cc97ef5fdeb74b70cc0
/c/ClippersHQ_renders/outputs_paste_20260815_151058/_work/paste_DZvWgGWRPNQ__20260815T132115Z/config_paste_DZvWgGWRPNQ__20260815T132115Z.yaml	2911	b77b8ebe5d48871ae797da92e119ae7857268c78
/c/ClippersHQ_renders/outputs_paste_20260815_151058/_work/paste_DZvWgGWRPNQ__20260815T132115Z/edit-2026-08-15.log	215	a550ee8f2905d1838a154285c66f95466589a8b8
/c/ClippersHQ_renders/outputs_paste_20260815_151058/_work/paste_DaDlsPVBo_D__20260815T132847Z/config_paste_DaDlsPVBo_D__20260815T132847Z.yaml	2911	84ff0086edf8671743892a23cb2b1c773c8131ed
/c/ClippersHQ_renders/outputs_paste_20260815_151058/_work/paste_DaDlsPVBo_D__20260815T132847Z/edit-2026-08-15.log	211	81afbdf240f841336fd987de14f66966bd8a70b1
/c/ClippersHQ_renders/outputs_paste_20260815_151058/_work/paste_DaKb0i0NHQX__20260815T133959Z/config_paste_DaKb0i0NHQX__20260815T133959Z.yaml	2911	53203a623daf5b73eb8210556eab08d918618f16
/c/ClippersHQ_renders/outputs_paste_20260815_151058/_work/paste_DaKb0i0NHQX__20260815T133959Z/edit-2026-08-15.log	219	5bdee242274e30e62ada33afbf54a045a604252a
/c/ClippersHQ_renders/outputs_paste_20260815_151058/_work/paste_Da_-fsPSGNt__20260815T134048Z/config_paste_Da_-fsPSGNt__20260815T134048Z.yaml	2912	17e96caeb2661f722d29b07ab17fe1cd829e8b26
/c/ClippersHQ_renders/outputs_paste_20260815_151058/_work/paste_Da_-fsPSGNt__20260815T134048Z/edit-2026-08-15.log	209	bae726a8f1677bda7fbd29fe5c3f842869b7a9ba
/c/ClippersHQ_renders/outputs_paste_20260815_151058/_work/paste_Daa9DFBP4Cx__20260815T133440Z/config_paste_Daa9DFBP4Cx__20260815T133440Z.yaml	2912	1ed7caca0eca368330511ebd40a4c1009cb52119
/c/ClippersHQ_renders/outputs_paste_20260815_151058/_work/paste_Daa9DFBP4Cx__20260815T133440Z/edit-2026-08-15.log	241	2482c7ca03404f4ea4672eddeacdead080295311
/c/ClippersHQ_renders/outputs_paste_20260815_151058/_work/paste_DagS5tCBmJ-__20260815T131549Z/config_paste_DagS5tCBmJ-__20260815T131549Z.yaml	2911	2222c9822410e427d221e859dd1665fafd5f7c05
/c/ClippersHQ_renders/outputs_paste_20260815_151058/_work/paste_DagS5tCBmJ-__20260815T131549Z/edit-2026-08-15.log	201	2231a2532820328909a95e87d043ed1dac036c5b
/c/ClippersHQ_renders/outputs_paste_20260815_151058/_work/paste_DalajbzSjXS__20260815T132951Z/config_paste_DalajbzSjXS__20260815T132951Z.yaml	2911	0958d98cf85949a23b4b8974e1d4b636fc4c41f5
/c/ClippersHQ_renders/outputs_paste_20260815_151058/_work/paste_DalajbzSjXS__20260815T132951Z/edit-2026-08-15.log	205	f759a50cd5e73d3aaa03fb984011b7eb1ae87351
/c/ClippersHQ_renders/outputs_paste_20260815_151058/_work/paste_DamVhyqk4rN__20260815T132232Z/config_paste_DamVhyqk4rN__20260815T132232Z.yaml	2911	42b70ea3919ffc66a642ac60892026c0f63bcda7
/c/ClippersHQ_renders/outputs_paste_20260815_151058/_work/paste_DamVhyqk4rN__20260815T132232Z/edit-2026-08-15.log	215	d83f0c79ecdcce6b47e385d1f16787c0061ba8a5
/c/ClippersHQ_renders/outputs_paste_20260815_151058/_work/paste_Db4x6LksRH0__20260815T134300Z/config_paste_Db4x6LksRH0__20260815T134300Z.yaml	2911	2b2103a61d29a57ee7595bc77c2aeca60dd08210
/c/ClippersHQ_renders/outputs_paste_20260815_151058/_work/paste_Db4x6LksRH0__20260815T134300Z/edit-2026-08-15.log	219	39e91cf855bb99652021713838e9b3940cd2b57d
/c/ClippersHQ_renders/outputs_paste_20260815_151058/_work/paste_DbDTFN1prH4__20260815T132632Z/config_paste_DbDTFN1prH4__20260815T132632Z.yaml	2911	af49af77698a10dad374024c06aa73e5cd9ee740
/c/ClippersHQ_renders/outputs_paste_20260815_151058/_work/paste_DbDTFN1prH4__20260815T132632Z/edit-2026-08-15.log	219	fb410696983c901e16c2ae1d5e3086cc3bd794a7
/c/ClippersHQ_renders/outputs_paste_20260815_151058/_work/paste_DbHm1n9MuM8__20260815T132921Z/config_paste_DbHm1n9MuM8__20260815T132921Z.yaml	2911	727ae14052958d8f47a364b9397068e78f5bfb8b
/c/ClippersHQ_renders/outputs_paste_20260815_151058/_work/paste_DbHm1n9MuM8__20260815T132921Z/edit-2026-08-15.log	201	dbc3d059dcca9519b41f5aaa55da844edc24e3e9
/c/ClippersHQ_renders/outputs_paste_20260815_151058/_work/paste_DbMLBm3TCTg__20260815T131927Z/config_paste_DbMLBm3TCTg__20260815T131927Z.yaml	2911	bce34ef33f95e01bb275d73ef89306e5d9938ed7
/c/ClippersHQ_renders/outputs_paste_20260815_151058/_work/paste_DbMLBm3TCTg__20260815T131927Z/edit-2026-08-15.log	215	0b729c1cd8cf08c404e44d9234e9b9e450758fd0
/c/ClippersHQ_renders/outputs_paste_20260815_151058/_work/paste_DbVVbLriLcH__20260815T132025Z/config_paste_DbVVbLriLcH__20260815T132025Z.yaml	2911	ad72a911a11d66863f459a78a4ebfedf91fd26cc
/c/ClippersHQ_renders/outputs_paste_20260815_151058/_work/paste_DbVVbLriLcH__20260815T132025Z/edit-2026-08-15.log	213	f21569a085769927aa1d3c573bb8d08cd58034f3
/c/ClippersHQ_renders/outputs_paste_20260815_151058/_work/paste_DbYO4D0RxCH__20260815T133035Z/config_paste_DbYO4D0RxCH__20260815T133035Z.yaml	2911	4ebc8d7b912386881c8d51733157067140f12be7
/c/ClippersHQ_renders/outputs_paste_20260815_151058/_work/paste_DbYO4D0RxCH__20260815T133035Z/edit-2026-08-15.log	219	58bb7edd412d73c745adbdf5855f0f4b4f3222ec
/c/ClippersHQ_renders/outputs_paste_20260815_151058/_work/paste_DbbAlNJtOsm__20260815T134638Z/config_paste_DbbAlNJtOsm__20260815T134638Z.yaml	2911	f895e4aef3227ede45a921aca7ba71b733de74ca
/c/ClippersHQ_renders/outputs_paste_20260815_151058/_work/paste_DbbAlNJtOsm__20260815T134638Z/edit-2026-08-15.log	211	1b1f852e2de8bdf9e15d08b205e8a3444d73d9d8
/c/ClippersHQ_renders/outputs_paste_20260815_151058/_work/paste_DblWOFBox54__20260815T132703Z/config_paste_DblWOFBox54__20260815T132703Z.yaml	2911	c41864b602eee2c425165b4f4110e6b6d374387a
/c/ClippersHQ_renders/outputs_paste_20260815_151058/_work/paste_DblWOFBox54__20260815T132703Z/edit-2026-08-15.log	221	73281c4ea01e2ea3ff5e840adb64687a4db3eff8
/c/ClippersHQ_renders/outputs_paste_20260815_151058/_work/paste_DboLbB2y49Y__20260815T133353Z/config_paste_DboLbB2y49Y__20260815T133353Z.yaml	2911	866b550687a66b639aa6186090dd97a87cbf8248
/c/ClippersHQ_renders/outputs_paste_20260815_151058/_work/paste_DboLbB2y49Y__20260815T133353Z/edit-2026-08-15.log	219	786ab277e39465a53c242bb7912803f244e9ca68
/c/ClippersHQ_renders/outputs_paste_20260815_151058/_work/paste_Dbov5RiEbHP__20260815T131152Z/config_paste_Dbov5RiEbHP__20260815T131152Z.yaml	2911	e19206500174a130e7258f18e7c3cc33b6436a52
/c/ClippersHQ_renders/outputs_paste_20260815_151058/_work/paste_Dbov5RiEbHP__20260815T131152Z/edit-2026-08-15.log	211	5f225c9d0dbe0dbf9f6c184f588cb2dd3937ed71
/c/ClippersHQ_renders/outputs_paste_20260815_151058/_work/paste_DbtMMh2v0yJ__20260815T133632Z/config_paste_DbtMMh2v0yJ__20260815T133632Z.yaml	2911	3192519855957b0747d43060d5eaefd3fd5bcb68
/c/ClippersHQ_renders/outputs_paste_20260815_151058/_work/paste_DbtMMh2v0yJ__20260815T133632Z/edit-2026-08-15.log	229	a86b28bdbea710de7d8c6f5b90f6af8a624c25fc
/c/ClippersHQ_renders/outputs_paste_20260815_151058/_work/paste_Dbv-dLFPyrT__20260815T131713Z/config_paste_Dbv-dLFPyrT__20260815T131713Z.yaml	2911	a1c7759572b9d65a81f4e327ea25ccff1d61f290
/c/ClippersHQ_renders/outputs_paste_20260815_151058/_work/paste_Dbv-dLFPyrT__20260815T131713Z/edit-2026-08-15.log	215	21eb35940d2f4f267fd9a050461c9a88b98b2996
/c/ClippersHQ_renders/outputs_paste_20260815_151058/_work/paste_DbzJDaxsBPN__20260815T133117Z/config_paste_DbzJDaxsBPN__20260815T133117Z.yaml	2912	8201f49b13f99eccf97cbe4fe1110595198c3824
/c/ClippersHQ_renders/outputs_paste_20260815_151058/_work/paste_DbzJDaxsBPN__20260815T133117Z/edit-2026-08-15.log	219	fc2e6925af5b52495a25ce93050ac67f2ab9d0a5
/c/ClippersHQ_renders/outputs_paste_20260815_151058/_work/paste_DcBHVL2xZFX__20260815T131423Z/config_paste_DcBHVL2xZFX__20260815T131423Z.yaml	2911	6b418becf2ffecb4e7f6166458f4d9bf45fab275
/c/ClippersHQ_renders/outputs_paste_20260815_151058/_work/paste_DcBHVL2xZFX__20260815T131423Z/edit-2026-08-15.log	209	633cf2f19c198eb29bf004b031458228990fd5ee
/c/ClippersHQ_renders/outputs_paste_20260815_151058/_work/paste_DcCiRUtByYU__20260815T133806Z/config_paste_DcCiRUtByYU__20260815T133806Z.yaml	2912	c546d58e3b3fa850ebeeac12a0edb7b9ac18c767
/c/ClippersHQ_renders/outputs_paste_20260815_151058/_work/paste_DcCiRUtByYU__20260815T133806Z/edit-2026-08-15.log	209	ff869f6134420641fd8e5d60db149cec58f06051
/c/ClippersHQ_renders/outputs_paste_20260815_bl1286/README.md	55919	6e61c3f7cf3ac94eb24189348e7dbff78af758dc
/c/ClippersHQ_renders/outputs_paste_20260815_bl1286/_batch.json	117708	ab2a91b03c5df872d6b1ca514f7d844f728d9db7
/c/ClippersHQ_renders/outputs_paste_20260815_bl1286/_work/paste_DVBrfxzEvtr__20260815T163456Z/config_paste_DVBrfxzEvtr__20260815T163456Z.yaml	2912	6edc02462a38bf99245383a654ede513b67ca4e2
/c/ClippersHQ_renders/outputs_paste_20260815_bl1286/_work/paste_DVBrfxzEvtr__20260815T163456Z/edit-2026-08-15.log	217	2a4395c5bd61fae2696a78049a63ef009d9eb995
/c/ClippersHQ_renders/outputs_paste_20260815_bl1286/_work/paste_DVIoT7UguGk__20260815T162256Z/config_paste_DVIoT7UguGk__20260815T162256Z.yaml	2911	94081d252106377a717af28aceca5a624396b1ad
/c/ClippersHQ_renders/outputs_paste_20260815_bl1286/_work/paste_DVIoT7UguGk__20260815T162256Z/edit-2026-08-15.log	197	d94e6c546a53b8a00a0ff927c92549708a9f4c0f
/c/ClippersHQ_renders/outputs_paste_20260815_bl1286/_work/paste_DVUjllKjeFp__20260815T162327Z/config_paste_DVUjllKjeFp__20260815T162327Z.yaml	2911	eba8f1c9c47171080068003a5934623b82c751b8
/c/ClippersHQ_renders/outputs_paste_20260815_bl1286/_work/paste_DVUjllKjeFp__20260815T162327Z/edit-2026-08-15.log	195	93e5b69c15f5094c6abcdb9d7951dccf943af0fd
/c/ClippersHQ_renders/outputs_paste_20260815_bl1286/_work/paste_DVpUY5dk8Sv__20260815T163140Z/config_paste_DVpUY5dk8Sv__20260815T163140Z.yaml	2911	fbb8cdba42ad24718feffd6505c47d559b130dcb
/c/ClippersHQ_renders/outputs_paste_20260815_bl1286/_work/paste_DVpUY5dk8Sv__20260815T163140Z/edit-2026-08-15.log	213	e14f253f45d4eb6973cfd8b4086a239ee8ce8b89
/c/ClippersHQ_renders/outputs_paste_20260815_bl1286/_work/paste_DXKVUf5j68S__20260815T163837Z/config_paste_DXKVUf5j68S__20260815T163837Z.yaml	2911	5db738a7acbc66d66ce21024757116de79606529
/c/ClippersHQ_renders/outputs_paste_20260815_bl1286/_work/paste_DXKVUf5j68S__20260815T163837Z/edit-2026-08-15.log	209	b3b14655889549e4efee314bef07cd308cca8801
/c/ClippersHQ_renders/outputs_paste_20260815_bl1286/_work/paste_DXedd-VAvqH__20260815T163726Z/config_paste_DXedd-VAvqH__20260815T163726Z.yaml	2911	ba85605a32d4c37a92bcfce0577cc208d4b039a8
/c/ClippersHQ_renders/outputs_paste_20260815_bl1286/_work/paste_DXedd-VAvqH__20260815T163726Z/edit-2026-08-15.log	227	c5f7de7a9ef197e7cf5e11e41f4fdba90449916a
/c/ClippersHQ_renders/outputs_paste_20260815_bl1286/_work/paste_DXerM2ZgLQY__20260815T163557Z/config_paste_DXerM2ZgLQY__20260815T163557Z.yaml	2911	55e61305aa766770f041d91726200a11ee5d68be
/c/ClippersHQ_renders/outputs_paste_20260815_bl1286/_work/paste_DXerM2ZgLQY__20260815T163557Z/edit-2026-08-15.log	197	9dbd7d9bdf8fca188c80b9576cdccbf5ed99bd98
/c/ClippersHQ_renders/outputs_paste_20260815_bl1286/_work/paste_DYJgUuAhPQ6__20260815T163803Z/config_paste_DYJgUuAhPQ6__20260815T163803Z.yaml	2912	220257edf1df615ca105375b419ce106a2bc68c5
/c/ClippersHQ_renders/outputs_paste_20260815_bl1286/_work/paste_DYJgUuAhPQ6__20260815T163803Z/edit-2026-08-15.log	223	4a2a131779f0df45932e81ea799d42394ecd36a6
/c/ClippersHQ_renders/outputs_paste_20260815_bl1286/_work/paste_DYcuDT1Bgls__20260815T162554Z/config_paste_DYcuDT1Bgls__20260815T162554Z.yaml	2911	022fa49fc8d3191816002a502920a6ec15de3f90
/c/ClippersHQ_renders/outputs_paste_20260815_bl1286/_work/paste_DYcuDT1Bgls__20260815T162554Z/edit-2026-08-15.log	201	dce9b58f27cdd0a77600ee763324ea34fc64fcc7
/c/ClippersHQ_renders/outputs_paste_20260815_bl1286/_work/paste_DYhMUZLNPzq__20260815T162347Z/config_paste_DYhMUZLNPzq__20260815T162347Z.yaml	2912	efd7c1ea278daf0f393fe4d34cee953eedac0677
/c/ClippersHQ_renders/outputs_paste_20260815_bl1286/_work/paste_DYhMUZLNPzq__20260815T162347Z/edit-2026-08-15.log	229	5a13aa3362dbb9f1307bbf67a4da3137698acf84
/c/ClippersHQ_renders/outputs_paste_20260815_bl1286/_work/paste_DZJEQCpzXZ___20260815T163631Z/config_paste_DZJEQCpzXZ___20260815T163631Z.yaml	2912	239fa219d4ced829e152d668d8d6727324b08195
/c/ClippersHQ_renders/outputs_paste_20260815_bl1286/_work/paste_DZJEQCpzXZ___20260815T163631Z/edit-2026-08-15.log	209	85b7350f1df05748521946eabb4b64fc85e967f2
/c/ClippersHQ_renders/outputs_paste_20260815_bl1286/_work/paste_DZNYsVOiZDu__20260815T163049Z/config_paste_DZNYsVOiZDu__20260815T163049Z.yaml	2911	86e1ecacdeaa7f8600a8c8bf0c6db2e2df73d5b2
/c/ClippersHQ_renders/outputs_paste_20260815_bl1286/_work/paste_DZNYsVOiZDu__20260815T163049Z/edit-2026-08-15.log	213	52db7189f2310ab3c6213c2ea9056c824855e5d6
/c/ClippersHQ_renders/outputs_paste_20260815_bl1286/_work/paste_DZP4JNrpwtg__20260815T162906Z/config_paste_DZP4JNrpwtg__20260815T162906Z.yaml	2911	40b5dde445e79e5fb573399e792ecb4c10f328e2
/c/ClippersHQ_renders/outputs_paste_20260815_bl1286/_work/paste_DZP4JNrpwtg__20260815T162906Z/edit-2026-08-15.log	211	e392cd4291b1692f1ea7be4beaf76f9ffc2aa9bb
/c/ClippersHQ_renders/outputs_paste_20260815_bl1286/_work/paste_DZjbVmjBVsg__20260815T162227Z/config_paste_DZjbVmjBVsg__20260815T162227Z.yaml	2911	6eb082d10bcef466e198c3abe15098776625fdcd
/c/ClippersHQ_renders/outputs_paste_20260815_bl1286/_work/paste_DZjbVmjBVsg__20260815T162227Z/edit-2026-08-15.log	219	641a80f13a8bbc893c94caf33d02f43539307ace
/c/ClippersHQ_renders/outputs_paste_20260815_bl1286/_work/paste_DZvWgGWRPNQ__20260815T162139Z/config_paste_DZvWgGWRPNQ__20260815T162139Z.yaml	2911	dc7baa276d17c5ae996dd3de7a5e56fd1f5418d5
/c/ClippersHQ_renders/outputs_paste_20260815_bl1286/_work/paste_DZvWgGWRPNQ__20260815T162139Z/edit-2026-08-15.log	215	5540bfe980ab3391299fba86f0c35160c9022462
/c/ClippersHQ_renders/outputs_paste_20260815_bl1286/_work/paste_DaDlsPVBo_D__20260815T162619Z/config_paste_DaDlsPVBo_D__20260815T162619Z.yaml	2911	3e860dff74696135ac011c460e1d81245255bb02
/c/ClippersHQ_renders/outputs_paste_20260815_bl1286/_work/paste_DaDlsPVBo_D__20260815T162619Z/edit-2026-08-15.log	211	e85bdfc8436982aee7e17b38c59021c482551647
/c/ClippersHQ_renders/outputs_paste_20260815_bl1286/_work/paste_DaKb0i0NHQX__20260815T163325Z/config_paste_DaKb0i0NHQX__20260815T163325Z.yaml	2911	8ee823756bd590461642b23a930eb982b62f965f
/c/ClippersHQ_renders/outputs_paste_20260815_bl1286/_work/paste_DaKb0i0NHQX__20260815T163325Z/edit-2026-08-15.log	219	0b407ce0f543fff17dbd5df579e8ed85cd7f4bda
/c/ClippersHQ_renders/outputs_paste_20260815_bl1286/_work/paste_Da_-fsPSGNt__20260815T163415Z/config_paste_Da_-fsPSGNt__20260815T163415Z.yaml	2912	0228a3d8ba37687219f3f7025498a61dfaeca404
/c/ClippersHQ_renders/outputs_paste_20260815_bl1286/_work/paste_Da_-fsPSGNt__20260815T163415Z/edit-2026-08-15.log	209	c4a93b80a8ca91f38e6c96dd1bcb0a09b1e1f889
/c/ClippersHQ_renders/outputs_paste_20260815_bl1286/_work/paste_Daa9DFBP4Cx__20260815T163005Z/config_paste_Daa9DFBP4Cx__20260815T163005Z.yaml	2912	fe010d8d132e317161d6c96b068c33604118e9b5
/c/ClippersHQ_renders/outputs_paste_20260815_bl1286/_work/paste_Daa9DFBP4Cx__20260815T163005Z/edit-2026-08-15.log	241	7ea0099f23904465791123767a4c7437205af928
/c/ClippersHQ_renders/outputs_paste_20260815_bl1286/_work/paste_DagS5tCBmJ-__20260815T161923Z/config_paste_DagS5tCBmJ-__20260815T161923Z.yaml	2911	2e3a7c47fb683616cdb54cfed0d72f66d9d19810
/c/ClippersHQ_renders/outputs_paste_20260815_bl1286/_work/paste_DagS5tCBmJ-__20260815T161923Z/edit-2026-08-15.log	201	77f64fa6375632ef62a0a525d29b918a44e11505
/c/ClippersHQ_renders/outputs_paste_20260815_bl1286/_work/paste_DalajbzSjXS__20260815T162709Z/config_paste_DalajbzSjXS__20260815T162709Z.yaml	2911	1f4196884cb877e47b26643f506171789d1a2b00
/c/ClippersHQ_renders/outputs_paste_20260815_bl1286/_work/paste_DalajbzSjXS__20260815T162709Z/edit-2026-08-15.log	205	8c751b075d0a2f3826be0c8b5cb31c267b67d62a
/c/ClippersHQ_renders/outputs_paste_20260815_bl1286/_work/paste_DamVhyqk4rN__20260815T162206Z/config_paste_DamVhyqk4rN__20260815T162206Z.yaml	2911	555bd446ee0549a0a38f92a261aa1d30a20ac5d2
/c/ClippersHQ_renders/outputs_paste_20260815_bl1286/_work/paste_DamVhyqk4rN__20260815T162206Z/edit-2026-08-15.log	215	5cf432f934764cb3b9207400310e9e95682cf0cd
/c/ClippersHQ_renders/outputs_paste_20260815_bl1286/_work/paste_Db4x6LksRH0__20260815T163522Z/config_paste_Db4x6LksRH0__20260815T163522Z.yaml	2911	b0e89dfddf8c343fbaf436392f54f6d367110e08
/c/ClippersHQ_renders/outputs_paste_20260815_bl1286/_work/paste_Db4x6LksRH0__20260815T163522Z/edit-2026-08-15.log	219	05439695f02ab46df346eaaa4936a87c384a436d
/c/ClippersHQ_renders/outputs_paste_20260815_bl1286/_work/paste_DbDTFN1prH4__20260815T162449Z/config_paste_DbDTFN1prH4__20260815T162449Z.yaml	2911	f104445e93cb9a782b3b9d23f54f75d60405df95
/c/ClippersHQ_renders/outputs_paste_20260815_bl1286/_work/paste_DbDTFN1prH4__20260815T162449Z/edit-2026-08-15.log	219	d5913b1b5142b890cafb9824d88c1dcc4d164e02
/c/ClippersHQ_renders/outputs_paste_20260815_bl1286/_work/paste_DbHm1n9MuM8__20260815T162647Z/config_paste_DbHm1n9MuM8__20260815T162647Z.yaml	2911	86d557a3d039983808f429747c1b357f60f14d68
/c/ClippersHQ_renders/outputs_paste_20260815_bl1286/_work/paste_DbHm1n9MuM8__20260815T162647Z/edit-2026-08-15.log	201	8ea5c135c9cdb0137844139760fdafdca175152a
/c/ClippersHQ_renders/outputs_paste_20260815_bl1286/_work/paste_DbMLBm3TCTg__20260815T162047Z/config_paste_DbMLBm3TCTg__20260815T162047Z.yaml	2911	9e64de182b06275b22133e3f723372fd19ca3c1c
/c/ClippersHQ_renders/outputs_paste_20260815_bl1286/_work/paste_DbMLBm3TCTg__20260815T162047Z/edit-2026-08-15.log	215	5ab6733b1e847247aa39c087ae51fd3ee1e7a54d
/c/ClippersHQ_renders/outputs_paste_20260815_bl1286/_work/paste_DbVVbLriLcH__20260815T162116Z/config_paste_DbVVbLriLcH__20260815T162116Z.yaml	2911	e573715e4f7b8d4c67011fa2a57cc74501972560
/c/ClippersHQ_renders/outputs_paste_20260815_bl1286/_work/paste_DbVVbLriLcH__20260815T162116Z/edit-2026-08-15.log	213	4f464f252608f519683672010ed12036aa2f23ac
/c/ClippersHQ_renders/outputs_paste_20260815_bl1286/_work/paste_DbYO4D0RxCH__20260815T162747Z/config_paste_DbYO4D0RxCH__20260815T162747Z.yaml	2911	be14ca5c443915c9aded8ecee734dc714fb2a17c
/c/ClippersHQ_renders/outputs_paste_20260815_bl1286/_work/paste_DbYO4D0RxCH__20260815T162747Z/edit-2026-08-15.log	219	a4aa89623b5a4530cc191753aee0597c36e67510
/c/ClippersHQ_renders/outputs_paste_20260815_bl1286/_work/paste_DbbAlNJtOsm__20260815T163911Z/config_paste_DbbAlNJtOsm__20260815T163911Z.yaml	2911	2f28439228304bf823fdced96714cea34067aa85
/c/ClippersHQ_renders/outputs_paste_20260815_bl1286/_work/paste_DbbAlNJtOsm__20260815T163911Z/edit-2026-08-15.log	211	2b7d41de9cd764a2400a401d1ca7be64455ca949
/c/ClippersHQ_renders/outputs_paste_20260815_bl1286/_work/paste_DblWOFBox54__20260815T162511Z/config_paste_DblWOFBox54__20260815T162511Z.yaml	2911	c15d3fd8899046b76738465dc85ec392add85323
/c/ClippersHQ_renders/outputs_paste_20260815_bl1286/_work/paste_DblWOFBox54__20260815T162511Z/edit-2026-08-15.log	221	a32788a3a7da59235b5f998e8af55bdd04c9045a
/c/ClippersHQ_renders/outputs_paste_20260815_bl1286/_work/paste_DboLbB2y49Y__20260815T162931Z/config_paste_DboLbB2y49Y__20260815T162931Z.yaml	2911	44de596884530a0690cd3f7760d06550fc2b17b0
/c/ClippersHQ_renders/outputs_paste_20260815_bl1286/_work/paste_DboLbB2y49Y__20260815T162931Z/edit-2026-08-15.log	219	61bce15dc9b6e02c7dc6c5d108c7ac103ce8f276
/c/ClippersHQ_renders/outputs_paste_20260815_bl1286/_work/paste_Dbov5RiEbHP__20260815T161808Z/config_paste_Dbov5RiEbHP__20260815T161808Z.yaml	2911	3e642a31b76ebea25e0862bb6ea6efad29d15169
/c/ClippersHQ_renders/outputs_paste_20260815_bl1286/_work/paste_Dbov5RiEbHP__20260815T161808Z/edit-2026-08-15.log	211	cf79d376866d45e8bf4433f613cf58ac551e0152
/c/ClippersHQ_renders/outputs_paste_20260815_bl1286/_work/paste_DbtMMh2v0yJ__20260815T163113Z/config_paste_DbtMMh2v0yJ__20260815T163113Z.yaml	2911	8f2b84254e0cf504cdc9fb94c9c5d5bfc44f53c5
/c/ClippersHQ_renders/outputs_paste_20260815_bl1286/_work/paste_DbtMMh2v0yJ__20260815T163113Z/edit-2026-08-15.log	229	0639e73a6a09b009f631dc6628c66da4a1eaf420
/c/ClippersHQ_renders/outputs_paste_20260815_bl1286/_work/paste_Dbv-dLFPyrT__20260815T161953Z/config_paste_Dbv-dLFPyrT__20260815T161953Z.yaml	2911	8f53f33906c3b947784cd33bc4d6d092052dab48
/c/ClippersHQ_renders/outputs_paste_20260815_bl1286/_work/paste_Dbv-dLFPyrT__20260815T161953Z/edit-2026-08-15.log	215	9e8237f58273100ff8339c889a2a11de718e6ec8
/c/ClippersHQ_renders/outputs_paste_20260815_bl1286/_work/paste_DbzJDaxsBPN__20260815T162810Z/config_paste_DbzJDaxsBPN__20260815T162810Z.yaml	2912	aec929be3459472ab85eba0f3692293d902d27b6
/c/ClippersHQ_renders/outputs_paste_20260815_bl1286/_work/paste_DbzJDaxsBPN__20260815T162810Z/edit-2026-08-15.log	219	7c811d3684a410aaefc894038d81ac16582729aa
/c/ClippersHQ_renders/outputs_paste_20260815_bl1286/_work/paste_DcBHVL2xZFX__20260815T161858Z/config_paste_DcBHVL2xZFX__20260815T161858Z.yaml	2911	cf4e14196495f30033a70a7dd309c0d4a2ac4a96
/c/ClippersHQ_renders/outputs_paste_20260815_bl1286/_work/paste_DcBHVL2xZFX__20260815T161858Z/edit-2026-08-15.log	209	ea94e5ba76458decefb9b54c270450dd03d1641a
/c/ClippersHQ_renders/outputs_paste_20260815_bl1286/_work/paste_DcCiRUtByYU__20260815T163217Z/config_paste_DcCiRUtByYU__20260815T163217Z.yaml	2912	042a7997e45c8ace5b2a7d1c63cc1ae02200571d
/c/ClippersHQ_renders/outputs_paste_20260815_bl1286/_work/paste_DcCiRUtByYU__20260815T163217Z/edit-2026-08-15.log	209	641c1e141713c10716e0e0fa9288cb6143af3967
/c/ClippersHQ_renders/outputs_paste_20260815_bl1286/_work/paste_DcDH9dyzeTA__20260815T161710Z/config_paste_DcDH9dyzeTA__20260815T161710Z.yaml	2912	4a1e846d091e1046c2211bc00e9f2f1a8fc3cdfa
/c/ClippersHQ_renders/outputs_paste_20260815_bl1286/_work/paste_DcDH9dyzeTA__20260815T161710Z/edit-2026-08-15.log	223	3b3dc5adde49c57b06cc5fee3e58c13d3f21a2e1
/c/ClippersHQ_renders/outputs_paste_20260815_bl1286_ABANDONED_partial/_batch.json	34257	0349002ccbb51a68d01cc62074d575cad925935c
/c/ClippersHQ_renders/outputs_paste_20260815_bl1286_ABANDONED_partial/_work/paste_DagS5tCBmJ-__20260815T151638Z/config_paste_DagS5tCBmJ-__20260815T151638Z.yaml	2911	0df443fceed509c7685ef5e96ee666fa0cabc92f
/c/ClippersHQ_renders/outputs_paste_20260815_bl1286_ABANDONED_partial/_work/paste_DagS5tCBmJ-__20260815T151638Z/edit-2026-08-15.log	201	04afe147d27223009c9c5553c9ca75767db35b4c
/c/ClippersHQ_renders/outputs_paste_20260815_bl1286_ABANDONED_partial/_work/paste_Dbov5RiEbHP__20260815T151401Z/config_paste_Dbov5RiEbHP__20260815T151401Z.yaml	2911	cbbb7daf9e92c78051370782f7eb6cd07c8d86b4
/c/ClippersHQ_renders/outputs_paste_20260815_bl1286_ABANDONED_partial/_work/paste_Dbov5RiEbHP__20260815T151401Z/edit-2026-08-15.log	211	9fca93ab2487a67cd6d9b97c3079e787209adb08
/c/ClippersHQ_renders/outputs_paste_20260815_bl1286_ABANDONED_partial/_work/paste_Dbv-dLFPyrT__20260815T151733Z/config_paste_Dbv-dLFPyrT__20260815T151733Z.yaml	2911	9f0ea3bfb01db5d8acc6fed505b6eab83a1fe938
/c/ClippersHQ_renders/outputs_paste_20260815_bl1286_ABANDONED_partial/_work/paste_Dbv-dLFPyrT__20260815T151733Z/edit-2026-08-15.log	215	04a282f3a4def446ed05c807e441a75af415c17b
/c/ClippersHQ_renders/outputs_paste_20260815_bl1286_ABANDONED_partial/_work/paste_DcBHVL2xZFX__20260815T151536Z/config_paste_DcBHVL2xZFX__20260815T151536Z.yaml	2911	f03bd0727a7b3221dc93c00bafb8418809c7208d
/c/ClippersHQ_renders/outputs_paste_20260815_bl1286_ABANDONED_partial/_work/paste_DcBHVL2xZFX__20260815T151536Z/edit-2026-08-15.log	209	006f3650ce1c4ee34ff57a3619d17680f235b434
/c/ClippersHQ_renders/outputs_paste_20260815_bl1286_ABANDONED_partial/_work/paste_DcDH9dyzeTA__20260815T151221Z/config_paste_DcDH9dyzeTA__20260815T151221Z.yaml	2912	7572cc8ac4dbcdca404f38897c8ad7f002550d8c
/c/ClippersHQ_renders/outputs_paste_20260815_bl1286_ABANDONED_partial/_work/paste_DcDH9dyzeTA__20260815T151221Z/edit-2026-08-15.log	223	eb9f00ca7f30728cb975392616c75900661284c2
/c/ClippersHQ_renders/outputs_paste_20260815_bl1286_v1_nocover/README.md	55744	62fed84fec4cf8bc65811ec19d70bbbc101eb1c5
/c/ClippersHQ_renders/outputs_paste_20260815_bl1286_v1_nocover/_batch.json	118359	cb3da272fb569b2453f2ded73fb0d6fdb7476123
/c/ClippersHQ_renders/outputs_paste_20260815_bl1286_v1_nocover/_work/paste_DVBrfxzEvtr__20260815T160326Z/config_paste_DVBrfxzEvtr__20260815T160326Z.yaml	2912	f5013b13ec9bcabd6a06c7e6be295356504a4694
/c/ClippersHQ_renders/outputs_paste_20260815_bl1286_v1_nocover/_work/paste_DVBrfxzEvtr__20260815T160326Z/edit-2026-08-15.log	217	68a55363e135562f60b2b38a02fdea6b4bbce410
/c/ClippersHQ_renders/outputs_paste_20260815_bl1286_v1_nocover/_work/paste_DVIoT7UguGk__20260815T154651Z/config_paste_DVIoT7UguGk__20260815T154651Z.yaml	2911	b555b1136dc1638ad03d7cf924e17aed025782c8
/c/ClippersHQ_renders/outputs_paste_20260815_bl1286_v1_nocover/_work/paste_DVIoT7UguGk__20260815T154651Z/edit-2026-08-15.log	197	1c0263ab5ae5bc6d456504ca81368bfb9f4d392f
/c/ClippersHQ_renders/outputs_paste_20260815_bl1286_v1_nocover/_work/paste_DVUjllKjeFp__20260815T154724Z/config_paste_DVUjllKjeFp__20260815T154724Z.yaml	2911	ab8889dc0488df485b6547913ce1e262b5577e7b
/c/ClippersHQ_renders/outputs_paste_20260815_bl1286_v1_nocover/_work/paste_DVUjllKjeFp__20260815T154724Z/edit-2026-08-15.log	195	9f798ab6ef5580a680c3cd41d197e1a49d0e9f47
/c/ClippersHQ_renders/outputs_paste_20260815_bl1286_v1_nocover/_work/paste_DVpUY5dk8Sv__20260815T160014Z/config_paste_DVpUY5dk8Sv__20260815T160014Z.yaml	2911	15413f234042f3ec898def38bb7843c3215004fc
/c/ClippersHQ_renders/outputs_paste_20260815_bl1286_v1_nocover/_work/paste_DVpUY5dk8Sv__20260815T160014Z/edit-2026-08-15.log	213	ad598cf4bc141b7bb7d8a4a5f33932848cbca7da
/c/ClippersHQ_renders/outputs_paste_20260815_bl1286_v1_nocover/_work/paste_DXKVUf5j68S__20260815T160733Z/config_paste_DXKVUf5j68S__20260815T160733Z.yaml	2911	5d818671f6cbd08c0a0ebd579a23a4859f1355b5
/c/ClippersHQ_renders/outputs_paste_20260815_bl1286_v1_nocover/_work/paste_DXKVUf5j68S__20260815T160733Z/edit-2026-08-15.log	209	fc7e93875f846aebb9107b0bea6bbce74e090ffe
/c/ClippersHQ_renders/outputs_paste_20260815_bl1286_v1_nocover/_work/paste_DXedd-VAvqH__20260815T160602Z/config_paste_DXedd-VAvqH__20260815T160602Z.yaml	2911	52da9ba5ae83707eba39bf75a100f1400590e303
/c/ClippersHQ_renders/outputs_paste_20260815_bl1286_v1_nocover/_work/paste_DXedd-VAvqH__20260815T160602Z/edit-2026-08-15.log	227	3b9a4a4e250ac7c3cfa082614f82b09cfe1d86fa
/c/ClippersHQ_renders/outputs_paste_20260815_bl1286_v1_nocover/_work/paste_DXerM2ZgLQY__20260815T160445Z/config_paste_DXerM2ZgLQY__20260815T160445Z.yaml	2911	6e8054d8619c037cc403682a3ff77b5198ff7a14
/c/ClippersHQ_renders/outputs_paste_20260815_bl1286_v1_nocover/_work/paste_DXerM2ZgLQY__20260815T160445Z/edit-2026-08-15.log	197	8b601831b3252442798fb59638b13b4b175806a6
/c/ClippersHQ_renders/outputs_paste_20260815_bl1286_v1_nocover/_work/paste_DYJgUuAhPQ6__20260815T160639Z/config_paste_DYJgUuAhPQ6__20260815T160639Z.yaml	2912	fa82cb946a1e65d5f005460dfeac4c3723fcdb61
/c/ClippersHQ_renders/outputs_paste_20260815_bl1286_v1_nocover/_work/paste_DYJgUuAhPQ6__20260815T160639Z/edit-2026-08-15.log	223	454a2ae433a00f587fd6c61766843094daa05f68
/c/ClippersHQ_renders/outputs_paste_20260815_bl1286_v1_nocover/_work/paste_DYcuDT1Bgls__20260815T155210Z/config_paste_DYcuDT1Bgls__20260815T155210Z.yaml	2911	b57f9c003bfbc8d089c45191e8e35e4303fb5c6b
/c/ClippersHQ_renders/outputs_paste_20260815_bl1286_v1_nocover/_work/paste_DYcuDT1Bgls__20260815T155210Z/edit-2026-08-15.log	201	b2bd721c1af63f79f554e62bb868aaacaa9338b3
/c/ClippersHQ_renders/outputs_paste_20260815_bl1286_v1_nocover/_work/paste_DYhMUZLNPzq__20260815T154809Z/config_paste_DYhMUZLNPzq__20260815T154809Z.yaml	2912	2361dff6cafcea867cfee2a487fa3a1d644f3acf
/c/ClippersHQ_renders/outputs_paste_20260815_bl1286_v1_nocover/_work/paste_DYhMUZLNPzq__20260815T154809Z/edit-2026-08-15.log	229	f6c53bde24115d44ed787b79bcfc957701ffbba2
/c/ClippersHQ_renders/outputs_paste_20260815_bl1286_v1_nocover/_work/paste_DZJEQCpzXZ___20260815T160518Z/config_paste_DZJEQCpzXZ___20260815T160518Z.yaml	2912	2a0d98e8a44648bc1d374bb2d0552116282dc341
/c/ClippersHQ_renders/outputs_paste_20260815_bl1286_v1_nocover/_work/paste_DZJEQCpzXZ___20260815T160518Z/edit-2026-08-15.log	209	bfd5c6ea1c00bbd15c24fa4d916b0fbdabe293ba
/c/ClippersHQ_renders/outputs_paste_20260815_bl1286_v1_nocover/_work/paste_DZKm3vZSXuE__20260815T160225Z/config_paste_DZKm3vZSXuE__20260815T160225Z.yaml	2911	595d5b8fdfe8ab76fd1ee8106cc1d8fc77dc9fce
/c/ClippersHQ_renders/outputs_paste_20260815_bl1286_v1_nocover/_work/paste_DZKm3vZSXuE__20260815T160225Z/edit-2026-08-15.log	215	3e26f8e20dd6beb67a725155a14f923ff3a5f4f6
/c/ClippersHQ_renders/outputs_paste_20260815_bl1286_v1_nocover/_work/paste_DZNYsVOiZDu__20260815T155917Z/config_paste_DZNYsVOiZDu__20260815T155917Z.yaml	2911	bd250acdd5c387a68ba28c9545dd3f29a5025a6c
/c/ClippersHQ_renders/outputs_paste_20260815_bl1286_v1_nocover/_work/paste_DZNYsVOiZDu__20260815T155917Z/edit-2026-08-15.log	213	63e004eb373258b3aaf22cc8ff9fad2d5c609273
/c/ClippersHQ_renders/outputs_paste_20260815_bl1286_v1_nocover/_work/paste_DZP4JNrpwtg__20260815T155714Z/config_paste_DZP4JNrpwtg__20260815T155714Z.yaml	2911	0d2e5a3b028e9d195ba4860c6fd6a291905ac2a5
/c/ClippersHQ_renders/outputs_paste_20260815_bl1286_v1_nocover/_work/paste_DZP4JNrpwtg__20260815T155714Z/edit-2026-08-15.log	211	a1460139ce2eaa4c6d0ba60df86c3abade9dbf47
/c/ClippersHQ_renders/outputs_paste_20260815_bl1286_v1_nocover/_work/paste_DZjbVmjBVsg__20260815T154617Z/config_paste_DZjbVmjBVsg__20260815T154617Z.yaml	2911	3977d93ae44b8a4bc1b331f024c4a1d8e3d31c73
/c/ClippersHQ_renders/outputs_paste_20260815_bl1286_v1_nocover/_work/paste_DZjbVmjBVsg__20260815T154617Z/edit-2026-08-15.log	219	481c363a58285892a819fe77a8e839a6a58853cb
/c/ClippersHQ_renders/outputs_paste_20260815_bl1286_v1_nocover/_work/paste_DZvWgGWRPNQ__20260815T154452Z/config_paste_DZvWgGWRPNQ__20260815T154452Z.yaml	2911	c9451f83eafa7b09da3a644c317e15a84bd4824a
/c/ClippersHQ_renders/outputs_paste_20260815_bl1286_v1_nocover/_work/paste_DZvWgGWRPNQ__20260815T154452Z/edit-2026-08-15.log	215	c413a4c3d19b076df64bb87ffb82df28d8d35c3a
/c/ClippersHQ_renders/outputs_paste_20260815_bl1286_v1_nocover/_work/paste_DaDlsPVBo_D__20260815T155249Z/config_paste_DaDlsPVBo_D__20260815T155249Z.yaml	2911	69eb8e99d383eab0abdfd922f9bbf4fa207fca55
/c/ClippersHQ_renders/outputs_paste_20260815_bl1286_v1_nocover/_work/paste_DaDlsPVBo_D__20260815T155249Z/edit-2026-08-15.log	211	fe83e653ce78669155f43ceba32d5c118abe3dd1
/c/ClippersHQ_renders/outputs_paste_20260815_bl1286_v1_nocover/_work/paste_DaKb0i0NHQX__20260815T160149Z/config_paste_DaKb0i0NHQX__20260815T160149Z.yaml	2911	2d22f48bf4a0daf8de155b55d69637e3d0779ab8
/c/ClippersHQ_renders/outputs_paste_20260815_bl1286_v1_nocover/_work/paste_DaKb0i0NHQX__20260815T160149Z/edit-2026-08-15.log	219	fddc08fa2da82a19afd318e7596912d2ed1c9c7c
/c/ClippersHQ_renders/outputs_paste_20260815_bl1286_v1_nocover/_work/paste_Da_-fsPSGNt__20260815T160250Z/config_paste_Da_-fsPSGNt__20260815T160250Z.yaml	2912	df750cf55a4699ebf010370a08e730b487e79f04
/c/ClippersHQ_renders/outputs_paste_20260815_bl1286_v1_nocover/_work/paste_Da_-fsPSGNt__20260815T160250Z/edit-2026-08-15.log	209	cdb5071ef880415aa65fd53788f2734c1255909a
/c/ClippersHQ_renders/outputs_paste_20260815_bl1286_v1_nocover/_work/paste_Daa9DFBP4Cx__20260815T155817Z/config_paste_Daa9DFBP4Cx__20260815T155817Z.yaml	2912	494d149ca910167253b92a93bfabb1f3cb4c62c5
/c/ClippersHQ_renders/outputs_paste_20260815_bl1286_v1_nocover/_work/paste_Daa9DFBP4Cx__20260815T155817Z/edit-2026-08-15.log	241	2e477373ffa133b14ae729e90d17abe1a155f254
/c/ClippersHQ_renders/outputs_paste_20260815_bl1286_v1_nocover/_work/paste_DagS5tCBmJ-__20260815T154233Z/config_paste_DagS5tCBmJ-__20260815T154233Z.yaml	2911	564c7d8a47d63a2a87c2ed3fff3d27a6c2dd93ea
/c/ClippersHQ_renders/outputs_paste_20260815_bl1286_v1_nocover/_work/paste_DagS5tCBmJ-__20260815T154233Z/edit-2026-08-15.log	201	bb9eb1bfef1f3de4af99988c0d8d7f4e9b226ff5
/c/ClippersHQ_renders/outputs_paste_20260815_bl1286_v1_nocover/_work/paste_DalajbzSjXS__20260815T155404Z/config_paste_DalajbzSjXS__20260815T155404Z.yaml	2911	812a77bf7f2ba1635321964b553cb53a97aa722c
/c/ClippersHQ_renders/outputs_paste_20260815_bl1286_v1_nocover/_work/paste_DalajbzSjXS__20260815T155404Z/edit-2026-08-15.log	205	71b266d71524c0c821b31fe07a2c02330a96afa3
/c/ClippersHQ_renders/outputs_paste_20260815_bl1286_v1_nocover/_work/paste_DamVhyqk4rN__20260815T154531Z/config_paste_DamVhyqk4rN__20260815T154531Z.yaml	2911	07cba664a7c6bd675084aa486e6a7b94ce133b5f
/c/ClippersHQ_renders/outputs_paste_20260815_bl1286_v1_nocover/_work/paste_DamVhyqk4rN__20260815T154531Z/edit-2026-08-15.log	215	50800967d7d00edb17ae2badf5651b86c680ae1e
/c/ClippersHQ_renders/outputs_paste_20260815_bl1286_v1_nocover/_work/paste_Db4x6LksRH0__20260815T160401Z/config_paste_Db4x6LksRH0__20260815T160401Z.yaml	2911	1383ff049d772f8cbc55cc0fbbe7eec5539091ea
/c/ClippersHQ_renders/outputs_paste_20260815_bl1286_v1_nocover/_work/paste_Db4x6LksRH0__20260815T160401Z/edit-2026-08-15.log	219	68b073e6a719bd3d338bb966bc9615789cc64804
/c/ClippersHQ_renders/outputs_paste_20260815_bl1286_v1_nocover/_work/paste_DbDTFN1prH4__20260815T154959Z/config_paste_DbDTFN1prH4__20260815T154959Z.yaml	2911	06cc47fc288e40bc2154677c665ad4a08d7de8c6
/c/ClippersHQ_renders/outputs_paste_20260815_bl1286_v1_nocover/_work/paste_DbDTFN1prH4__20260815T154959Z/edit-2026-08-15.log	219	207e30f78610df86dd6258adbbe0cb799a95b0ef
/c/ClippersHQ_renders/outputs_paste_20260815_bl1286_v1_nocover/_work/paste_DbHm1n9MuM8__20260815T155330Z/config_paste_DbHm1n9MuM8__20260815T155330Z.yaml	2911	e41d248c7e90beff9c64bcc399645e80978c6586
/c/ClippersHQ_renders/outputs_paste_20260815_bl1286_v1_nocover/_work/paste_DbHm1n9MuM8__20260815T155330Z/edit-2026-08-15.log	201	da69429632565f535e260b21eaa4e69ab33e1ae9
/c/ClippersHQ_renders/outputs_paste_20260815_bl1286_v1_nocover/_work/paste_DbMLBm3TCTg__20260815T154350Z/config_paste_DbMLBm3TCTg__20260815T154350Z.yaml	2911	e8510010683492106180e4a98eba94a7d2c7b884
/c/ClippersHQ_renders/outputs_paste_20260815_bl1286_v1_nocover/_work/paste_DbMLBm3TCTg__20260815T154350Z/edit-2026-08-15.log	215	6cb33cf78f495fd1b9d431910e9ab1532968d306
/c/ClippersHQ_renders/outputs_paste_20260815_bl1286_v1_nocover/_work/paste_DbVVbLriLcH__20260815T154411Z/config_paste_DbVVbLriLcH__20260815T154411Z.yaml	2911	c37d2a4904db3df508b75b4576d54ad414414ed6
/c/ClippersHQ_renders/outputs_paste_20260815_bl1286_v1_nocover/_work/paste_DbVVbLriLcH__20260815T154411Z/edit-2026-08-15.log	213	f737cc275023c65570ef246a20d12c0841c94f7f
/c/ClippersHQ_renders/outputs_paste_20260815_bl1286_v1_nocover/_work/paste_DbYO4D0RxCH__20260815T155513Z/config_paste_DbYO4D0RxCH__20260815T155513Z.yaml	2911	75d90dbed5fc05d5bb3747b831a201c9d05187c7
/c/ClippersHQ_renders/outputs_paste_20260815_bl1286_v1_nocover/_work/paste_DbYO4D0RxCH__20260815T155513Z/edit-2026-08-15.log	219	feb0818c832ccda8ba2a1904c984cb4f8818eec0
/c/ClippersHQ_renders/outputs_paste_20260815_bl1286_v1_nocover/_work/paste_DbbAlNJtOsm__20260815T160800Z/config_paste_DbbAlNJtOsm__20260815T160800Z.yaml	2911	e016d57a7e080430b25b8cd220158c4b2077fc80
/c/ClippersHQ_renders/outputs_paste_20260815_bl1286_v1_nocover/_work/paste_DbbAlNJtOsm__20260815T160800Z/edit-2026-08-15.log	211	b117a290efd2765181ee70dc2579716088dc39a3
/c/ClippersHQ_renders/outputs_paste_20260815_bl1286_v1_nocover/_work/paste_DblWOFBox54__20260815T155056Z/config_paste_DblWOFBox54__20260815T155056Z.yaml	2911	84a7362ac99c035fcb2b6ab26ae8e26387c95588
/c/ClippersHQ_renders/outputs_paste_20260815_bl1286_v1_nocover/_work/paste_DblWOFBox54__20260815T155056Z/edit-2026-08-15.log	221	9fd34b09e25b04875f882ed93a1bba93dc408b52
/c/ClippersHQ_renders/outputs_paste_20260815_bl1286_v1_nocover/_work/paste_DboLbB2y49Y__20260815T155747Z/config_paste_DboLbB2y49Y__20260815T155747Z.yaml	2911	9c48c90d55116a099c0fd860a3ffbd35d56de5d9
/c/ClippersHQ_renders/outputs_paste_20260815_bl1286_v1_nocover/_work/paste_DboLbB2y49Y__20260815T155747Z/edit-2026-08-15.log	219	0948fe2523edaa13237d0210128099fbc9c9feb8
/c/ClippersHQ_renders/outputs_paste_20260815_bl1286_v1_nocover/_work/paste_Dbov5RiEbHP__20260815T154118Z/config_paste_Dbov5RiEbHP__20260815T154118Z.yaml	2911	ec5d07445c500e4c42f84c7743db191c1f9daf2d
/c/ClippersHQ_renders/outputs_paste_20260815_bl1286_v1_nocover/_work/paste_Dbov5RiEbHP__20260815T154118Z/edit-2026-08-15.log	211	4329bd239a7871422cc481561df2b19a5cc49d8d
/c/ClippersHQ_renders/outputs_paste_20260815_bl1286_v1_nocover/_work/paste_DbtMMh2v0yJ__20260815T155949Z/config_paste_DbtMMh2v0yJ__20260815T155949Z.yaml	2911	4ffed0850816cbb492bb2ab6755fa783aa478467
/c/ClippersHQ_renders/outputs_paste_20260815_bl1286_v1_nocover/_work/paste_DbtMMh2v0yJ__20260815T155949Z/edit-2026-08-15.log	229	5f3f17995170ca00f65056d3d5be715d0441185c
/c/ClippersHQ_renders/outputs_paste_20260815_bl1286_v1_nocover/_work/paste_Dbv-dLFPyrT__20260815T154304Z/config_paste_Dbv-dLFPyrT__20260815T154304Z.yaml	2911	c3fb9a6464c367e098e52c1a55d7feced7c111b6
/c/ClippersHQ_renders/outputs_paste_20260815_bl1286_v1_nocover/_work/paste_Dbv-dLFPyrT__20260815T154304Z/edit-2026-08-15.log	215	23abcfbe20b622bc370573124186d21d32e102f8
/c/ClippersHQ_renders/outputs_paste_20260815_bl1286_v1_nocover/_work/paste_DbzJDaxsBPN__20260815T155551Z/config_paste_DbzJDaxsBPN__20260815T155551Z.yaml	2912	419b7451745f7a8d7f02b1ee314614bf0efce51e
/c/ClippersHQ_renders/outputs_paste_20260815_bl1286_v1_nocover/_work/paste_DbzJDaxsBPN__20260815T155551Z/edit-2026-08-15.log	219	e54e0a96daffb0c76b2fb25d50210691dead52c9
/c/ClippersHQ_renders/outputs_paste_20260815_bl1286_v1_nocover/_work/paste_DcBHVL2xZFX__20260815T154206Z/config_paste_DcBHVL2xZFX__20260815T154206Z.yaml	2911	2becfa0a4a8cfc4567706cb37156c37f91a0c305
/c/ClippersHQ_renders/outputs_paste_20260815_bl1286_v1_nocover/_work/paste_DcBHVL2xZFX__20260815T154206Z/edit-2026-08-15.log	209	bc87789f160c1703f9a3f0a9aa50b6a384b04a71
/c/ClippersHQ_renders/outputs_paste_20260815_bl1286_v1_nocover/_work/paste_DcCiRUtByYU__20260815T160057Z/config_paste_DcCiRUtByYU__20260815T160057Z.yaml	2912	352990a1ec561e60b59ee18c2e9f61c9e068b578
/c/ClippersHQ_renders/outputs_paste_20260815_bl1286_v1_nocover/_work/paste_DcCiRUtByYU__20260815T160057Z/edit-2026-08-15.log	209	8c5198fd19a00bedfc2983aadc316cf784c2577c
/c/ClippersHQ_renders/outputs_paste_20260815_bl1286_v1_nocover/_work/paste_DcDH9dyzeTA__20260815T154047Z/config_paste_DcDH9dyzeTA__20260815T154047Z.yaml	2912	c627a069077b9f8e72c6093d7b6dea5700851734
/c/ClippersHQ_renders/outputs_paste_20260815_bl1286_v1_nocover/_work/paste_DcDH9dyzeTA__20260815T154047Z/edit-2026-08-15.log	223	2857f470cb36d4bd3b2623a667894935d3ea7475
/c/ClippersHQ_renders/outputs_paste_20260816_145640/README.md	16589	a3115d9071a6782c69a2e3cadafa3a714bb7b1df
/c/ClippersHQ_renders/outputs_paste_20260816_145640/_batch.json	52535	6c6f2ada599a37197959f349587df2a0ba21402b
/c/ClippersHQ_renders/outputs_paste_20260816_145640/_work/paste_DXbK3hOE6Hg__20260816T125652Z/config_paste_DXbK3hOE6Hg__20260816T125652Z.yaml	2911	b0cd8ccbeaafc4c9888dad19a31af1a8202f3212
/c/ClippersHQ_renders/outputs_paste_20260816_145640/_work/paste_DXbK3hOE6Hg__20260816T125652Z/edit-2026-08-16.log	211	d72083b66fce190cb0372c7c22e17b4f49230b19
/c/ClippersHQ_renders/outputs_paste_20260816_145640/_work/paste_DXpPUOIjLid__20260816T125750Z/config_paste_DXpPUOIjLid__20260816T125750Z.yaml	2911	50f3bd21b9b0a42bf1dc013e3d41be3929dc0271
/c/ClippersHQ_renders/outputs_paste_20260816_145640/_work/paste_DXpPUOIjLid__20260816T125750Z/edit-2026-08-16.log	213	e847c06b0e68fd6a69f67dbbfbf7a2cf7209ba60
/c/ClippersHQ_renders/outputs_paste_20260816_145640/_work/paste_DYZ8QzjB8vx__20260816T125828Z/config_paste_DYZ8QzjB8vx__20260816T125828Z.yaml	2911	c98a11552b3374ef00304e352ee1b38df38bf31c
/c/ClippersHQ_renders/outputs_paste_20260816_145640/_work/paste_DYZ8QzjB8vx__20260816T125828Z/edit-2026-08-16.log	201	7fde96115669e1972862ef202783f6c78631e210
/c/ClippersHQ_renders/outputs_paste_20260816_bl1323_rerun/_batch.json	82440	8fb212175b5fb3e8b5f8a5b57d8c84a6acc54b05
/c/ClippersHQ_renders/outputs_paste_20260816_bl1323_rerun/_work/paste_DVBrfxzEvtr__20260816T141835Z/config_paste_DVBrfxzEvtr__20260816T141835Z.yaml	2918	f2c030a397760ab60baa617875f1e5df9e514afa
/c/ClippersHQ_renders/outputs_paste_20260816_bl1323_rerun/_work/paste_DVBrfxzEvtr__20260816T141835Z/edit-2026-08-16.log	217	d6b70c05acbb07a855c2668735a1164a98ed8c82
/c/ClippersHQ_renders/outputs_paste_20260816_bl1323_rerun/_work/paste_DVGi69vkjSV__20260816T131553Z/config_paste_DVGi69vkjSV__20260816T131553Z.yaml	2917	8ec843d2bc93778461bd4c078352685182dc7895
/c/ClippersHQ_renders/outputs_paste_20260816_bl1323_rerun/_work/paste_DVGi69vkjSV__20260816T131553Z/edit-2026-08-16.log	217	2f63f91571c1e6b614537deb3a245217dc49f4f7
/c/ClippersHQ_renders/outputs_paste_20260816_bl1323_rerun/_work/paste_DVGi69vkjSV__20260816T132845Z/config_paste_DVGi69vkjSV__20260816T132845Z.yaml	2917	fbb8fb76f631451de511e8cfae7a1e80f201dcec
/c/ClippersHQ_renders/outputs_paste_20260816_bl1323_rerun/_work/paste_DVGi69vkjSV__20260816T132845Z/edit-2026-08-16.log	217	5391243aabec22db4753fb9a78cfa0a9b3b44db1
/c/ClippersHQ_renders/outputs_paste_20260816_bl1323_rerun/_work/paste_DXb9-eME_k2__20260816T131133Z/config_paste_DXb9-eME_k2__20260816T131133Z.yaml	2918	d75c3dfddd06555d58922a862880ca51736eed30
/c/ClippersHQ_renders/outputs_paste_20260816_bl1323_rerun/_work/paste_DXb9-eME_k2__20260816T131133Z/edit-2026-08-16.log	223	d62f794df15356b94f5e7385d1da23b549a94812
/c/ClippersHQ_renders/outputs_paste_20260816_bl1323_rerun/_work/paste_DXb9-eME_k2__20260816T132206Z/config_paste_DXb9-eME_k2__20260816T132206Z.yaml	2918	a4acd50b1ac0f968890caad70cd28903d2265ca4
/c/ClippersHQ_renders/outputs_paste_20260816_bl1323_rerun/_work/paste_DXb9-eME_k2__20260816T132206Z/edit-2026-08-16.log	223	bafb9d7ba4683a3b952461f8a815985a73d84ddf
/c/ClippersHQ_renders/outputs_paste_20260816_bl1323_rerun/_work/paste_DXbK3hOE6Hg__20260816T130841Z/config_paste_DXbK3hOE6Hg__20260816T130841Z.yaml	2917	965485caa7870883787bf9962ff1ee77ecc8ed68
/c/ClippersHQ_renders/outputs_paste_20260816_bl1323_rerun/_work/paste_DXbK3hOE6Hg__20260816T130841Z/edit-2026-08-16.log	211	13f3042e502071d7c74b7592679c59b6e75043e5
/c/ClippersHQ_renders/outputs_paste_20260816_bl1323_rerun/_work/paste_DXbK3hOE6Hg__20260816T131901Z/config_paste_DXbK3hOE6Hg__20260816T131901Z.yaml	2917	cd8e58cd710b3b0d570078d51bc463787d0a66cd
/c/ClippersHQ_renders/outputs_paste_20260816_bl1323_rerun/_work/paste_DXbK3hOE6Hg__20260816T131901Z/edit-2026-08-16.log	211	c79d2c4b75d89354a9a631ae189e467cc27fa8d0
/c/ClippersHQ_renders/outputs_paste_20260816_bl1323_rerun/_work/paste_DXedd-VAvqH__20260816T140316Z/config_paste_DXedd-VAvqH__20260816T140316Z.yaml	2917	d53bdf9e426372c56dbf369202021daa587af2bf
/c/ClippersHQ_renders/outputs_paste_20260816_bl1323_rerun/_work/paste_DXedd-VAvqH__20260816T140316Z/edit-2026-08-16.log	227	23f18d2b5083ff9ffe1d81f75bb1c733d450a38e
/c/ClippersHQ_renders/outputs_paste_20260816_bl1323_rerun/_work/paste_DXerM2ZgLQY__20260816T135201Z/config_paste_DXerM2ZgLQY__20260816T135201Z.yaml	2917	0cfb39f7eec9f31d5ff4dba94dc92baf4648e396
/c/ClippersHQ_renders/outputs_paste_20260816_bl1323_rerun/_work/paste_DXerM2ZgLQY__20260816T135201Z/edit-2026-08-16.log	197	d09d247adeebe7cbe9dc7a8a34c396ed94c15263
/c/ClippersHQ_renders/outputs_paste_20260816_bl1323_rerun/_work/paste_DXhQaHZCVWf__20260816T131448Z/config_paste_DXhQaHZCVWf__20260816T131448Z.yaml	2917	e49c4627e0fe43dce4ca5373ff8f1ade8a167d73
/c/ClippersHQ_renders/outputs_paste_20260816_bl1323_rerun/_work/paste_DXhQaHZCVWf__20260816T131448Z/edit-2026-08-16.log	211	f56f234ee1c184d8954da8a0877ba1c9b450f41a
/c/ClippersHQ_renders/outputs_paste_20260816_bl1323_rerun/_work/paste_DXhQaHZCVWf__20260816T132609Z/config_paste_DXhQaHZCVWf__20260816T132609Z.yaml	2917	a22ad2b4016485a9b9db6506cccfceaa9cfb6d18
/c/ClippersHQ_renders/outputs_paste_20260816_bl1323_rerun/_work/paste_DXhQaHZCVWf__20260816T132609Z/edit-2026-08-16.log	211	afc4f5f5148ebb4cbfb857c4fe84fc8dc7f3d17c
/c/ClippersHQ_renders/outputs_paste_20260816_bl1323_rerun/_work/paste_DXpPUOIjLid__20260816T131017Z/config_paste_DXpPUOIjLid__20260816T131017Z.yaml	2917	0b3ed3ba202c0a13bc628a0cd7a5e40787e615f0
/c/ClippersHQ_renders/outputs_paste_20260816_bl1323_rerun/_work/paste_DXpPUOIjLid__20260816T131017Z/edit-2026-08-16.log	213	f0774e2383f12c86940f5ea05d88ebbdbbf74eab
/c/ClippersHQ_renders/outputs_paste_20260816_bl1323_rerun/_work/paste_DXpPUOIjLid__20260816T132056Z/config_paste_DXpPUOIjLid__20260816T132056Z.yaml	2917	2d06ef378ee599e0f253f33a7a86027b3b3626bb
/c/ClippersHQ_renders/outputs_paste_20260816_bl1323_rerun/_work/paste_DXpPUOIjLid__20260816T132056Z/edit-2026-08-16.log	213	75676f666023177654953749440f3b02c46a6ecf
/c/ClippersHQ_renders/outputs_paste_20260816_bl1323_rerun/_work/paste_DYCv8lXzmWh__20260816T131343Z/config_paste_DYCv8lXzmWh__20260816T131343Z.yaml	2918	f6523295ed39dbb324d5a495c67ac006f158f160
/c/ClippersHQ_renders/outputs_paste_20260816_bl1323_rerun/_work/paste_DYCv8lXzmWh__20260816T131343Z/edit-2026-08-16.log	221	5d8a6f2301351eed73ddcc8329821ff2024abc48
/c/ClippersHQ_renders/outputs_paste_20260816_bl1323_rerun/_work/paste_DYCv8lXzmWh__20260816T132457Z/config_paste_DYCv8lXzmWh__20260816T132457Z.yaml	2918	c693b0915d271fb99b0a9d2aac9058fc6187456f
/c/ClippersHQ_renders/outputs_paste_20260816_bl1323_rerun/_work/paste_DYCv8lXzmWh__20260816T132457Z/edit-2026-08-16.log	221	f27ca1d373eb8e234669628af93326cf27c451d9
/c/ClippersHQ_renders/outputs_paste_20260816_bl1323_rerun/_work/paste_DYJgUuAhPQ6__20260816T140645Z/config_paste_DYJgUuAhPQ6__20260816T140645Z.yaml	2918	40ee9383edd197b5633909af0a1cbe3f41fd720c
/c/ClippersHQ_renders/outputs_paste_20260816_bl1323_rerun/_work/paste_DYJgUuAhPQ6__20260816T140645Z/edit-2026-08-16.log	223	7f1afa2c05226e0fc2819358a3201e6d11e56528
/c/ClippersHQ_renders/outputs_paste_20260816_bl1323_rerun/_work/paste_DYZ8QzjB8vx__20260816T131049Z/config_paste_DYZ8QzjB8vx__20260816T131049Z.yaml	2917	f89450ba562998407cac3341aeea57296e75e628
/c/ClippersHQ_renders/outputs_paste_20260816_bl1323_rerun/_work/paste_DYZ8QzjB8vx__20260816T131049Z/edit-2026-08-16.log	201	7872ea3a1eb264cd38ba7971a7b222d0418e84c3
/c/ClippersHQ_renders/outputs_paste_20260816_bl1323_rerun/_work/paste_DYZ8QzjB8vx__20260816T132124Z/config_paste_DYZ8QzjB8vx__20260816T132124Z.yaml	2917	4e2ed1bc7d0b3daecb250c866925a459073c69ad
/c/ClippersHQ_renders/outputs_paste_20260816_bl1323_rerun/_work/paste_DYZ8QzjB8vx__20260816T132124Z/edit-2026-08-16.log	201	6382bbe4e1b1e5bc76557cbccf6ac34f18395877
/c/ClippersHQ_renders/outputs_paste_20260816_bl1323_rerun/_work/paste_DZJEQCpzXZ___20260816T135754Z/config_paste_DZJEQCpzXZ___20260816T135754Z.yaml	2918	e268e2da61a3460aaa8a3a213967d980627b313e
/c/ClippersHQ_renders/outputs_paste_20260816_bl1323_rerun/_work/paste_DZJEQCpzXZ___20260816T135754Z/edit-2026-08-16.log	209	e82481a4647529fa4a83aa21427ad110995c014f
/c/ClippersHQ_renders/outputs_paste_20260816_bl1323_rerun/_work/paste_DZKm3vZSXuE__20260816T141422Z/config_paste_DZKm3vZSXuE__20260816T141422Z.yaml	2917	257da4f278a5128657fc612ea0b7c534c1a77caa
/c/ClippersHQ_renders/outputs_paste_20260816_bl1323_rerun/_work/paste_DZKm3vZSXuE__20260816T141422Z/edit-2026-08-16.log	215	061d365de25fa66de63e2a22550fb9d3434eec40
/c/ClippersHQ_renders/outputs_paste_20260816_bl1323_rerun/_work/paste_DZREYr1ujJN__20260816T131517Z/config_paste_DZREYr1ujJN__20260816T131517Z.yaml	2917	a8775fb5c7392c5e0f90a4fa7822e4d849a8d181
/c/ClippersHQ_renders/outputs_paste_20260816_bl1323_rerun/_work/paste_DZREYr1ujJN__20260816T131517Z/edit-2026-08-16.log	221	8cad0c50dd1d9852949ce9e718aa4ed8d55478f6
/c/ClippersHQ_renders/outputs_paste_20260816_bl1323_rerun/_work/paste_DZREYr1ujJN__20260816T132722Z/config_paste_DZREYr1ujJN__20260816T132722Z.yaml	2917	a0a0f0a4554adb76624791b131fedd2dbc656bba
/c/ClippersHQ_renders/outputs_paste_20260816_bl1323_rerun/_work/paste_DZREYr1ujJN__20260816T132722Z/edit-2026-08-16.log	221	fa4ad1dd418c043d9cb5afe3428fad1a6f74a9ca
/c/ClippersHQ_renders/outputs_paste_20260816_bl1323_rerun/_work/paste_DZhrH5RoXrL__20260816T131645Z/config_paste_DZhrH5RoXrL__20260816T131645Z.yaml	2917	890ef39c5c92a4c732d1917c829a63c8762b4fbc
/c/ClippersHQ_renders/outputs_paste_20260816_bl1323_rerun/_work/paste_DZhrH5RoXrL__20260816T131645Z/edit-2026-08-16.log	197	ae2c5f70a73bfb55310e991349aaf46bf74d806d
/c/ClippersHQ_renders/outputs_paste_20260816_bl1323_rerun/_work/paste_DZhrH5RoXrL__20260816T133418Z/config_paste_DZhrH5RoXrL__20260816T133418Z.yaml	2917	133958f89fb57377359b6eccfa130d7baaf083ad
/c/ClippersHQ_renders/outputs_paste_20260816_bl1323_rerun/_work/paste_DZhrH5RoXrL__20260816T133418Z/edit-2026-08-16.log	197	cd8842634563cbad6fb027fc7cdce272890a7101
/c/ClippersHQ_renders/outputs_paste_20260816_bl1323_rerun/_work/paste_DaKb0i0NHQX__20260816T141123Z/config_paste_DaKb0i0NHQX__20260816T141123Z.yaml	2917	73b863f582ca8ac14ca6e33abb53368ea6dfc05a
/c/ClippersHQ_renders/outputs_paste_20260816_bl1323_rerun/_work/paste_DaKb0i0NHQX__20260816T141123Z/edit-2026-08-16.log	219	15c3878da7282636e1855710920e332050148df6
/c/ClippersHQ_renders/outputs_paste_20260816_bl1323_rerun/_work/paste_DaXkSUsuRWM__20260816T130920Z/config_paste_DaXkSUsuRWM__20260816T130920Z.yaml	2918	3ea0157900191ece21e94e02f076bab7fe8e5864
/c/ClippersHQ_renders/outputs_paste_20260816_bl1323_rerun/_work/paste_DaXkSUsuRWM__20260816T130920Z/edit-2026-08-16.log	207	3a8515522606dca5be8cb05679cbda075506ef59
/c/ClippersHQ_renders/outputs_paste_20260816_bl1323_rerun/_work/paste_DaXkSUsuRWM__20260816T131947Z/config_paste_DaXkSUsuRWM__20260816T131947Z.yaml	2918	b30a29693eba259068f10b5328426c17dc8ad0f8
/c/ClippersHQ_renders/outputs_paste_20260816_bl1323_rerun/_work/paste_DaXkSUsuRWM__20260816T131947Z/edit-2026-08-16.log	207	3a34fb91e96281d2ec0b10b492eb3f66f00a3056
/c/ClippersHQ_renders/outputs_paste_20260816_bl1323_rerun/_work/paste_Da_-fsPSGNt__20260816T141555Z/config_paste_Da_-fsPSGNt__20260816T141555Z.yaml	2918	dc77ca6d4215aa685fa78947ea5d511786f03f2c
/c/ClippersHQ_renders/outputs_paste_20260816_bl1323_rerun/_work/paste_Da_-fsPSGNt__20260816T141555Z/edit-2026-08-16.log	209	d91d41c4ae4675f40045b0778288c629115e8e9f
/c/ClippersHQ_renders/outputs_paste_20260816_bl1323_rerun/_work/paste_Db4x6LksRH0__20260816T134537Z/config_paste_Db4x6LksRH0__20260816T134537Z.yaml	2917	6f69931eac9d448c46aaf88538c9f1a715b52816
/c/ClippersHQ_renders/outputs_paste_20260816_bl1323_rerun/_work/paste_Db4x6LksRH0__20260816T134537Z/edit-2026-08-16.log	219	c41d442e76a71273371692513acfb01692d71a64
/c/ClippersHQ_renders/outputs_paste_20260816_bl1323_rerun/_work/paste_DbDPnKQs2sd__20260816T131233Z/config_paste_DbDPnKQs2sd__20260816T131233Z.yaml	2917	5a5e003e0547140996b22c09796eef3c02f8d834
/c/ClippersHQ_renders/outputs_paste_20260816_bl1323_rerun/_work/paste_DbDPnKQs2sd__20260816T131233Z/edit-2026-08-16.log	203	7c9063640290567e6704501658c1f5e698436318
/c/ClippersHQ_renders/outputs_paste_20260816_bl1323_rerun/_work/paste_DbDPnKQs2sd__20260816T132304Z/config_paste_DbDPnKQs2sd__20260816T132304Z.yaml	2917	4d472fce812edec099b8f745917a397c9d93ccde
/c/ClippersHQ_renders/outputs_paste_20260816_bl1323_rerun/_work/paste_DbDPnKQs2sd__20260816T132304Z/edit-2026-08-16.log	203	7a7c0e9c4a2766d1d81c2b7cd92dc706b33e4721
/c/ClippersHQ_renders/outputs_paste_20260816_bl1323_rerun/_work/paste_Dbgb7JOpB1t__20260816T134015Z/config_paste_Dbgb7JOpB1t__20260816T134015Z.yaml	2917	58915479c35c0a5c51c5320d49edaf7135fbb77c
/c/ClippersHQ_renders/outputs_paste_20260816_bl1323_rerun/_work/paste_Dbgb7JOpB1t__20260816T134015Z/edit-2026-08-16.log	223	0fca93d573d3be81c424c0d25e578bb62443d460
/c/ClippersHQ_renders/outputs_paste_20260816_bl1323_rerun/_work/paste_DbriMjpColj__20260816T131619Z/config_paste_DbriMjpColj__20260816T131619Z.yaml	2917	d43b838720ca26636d9e92a4b88d38c80ce715a5
/c/ClippersHQ_renders/outputs_paste_20260816_bl1323_rerun/_work/paste_DbriMjpColj__20260816T131619Z/edit-2026-08-16.log	223	368610571b74a3d1696409b3d7ec789f7522be3e
/c/ClippersHQ_renders/outputs_paste_20260816_bl1323_rerun/_work/paste_DbriMjpColj__20260816T133017Z/config_paste_DbriMjpColj__20260816T133017Z.yaml	2917	e58bd09d86796a8c9bbd7d0644c6a0a14e95eb69
/c/ClippersHQ_renders/outputs_paste_20260816_bl1323_rerun/_work/paste_DbriMjpColj__20260816T133017Z/edit-2026-08-16.log	223	dc12acf3c868d1bb36c258108076458a88beeeb7
/c/ClippersHQ_renders/outputs_paste_20260816_bl1323_rest/_batch.json	15414	02f58aa219ac111699384e175f4dedef8e162925
/c/ClippersHQ_renders/outputs_paste_20260816_bl1328_DVIoT7UguGk/README.md	2385	71deb7176285f491759c241884a3d9fa167b457a
/c/ClippersHQ_renders/outputs_paste_20260816_bl1328_DVIoT7UguGk/_batch.json	4820	339bfa58eb64e86c0d94f29acf9419fc9253a7e5
/c/ClippersHQ_renders/outputs_paste_20260816_bl1328_DVIoT7UguGk/_work/paste_DVIoT7UguGk__20260816T171358Z/config_paste_DVIoT7UguGk__20260816T171358Z.yaml	2923	a0dcf1b889b643c3f2fb983bade0eac13922635f
/c/ClippersHQ_renders/outputs_paste_20260816_bl1328_DVIoT7UguGk/_work/paste_DVIoT7UguGk__20260816T171358Z/edit-2026-08-16.log	197	0563e75a0e63a211a874683f39278858e7792088
/c/ClippersHQ_renders/outputs_paste_20260816_bl1328_DVUjllKjeFp/README.md	2357	eaa01a1cf01382a3600b2981b9955b62537e00de
/c/ClippersHQ_renders/outputs_paste_20260816_bl1328_DVUjllKjeFp/_batch.json	4698	d67d0b79e1f0207c630657bce9511404f87adc81
/c/ClippersHQ_renders/outputs_paste_20260816_bl1328_DVUjllKjeFp/_work/paste_DVUjllKjeFp__20260816T171432Z/config_paste_DVUjllKjeFp__20260816T171432Z.yaml	2923	831d0962109523b82332eeb31799ef1b3229f378
/c/ClippersHQ_renders/outputs_paste_20260816_bl1328_DVUjllKjeFp/_work/paste_DVUjllKjeFp__20260816T171432Z/edit-2026-08-16.log	195	f3935f79e985ec4c4c5c4076a41bcd9c0e124401
/c/ClippersHQ_renders/outputs_paste_20260816_bl1328_DVZd0QXgeoM/README.md	1723	ea0ae7c3f2248353fad481a71a38163c65532121
/c/ClippersHQ_renders/outputs_paste_20260816_bl1328_DVZd0QXgeoM/_batch.json	3826	0a77d116a0d2e1ffc4576253772103e4436a66dd
/c/ClippersHQ_renders/outputs_paste_20260816_bl1328_DVpUY5dk8Sv/README.md	2190	b448a8bc59f6ed45dc5c2490b31cd677ff5faf91
/c/ClippersHQ_renders/outputs_paste_20260816_bl1328_DVpUY5dk8Sv/_batch.json	4756	eaa934afe754ec59a2459dc7f0f2a5a90cd79ab9
/c/ClippersHQ_renders/outputs_paste_20260816_bl1328_DVpUY5dk8Sv/_work/paste_DVpUY5dk8Sv__20260816T162856Z/config_paste_DVpUY5dk8Sv__20260816T162856Z.yaml	2923	4919241ee1c80fe9fba2755d61d9719b6b956518
/c/ClippersHQ_renders/outputs_paste_20260816_bl1328_DVpUY5dk8Sv/_work/paste_DVpUY5dk8Sv__20260816T162856Z/edit-2026-08-16.log	213	e8f6f612bc24c6b3e3c3c2e8a702c37913b3c7b2
/c/ClippersHQ_renders/outputs_paste_20260816_bl1328_DXVM_GckzZB/README.md	1724	e8804a1d6515290c66751f0f3f173718dc9ab134
/c/ClippersHQ_renders/outputs_paste_20260816_bl1328_DXVM_GckzZB/_batch.json	3702	b8a62542e5cb215ff38389b43ea75c31ddad8c27
/c/ClippersHQ_renders/outputs_paste_20260816_bl1328_DYcuDT1Bgls/README.md	2267	3407b38c063421135fb3b1817f33ee5cf716afa2
/c/ClippersHQ_renders/outputs_paste_20260816_bl1328_DYcuDT1Bgls/_batch.json	4740	5566fc900b03dacc6e28378d45216d6b788f7040
/c/ClippersHQ_renders/outputs_paste_20260816_bl1328_DYcuDT1Bgls/_work/paste_DYcuDT1Bgls__20260816T171102Z/config_paste_DYcuDT1Bgls__20260816T171102Z.yaml	2923	379d1e4858edea420e2277ea43b0ceec74ca3b0c
/c/ClippersHQ_renders/outputs_paste_20260816_bl1328_DYcuDT1Bgls/_work/paste_DYcuDT1Bgls__20260816T171102Z/edit-2026-08-16.log	201	ef93332f73e20339330bbfdfd17c830dd430ef19
/c/ClippersHQ_renders/outputs_paste_20260816_bl1328_DYhMUZLNPzq/README.md	2374	e9c0f81fa0c96c1f886a7577e4ebf2a81b751b0b
/c/ClippersHQ_renders/outputs_paste_20260816_bl1328_DYhMUZLNPzq/_batch.json	4841	0e020541b2b0f8497b325e8b045c2cfdadcf7a21
/c/ClippersHQ_renders/outputs_paste_20260816_bl1328_DYhMUZLNPzq/_work/paste_DYhMUZLNPzq__20260816T170506Z/config_paste_DYhMUZLNPzq__20260816T170506Z.yaml	2924	a2a9ebdd21212d4ad46a23835a0c4fc64cf97db4
/c/ClippersHQ_renders/outputs_paste_20260816_bl1328_DYhMUZLNPzq/_work/paste_DYhMUZLNPzq__20260816T170506Z/edit-2026-08-16.log	229	6bbbe5695ce1aff58d3661507b587fc73ebe4b9a
/c/ClippersHQ_renders/outputs_paste_20260816_bl1328_DYm7dqEzYRu/README.md	2010	be95a764486af6caf079164c7d8199fc12b9d59a
/c/ClippersHQ_renders/outputs_paste_20260816_bl1328_DYm7dqEzYRu/_batch.json	4252	7a19e42b1ecabfb09a45f082908f9e25201a4ec5
/c/ClippersHQ_renders/outputs_paste_20260816_bl1328_DYoy1QVy_bb/README.md	1724	92ea30d2c1a698c81e479e6bd24f0dbb47a338f7
/c/ClippersHQ_renders/outputs_paste_20260816_bl1328_DYoy1QVy_bb/_batch.json	3887	5fda70dfe46577f7187b4fabb136d295842a49b7
/c/ClippersHQ_renders/outputs_paste_20260816_bl1328_DZNYsVOiZDu/README.md	2422	362be7ea8fc652a6ee0510afea27ce0408303ae7
/c/ClippersHQ_renders/outputs_paste_20260816_bl1328_DZNYsVOiZDu/_batch.json	4783	b264f21e80532f200d246abd9ed4dbb8a3337ad9
/c/ClippersHQ_renders/outputs_paste_20260816_bl1328_DZNYsVOiZDu/_work/paste_DZNYsVOiZDu__20260816T162140Z/config_paste_DZNYsVOiZDu__20260816T162140Z.yaml	2923	fac42dd4b3306fc78e632c8c22f5b5e5c84d16df
/c/ClippersHQ_renders/outputs_paste_20260816_bl1328_DZNYsVOiZDu/_work/paste_DZNYsVOiZDu__20260816T162140Z/edit-2026-08-16.log	213	6d1d2f7b6c35c0aef369bf6338645971ae87e22e
/c/ClippersHQ_renders/outputs_paste_20260816_bl1328_DZP4JNrpwtg/README.md	2563	f2efdf54e6e47874ecfb80dbf4a8320167eece40
/c/ClippersHQ_renders/outputs_paste_20260816_bl1328_DZP4JNrpwtg/_batch.json	4900	8df65dd898dab29032ab05fddf1331334af60e8b
/c/ClippersHQ_renders/outputs_paste_20260816_bl1328_DZP4JNrpwtg/_work/paste_DZP4JNrpwtg__20260816T165118Z/config_paste_DZP4JNrpwtg__20260816T165118Z.yaml	2923	762aacca554710d91775286d6af1e640f9d9eab8
/c/ClippersHQ_renders/outputs_paste_20260816_bl1328_DZP4JNrpwtg/_work/paste_DZP4JNrpwtg__20260816T165118Z/edit-2026-08-16.log	211	0ee7e965a9d87b47541e4c12dc5fee4485957a74
/c/ClippersHQ_renders/outputs_paste_20260816_bl1328_DZjbVmjBVsg/README.md	2357	5c7be2b6e67a128d8588a71aa9c1efe29b41d392
/c/ClippersHQ_renders/outputs_paste_20260816_bl1328_DZjbVmjBVsg/_batch.json	4781	91f3c98a18eb09ccc066c80b9b1404f4b3b3c009
/c/ClippersHQ_renders/outputs_paste_20260816_bl1328_DZjbVmjBVsg/_work/paste_DZjbVmjBVsg__20260816T171326Z/config_paste_DZjbVmjBVsg__20260816T171326Z.yaml	2923	d7c7dd3cae83daf00f2dc21de8241e6447c4dc65
/c/ClippersHQ_renders/outputs_paste_20260816_bl1328_DZjbVmjBVsg/_work/paste_DZjbVmjBVsg__20260816T171326Z/edit-2026-08-16.log	219	0c7156f3f1dae2f56c59c3bcef447b3d7ec52130
/c/ClippersHQ_renders/outputs_paste_20260816_bl1328_DZvWgGWRPNQ/README.md	2415	7b7256da5fb3e2254b2ffa77c3da25079147d92a
/c/ClippersHQ_renders/outputs_paste_20260816_bl1328_DZvWgGWRPNQ/_batch.json	4890	7ab8620207ed6aa730185f5e77671776577c6ce6
/c/ClippersHQ_renders/outputs_paste_20260816_bl1328_DZvWgGWRPNQ/_work/paste_DZvWgGWRPNQ__20260816T171212Z/config_paste_DZvWgGWRPNQ__20260816T171212Z.yaml	2923	15a3cbbcad0e07aa9f4d031cbea9d2b3cc1070ad
/c/ClippersHQ_renders/outputs_paste_20260816_bl1328_DZvWgGWRPNQ/_work/paste_DZvWgGWRPNQ__20260816T171212Z/edit-2026-08-16.log	215	28d66cc90e49b7433f16b0f63e37eb452b790913
/c/ClippersHQ_renders/outputs_paste_20260816_bl1328_DaDlsPVBo_D/README.md	2317	e11853e70b56d9201df529955d9136984961e685
/c/ClippersHQ_renders/outputs_paste_20260816_bl1328_DaDlsPVBo_D/_batch.json	4844	8987b86d85fcfb87a3c107ba0dac4f9252b5a018
/c/ClippersHQ_renders/outputs_paste_20260816_bl1328_DaDlsPVBo_D/_work/paste_DaDlsPVBo_D__20260816T165934Z/config_paste_DaDlsPVBo_D__20260816T165934Z.yaml	2923	9ccf46ee1a1ff328aefd01832629fad6f0b6e14e
/c/ClippersHQ_renders/outputs_paste_20260816_bl1328_DaDlsPVBo_D/_work/paste_DaDlsPVBo_D__20260816T165934Z/edit-2026-08-16.log	211	84ce4f18a5ad6b30313f4f1be3b90785736cab83
/c/ClippersHQ_renders/outputs_paste_20260816_bl1328_DaX7F2yNtNo/README.md	2072	fb2c07a540ca80ae52dd27cfb81f36a36a40f64f
/c/ClippersHQ_renders/outputs_paste_20260816_bl1328_DaX7F2yNtNo/_batch.json	4339	af9ec455aad9cf9775332794587d3767f18a369c
/c/ClippersHQ_renders/outputs_paste_20260816_bl1328_Daa9DFBP4Cx/README.md	2432	48aae5805f9f9a30fb06e7a6da25f5d3117f0c5b
/c/ClippersHQ_renders/outputs_paste_20260816_bl1328_Daa9DFBP4Cx/_batch.json	4902	4a62410772b545ba0e7675f62a235f18f7bf0f57
/c/ClippersHQ_renders/outputs_paste_20260816_bl1328_Daa9DFBP4Cx/_work/paste_Daa9DFBP4Cx__20260816T161848Z/config_paste_Daa9DFBP4Cx__20260816T161848Z.yaml	2924	8fc55c3a5c9cbe72ce7e6af11368e89cf80a7516
/c/ClippersHQ_renders/outputs_paste_20260816_bl1328_Daa9DFBP4Cx/_work/paste_Daa9DFBP4Cx__20260816T161848Z/edit-2026-08-16.log	241	7ee8617d540f00e418b762408dbdf5fe0edf6200
/c/ClippersHQ_renders/outputs_paste_20260816_bl1328_DagS5tCBmJ-/README.md	2479	ca5cf31eb05d1e2ebd505fd0ea4825e5f3a5ebbf
/c/ClippersHQ_renders/outputs_paste_20260816_bl1328_DagS5tCBmJ-/_batch.json	4948	a04e838b78dfb68f9c388a0207f796ac7de3897d
/c/ClippersHQ_renders/outputs_paste_20260816_bl1328_DagS5tCBmJ-/_work/paste_DagS5tCBmJ-__20260816T171536Z/config_paste_DagS5tCBmJ-__20260816T171536Z.yaml	2923	f8442cc687de8d845fec14f2bed8bf1f1f1592d7
/c/ClippersHQ_renders/outputs_paste_20260816_bl1328_DagS5tCBmJ-/_work/paste_DagS5tCBmJ-__20260816T171536Z/edit-2026-08-16.log	201	a7d212517a6469fdd20e3faf753efaf98d29fe45
/c/ClippersHQ_renders/outputs_paste_20260816_bl1328_DalajbzSjXS/README.md	2407	e88165a2d3d67eae0b2441faf209ef763dd00412
/c/ClippersHQ_renders/outputs_paste_20260816_bl1328_DalajbzSjXS/_batch.json	4896	3bc1053da61e43b594f04f8cb16a39cf11a16790
/c/ClippersHQ_renders/outputs_paste_20260816_bl1328_DalajbzSjXS/_work/paste_DalajbzSjXS__20260816T163355Z/config_paste_DalajbzSjXS__20260816T163355Z.yaml	2923	8a47dccb6a0993e825b64ae68d4e9b9dbd7372c4
/c/ClippersHQ_renders/outputs_paste_20260816_bl1328_DalajbzSjXS/_work/paste_DalajbzSjXS__20260816T163355Z/edit-2026-08-16.log	205	99213828421ed7fbe882149f004957ff071aa7b8
/c/ClippersHQ_renders/outputs_paste_20260816_bl1328_DamVhyqk4rN/README.md	2526	f7d78df2cc20e6d9e992d897a37744a10475a523
/c/ClippersHQ_renders/outputs_paste_20260816_bl1328_DamVhyqk4rN/_batch.json	4808	752d78064305f81e3dda779aed0e2a2288950aa6
/c/ClippersHQ_renders/outputs_paste_20260816_bl1328_DamVhyqk4rN/_work/paste_DamVhyqk4rN__20260816T171256Z/config_paste_DamVhyqk4rN__20260816T171256Z.yaml	2923	1555ba5d5552fa42b5ccb3b22d5b34d1eaa69069
/c/ClippersHQ_renders/outputs_paste_20260816_bl1328_DamVhyqk4rN/_work/paste_DamVhyqk4rN__20260816T171256Z/edit-2026-08-16.log	215	de61a518859e26957323b0b3de831aaafcaf6cc4
/c/ClippersHQ_renders/outputs_paste_20260816_bl1328_Db04yk8sqjf/README.md	1724	ee1bccb4e4ef45e5541500d8b7bb9e90d5f495d0
/c/ClippersHQ_renders/outputs_paste_20260816_bl1328_Db04yk8sqjf/_batch.json	3962	12a891c6361ddde3ba4555a1b7ffbe68726c24e9
/c/ClippersHQ_renders/outputs_paste_20260816_bl1328_DbDTFN1prH4/README.md	2599	e198861ae1a39acd6b5b12fa4c7a18654fece9a2
/c/ClippersHQ_renders/outputs_paste_20260816_bl1328_DbDTFN1prH4/_batch.json	5063	271e9d1a85fbc5c7b3f6144507f9bb22d3a8f338
/c/ClippersHQ_renders/outputs_paste_20260816_bl1328_DbDTFN1prH4/_work/paste_DbDTFN1prH4__20260816T170836Z/config_paste_DbDTFN1prH4__20260816T170836Z.yaml	2923	9504bc446acc5ee9d2994495bb4872ad6067d63a
/c/ClippersHQ_renders/outputs_paste_20260816_bl1328_DbDTFN1prH4/_work/paste_DbDTFN1prH4__20260816T170836Z/edit-2026-08-16.log	219	cfab90780e8a3b33a0d6a1e8d43aacb0212f292f
/c/ClippersHQ_renders/outputs_paste_20260816_bl1328_DbHm1n9MuM8/README.md	2349	8a301a363b88937127fc39345180eff28495f2d1
/c/ClippersHQ_renders/outputs_paste_20260816_bl1328_DbHm1n9MuM8/_batch.json	4722	098a5a55d8fc37e47946a4a02bf7af521b7997fc
/c/ClippersHQ_renders/outputs_paste_20260816_bl1328_DbHm1n9MuM8/_work/paste_DbHm1n9MuM8__20260816T170248Z/config_paste_DbHm1n9MuM8__20260816T170248Z.yaml	2923	0f621cd2c63170ab6cd4241c3851eb454eb26a48
/c/ClippersHQ_renders/outputs_paste_20260816_bl1328_DbHm1n9MuM8/_work/paste_DbHm1n9MuM8__20260816T170248Z/edit-2026-08-16.log	201	d6c81adb0bfee3bc1112415eb48d1ee4c3889b28
/c/ClippersHQ_renders/outputs_paste_20260816_bl1328_DbMLBm3TCTg/README.md	2239	f06c36988616ad198f4c525509f6b0809ea7e849
/c/ClippersHQ_renders/outputs_paste_20260816_bl1328_DbMLBm3TCTg/_batch.json	4804	69b86f6bf29ae23a972f27714d047fe5abc3e08a
/c/ClippersHQ_renders/outputs_paste_20260816_bl1328_DbMLBm3TCTg/_work/paste_DbMLBm3TCTg__20260816T171731Z/config_paste_DbMLBm3TCTg__20260816T171731Z.yaml	2923	a26e4c299af6e8e55f04306db61f7e3bb9fb7542
/c/ClippersHQ_renders/outputs_paste_20260816_bl1328_DbMLBm3TCTg/_work/paste_DbMLBm3TCTg__20260816T171731Z/edit-2026-08-16.log	215	9c2c6a8ea37310f600832498d0b09c7c70a2e388
/c/ClippersHQ_renders/outputs_paste_20260816_bl1328_DbVVbLriLcH/README.md	2681	c255c382e028abf630384062833bfc0096313d9e
/c/ClippersHQ_renders/outputs_paste_20260816_bl1328_DbVVbLriLcH/_batch.json	5542	80d41b31a1f6562fc0d185d3ba7273159f929dda
/c/ClippersHQ_renders/outputs_paste_20260816_bl1328_DbVVbLriLcH/_work/paste_DbVVbLriLcH__20260816T171135Z/config_paste_DbVVbLriLcH__20260816T171135Z.yaml	2923	aab04198afd28db7e1325716c86def7afbc6de57
/c/ClippersHQ_renders/outputs_paste_20260816_bl1328_DbVVbLriLcH/_work/paste_DbVVbLriLcH__20260816T171135Z/edit-2026-08-16.log	213	517738e943622df6d3b317d18af243ca53b27886
/c/ClippersHQ_renders/outputs_paste_20260816_bl1328_DbYO4D0RxCH/README.md	2451	79e239f964f8c0967b2bbc11949997db36177636
/c/ClippersHQ_renders/outputs_paste_20260816_bl1328_DbYO4D0RxCH/_batch.json	4789	020d401ffd90aec54af3b76a613ff9e873a33b45
/c/ClippersHQ_renders/outputs_paste_20260816_bl1328_DbYO4D0RxCH/_work/paste_DbYO4D0RxCH__20260816T163833Z/config_paste_DbYO4D0RxCH__20260816T163833Z.yaml	2923	8c5daa49a91aaea189091bb3cc77dcce46c86936
/c/ClippersHQ_renders/outputs_paste_20260816_bl1328_DbYO4D0RxCH/_work/paste_DbYO4D0RxCH__20260816T163833Z/edit-2026-08-16.log	219	9374b5db98d9a1faa2e32a8df17b5c44b7f39ab4
/c/ClippersHQ_renders/outputs_paste_20260816_bl1328_Db_FHn7BdWy/README.md	1723	44c4de075611b7c21dea0237eba4a7b6ae5e9665
/c/ClippersHQ_renders/outputs_paste_20260816_bl1328_Db_FHn7BdWy/_batch.json	3699	97876b410bda0c39bc3fcace52e998acdb6e00e7
/c/ClippersHQ_renders/outputs_paste_20260816_bl1328_DblWOFBox54/README.md	2324	7f2c62a937708a23a3e847203067edc13b865222
/c/ClippersHQ_renders/outputs_paste_20260816_bl1328_DblWOFBox54/_batch.json	4894	f10ea93f9d481798d6a18c61dfc714e05f40555e
/c/ClippersHQ_renders/outputs_paste_20260816_bl1328_DblWOFBox54/_work/paste_DblWOFBox54__20260816T170929Z/config_paste_DblWOFBox54__20260816T170929Z.yaml	2923	fce56b77e81b26718400ea0fb68c4168fadb182c
/c/ClippersHQ_renders/outputs_paste_20260816_bl1328_DblWOFBox54/_work/paste_DblWOFBox54__20260816T170929Z/edit-2026-08-16.log	221	7f4277113290701089fca3ef80b267cc5d97f7df
/c/ClippersHQ_renders/outputs_paste_20260816_bl1328_DboLbB2y49Y/README.md	2329	89196b8be64a5c66a9dac88c1deab6104ca2a18e
/c/ClippersHQ_renders/outputs_paste_20260816_bl1328_DboLbB2y49Y/_batch.json	4742	43aa0e3392dd8cb0b8c143191d2087b4f098a77f
/c/ClippersHQ_renders/outputs_paste_20260816_bl1328_DboLbB2y49Y/_work/paste_DboLbB2y49Y__20260816T165605Z/config_paste_DboLbB2y49Y__20260816T165605Z.yaml	2923	9e00430cca71bce5529fa4010adc7708df61f559
/c/ClippersHQ_renders/outputs_paste_20260816_bl1328_DboLbB2y49Y/_work/paste_DboLbB2y49Y__20260816T165605Z/edit-2026-08-16.log	219	4b43b73f6ec7819d4723bd9a0bda65a27032c4fa
/c/ClippersHQ_renders/outputs_paste_20260816_bl1328_Dbov5RiEbHP/README.md	2588	0a07cedc1a0fc4bb5cb6c5ba2ea2d74ba7023546
/c/ClippersHQ_renders/outputs_paste_20260816_bl1328_Dbov5RiEbHP/_batch.json	5046	266ea265df6e65cfccbffffd77f7f725db4b9ee4
/c/ClippersHQ_renders/outputs_paste_20260816_bl1328_Dbov5RiEbHP/_work/paste_Dbov5RiEbHP__20260816T171922Z/config_paste_Dbov5RiEbHP__20260816T171922Z.yaml	2923	c6352cd224ab32071a14dd87c2e0539ff78ce541
/c/ClippersHQ_renders/outputs_paste_20260816_bl1328_Dbov5RiEbHP/_work/paste_Dbov5RiEbHP__20260816T171922Z/edit-2026-08-16.log	211	2e1f62087f106ac8fe134d22d2700c726c21ec1c
/c/ClippersHQ_renders/outputs_paste_20260816_bl1328_DbtMMh2v0yJ/README.md	2503	0d6052a6420b5ac0869ced5285917e84437dd3a0
/c/ClippersHQ_renders/outputs_paste_20260816_bl1328_DbtMMh2v0yJ/_batch.json	5025	76a3df9df7054649db65aae7b4daf0655137644c
/c/ClippersHQ_renders/outputs_paste_20260816_bl1328_DbtMMh2v0yJ/_work/paste_DbtMMh2v0yJ__20260816T162514Z/config_paste_DbtMMh2v0yJ__20260816T162514Z.yaml	2923	a468a2787df6c44069cd2244987c6e3f6929faf0
/c/ClippersHQ_renders/outputs_paste_20260816_bl1328_DbtMMh2v0yJ/_work/paste_DbtMMh2v0yJ__20260816T162514Z/edit-2026-08-16.log	229	1c85aca8c87cf6b13788ca9ea40d08bf397721df
/c/ClippersHQ_renders/outputs_paste_20260816_bl1328_Dbv-dLFPyrT/README.md	2370	32f81ab8d9a1a53d60127e7b9fed1298f755e3db
/c/ClippersHQ_renders/outputs_paste_20260816_bl1328_Dbv-dLFPyrT/_batch.json	4815	ac05b2d6a85d571ca241497e77d6b078bdd0bd3c
/c/ClippersHQ_renders/outputs_paste_20260816_bl1328_Dbv-dLFPyrT/_work/paste_Dbv-dLFPyrT__20260816T171605Z/config_paste_Dbv-dLFPyrT__20260816T171605Z.yaml	2923	9f70ef1ccfe055083243970f361fad76f7070bdf
/c/ClippersHQ_renders/outputs_paste_20260816_bl1328_Dbv-dLFPyrT/_work/paste_Dbv-dLFPyrT__20260816T171605Z/edit-2026-08-16.log	215	bbb0beec3d95da41e720af04fff307a5e58b111c
/c/ClippersHQ_renders/outputs_paste_20260816_bl1328_DbzJDaxsBPN/README.md	2388	72deaf31802255cea9ae8e58e4b11b926aa0cc12
/c/ClippersHQ_renders/outputs_paste_20260816_bl1328_DbzJDaxsBPN/_batch.json	5306	091f76f92fdcdd56407bc89782d32ff639d3e377
/c/ClippersHQ_renders/outputs_paste_20260816_bl1328_DbzJDaxsBPN/_work/paste_DbzJDaxsBPN__20260816T164128Z/config_paste_DbzJDaxsBPN__20260816T164128Z.yaml	2924	f7ca9e0457f52fc313ef949fd1629a92bf8bd362
/c/ClippersHQ_renders/outputs_paste_20260816_bl1328_DbzJDaxsBPN/_work/paste_DbzJDaxsBPN__20260816T164128Z/edit-2026-08-16.log	219	1c0930ebd2310005a7cfa7a4b6dc41b2eb4a2923
/c/ClippersHQ_renders/outputs_paste_20260816_bl1328_DcBHVL2xZFX/README.md	2676	a6f60139164ef61ca96c4133f06a601f44b9969f
/c/ClippersHQ_renders/outputs_paste_20260816_bl1328_DcBHVL2xZFX/_batch.json	5008	81b2e2481bb91a883638073c86508e0d21672f65
/c/ClippersHQ_renders/outputs_paste_20260816_bl1328_DcBHVL2xZFX/_work/paste_DcBHVL2xZFX__20260816T171511Z/config_paste_DcBHVL2xZFX__20260816T171511Z.yaml	2923	f5111ff8e082267a5c9f306f6c08b32cee7df41e
/c/ClippersHQ_renders/outputs_paste_20260816_bl1328_DcBHVL2xZFX/_work/paste_DcBHVL2xZFX__20260816T171511Z/edit-2026-08-16.log	209	3a88eed469c6a94874ca2075845a88b40089ca62
/c/ClippersHQ_renders/outputs_paste_20260816_bl1328_DcCiRUtByYU/README.md	2401	cc1def85ec1710ffe57838fe9ba00aad36946679
/c/ClippersHQ_renders/outputs_paste_20260816_bl1328_DcCiRUtByYU/_batch.json	5086	cae0ec3e43c95b025d5af9ea3a9921ae0103b28b
/c/ClippersHQ_renders/outputs_paste_20260816_bl1328_DcCiRUtByYU/_work/paste_DcCiRUtByYU__20260816T161409Z/config_paste_DcCiRUtByYU__20260816T161409Z.yaml	2924	6bd31750b43c6093403ace6344fc848f513cc1eb
/c/ClippersHQ_renders/outputs_paste_20260816_bl1328_DcCiRUtByYU/_work/paste_DcCiRUtByYU__20260816T161409Z/edit-2026-08-16.log	209	32a886dae314bec60b10d1d3a50c790fbf717531
/c/ClippersHQ_renders/outputs_paste_20260816_bl1328_DcDH9dyzeTA/README.md	2436	d441bdfae1c7c16df5d8c92bd226af5061fa5d57
/c/ClippersHQ_renders/outputs_paste_20260816_bl1328_DcDH9dyzeTA/_batch.json	5148	14104e9a6fda63317c6f023872f1566c4b15222e
/c/ClippersHQ_renders/outputs_paste_20260816_bl1328_DcDH9dyzeTA/_work/paste_DcDH9dyzeTA__20260816T171821Z/config_paste_DcDH9dyzeTA__20260816T171821Z.yaml	2924	eb6881ccb438ac3f16b9e245ae03f23b7654b527
/c/ClippersHQ_renders/outputs_paste_20260816_bl1328_DcDH9dyzeTA/_work/paste_DcDH9dyzeTA__20260816T171821Z/edit-2026-08-16.log	223	a160b93389787ad3731a53a23785a761b2f48134
/c/ClippersHQ_renders/outputs_paste_20260816_bl1328_all62/_resume.json	95813	d43268be47ba36e399bfc29d8f4e8eae96753048
/c/ClippersHQ_renders/outputs_paste_20260816_bl1328_dry/_batch.json	32205	7da7cd66929b122619744f0a28b0386b0d8e08b0
/c/ClippersHQ_renders/outputs_paste_20260816_bl1328_dry/_work/paste_DVpUY5dk8Sv__20260816T160652Z/config_paste_DVpUY5dk8Sv__20260816T160652Z.yaml	2915	12bd9a6f7666af9659cc8de12799a85abf937752
/c/ClippersHQ_renders/outputs_paste_20260816_bl1328_dry/_work/paste_DZNYsVOiZDu__20260816T160531Z/config_paste_DZNYsVOiZDu__20260816T160531Z.yaml	2915	0362d03a6acab57f3e9038cbe8fa5d04b9129617
/c/ClippersHQ_renders/outputs_paste_20260816_bl1328_dry/_work/paste_Daa9DFBP4Cx__20260816T160417Z/config_paste_Daa9DFBP4Cx__20260816T160417Z.yaml	2916	8dba3aa1c61a58c188940af72c7cd8fc799ca5b1
/c/ClippersHQ_renders/outputs_paste_20260816_bl1328_dry/_work/paste_DalajbzSjXS__20260816T160749Z/config_paste_DalajbzSjXS__20260816T160749Z.yaml	2915	599b5d1b3e74ff097d1ea9e1686361646c3482eb
/c/ClippersHQ_renders/outputs_paste_20260816_bl1328_dry/_work/paste_DbYO4D0RxCH__20260816T160838Z/config_paste_DbYO4D0RxCH__20260816T160838Z.yaml	2915	ca309f50882bb8f9a6f3530cc4c7c2945584a0fa
/c/ClippersHQ_renders/outputs_paste_20260816_bl1328_dry/_work/paste_DbtMMh2v0yJ__20260816T160612Z/config_paste_DbtMMh2v0yJ__20260816T160612Z.yaml	2915	af1ac5585467ab2842bf73257e70ea6e34d6e886
/c/ClippersHQ_renders/outputs_paste_20260816_bl1328_dry/_work/paste_DbzJDaxsBPN__20260816T160937Z/config_paste_DbzJDaxsBPN__20260816T160937Z.yaml	2916	3f95f2a52fa796b7ac3e84486bba320ed687df3e
/c/ClippersHQ_renders/outputs_paste_20260816_bl1328_dry/_work/paste_DcCiRUtByYU__20260816T160236Z/config_paste_DcCiRUtByYU__20260816T160236Z.yaml	2916	ce933914d8f633171721a2c71ac278a95b474b9b
/c/ClippersHQ_renders/outputs_paste_20260820_bl1354/README.md	57388	814c8f13e00e61628f53f90411005e2bde300239
/c/ClippersHQ_renders/outputs_paste_20260820_bl1354/_resume.json	77803	b2ee0a86a97a61570ff6094fa630b2e22b36ca75
/c/ClippersHQ_renders/outputs_paste_20260820_bl1354_DVQ_t_QE9Sr/README.md	2646	9cf1b9eda745bfc43df66a847f9521c9c3b28224
/c/ClippersHQ_renders/outputs_paste_20260820_bl1354_DVQ_t_QE9Sr/_batch.json	5075	03fd007b8586eb452105f89fbb212a1a96c372dd
/c/ClippersHQ_renders/outputs_paste_20260820_bl1354_DVQ_t_QE9Sr/_work/paste_DVQ_t_QE9Sr__20260820T145854Z/config_paste_DVQ_t_QE9Sr__20260820T145854Z.yaml	2923	468123ff2978bc5d00397b7ce7e73b032f0a4f2c
/c/ClippersHQ_renders/outputs_paste_20260820_bl1354_DVQ_t_QE9Sr/_work/paste_DVQ_t_QE9Sr__20260820T145854Z/edit-2026-08-20.log	215	a91021bfd2f277f26b908f7b3804a8acedeb205f
/c/ClippersHQ_renders/outputs_paste_20260820_bl1354_DXmp4aIjx7K/README.md	2584	2589721801234199354a05b2290ebf463a361f64
/c/ClippersHQ_renders/outputs_paste_20260820_bl1354_DXmp4aIjx7K/_batch.json	4916	67b3e6330011d877d92b258c4e571421893448eb
/c/ClippersHQ_renders/outputs_paste_20260820_bl1354_DXmp4aIjx7K/_work/paste_DXmp4aIjx7K__20260820T151943Z/config_paste_DXmp4aIjx7K__20260820T151943Z.yaml	2923	5349ee2ff1eb52968f11e4c116f20388d7659012
/c/ClippersHQ_renders/outputs_paste_20260820_bl1354_DXmp4aIjx7K/_work/paste_DXmp4aIjx7K__20260820T151943Z/edit-2026-08-20.log	209	e5bd1bc9af955c3460ae21b7147af71370b12911
/c/ClippersHQ_renders/outputs_paste_20260820_bl1354_DXn-AbxgLqy/README.md	2228	1556f081009948f6be3da58c4264750696b4221d
/c/ClippersHQ_renders/outputs_paste_20260820_bl1354_DXn-AbxgLqy/_batch.json	4690	937918e0836cd1534ee1cd98bfab24b71a668121
/c/ClippersHQ_renders/outputs_paste_20260820_bl1354_DXn-AbxgLqy/_work/paste_DXn-AbxgLqy__20260820T151359Z/config_paste_DXn-AbxgLqy__20260820T151359Z.yaml	2923	8d1b35ddd7e1d6e57d1eb6c66a599a29dd6f192d
/c/ClippersHQ_renders/outputs_paste_20260820_bl1354_DXn-AbxgLqy/_work/paste_DXn-AbxgLqy__20260820T151359Z/edit-2026-08-20.log	217	84037f6d373ba581718a7a9ff63ce5fcc4c10360
/c/ClippersHQ_renders/outputs_paste_20260820_bl1354_DYXhyfvR9EU/README.md	2459	1185cb9e498d7f3281bce6d36ade19092d0dce71
/c/ClippersHQ_renders/outputs_paste_20260820_bl1354_DYXhyfvR9EU/_batch.json	4896	2d30676f3efb8a3caf858bef2c60142c35a91f16
/c/ClippersHQ_renders/outputs_paste_20260820_bl1354_DYXhyfvR9EU/_work/paste_DYXhyfvR9EU__20260820T150104Z/config_paste_DYXhyfvR9EU__20260820T150104Z.yaml	2923	c6f2b911e107461ad4f31be2123bcb737970043a
/c/ClippersHQ_renders/outputs_paste_20260820_bl1354_DYXhyfvR9EU/_work/paste_DYXhyfvR9EU__20260820T150104Z/edit-2026-08-20.log	221	3acb9f469d909999845e0480541070109667f5d9
/c/ClippersHQ_renders/outputs_paste_20260820_bl1354_DZFmoefI2xi/README.md	2278	f95b51beb45dcbd65ca2e6f33a2affe6405e08cb
/c/ClippersHQ_renders/outputs_paste_20260820_bl1354_DZFmoefI2xi/_batch.json	4777	6bc9e3431078157b7a82cff2e26769bba1520e36
/c/ClippersHQ_renders/outputs_paste_20260820_bl1354_DZFmoefI2xi/_work/paste_DZFmoefI2xi__20260820T150949Z/config_paste_DZFmoefI2xi__20260820T150949Z.yaml	2923	e9237be696fd1cdb81681d630e5b0f334ebe72c7
/c/ClippersHQ_renders/outputs_paste_20260820_bl1354_DZFmoefI2xi/_work/paste_DZFmoefI2xi__20260820T150949Z/edit-2026-08-20.log	221	56448f3351c3b40a55837453b1595fa2b2b3e9a1
/c/ClippersHQ_renders/outputs_paste_20260820_bl1354_DZR24cqhS7i/README.md	2421	8c4aab497acaa6464eb214f5dcf21c019e0058f3
/c/ClippersHQ_renders/outputs_paste_20260820_bl1354_DZR24cqhS7i/_batch.json	4797	9942c5d7817e7831d7fed28b2f8343f22661e742
/c/ClippersHQ_renders/outputs_paste_20260820_bl1354_DZR24cqhS7i/_work/paste_DZR24cqhS7i__20260820T152048Z/config_paste_DZR24cqhS7i__20260820T152048Z.yaml	2923	28553d2600adce81164c7b02767d55e34dcbd366
/c/ClippersHQ_renders/outputs_paste_20260820_bl1354_DZR24cqhS7i/_work/paste_DZR24cqhS7i__20260820T152048Z/edit-2026-08-20.log	213	96279e14fa565a4ed1ae76440e05c4c07b1757cb
/c/ClippersHQ_renders/outputs_paste_20260820_bl1354_DZZuMOmOj9r/README.md	2243	678d22aca0e699f1b5430ea0b7ee933acf5cdeb7
/c/ClippersHQ_renders/outputs_paste_20260820_bl1354_DZZuMOmOj9r/_batch.json	4719	cfbc254b99880b71e1c3401800b89b0ce31d48bd
/c/ClippersHQ_renders/outputs_paste_20260820_bl1354_DZZuMOmOj9r/_work/paste_DZZuMOmOj9r__20260820T145817Z/config_paste_DZZuMOmOj9r__20260820T145817Z.yaml	2923	a1a03357752c433e9927181302359309ede00c9a
/c/ClippersHQ_renders/outputs_paste_20260820_bl1354_DZZuMOmOj9r/_work/paste_DZZuMOmOj9r__20260820T145817Z/edit-2026-08-20.log	211	780fc6dda2b211dc9f85572a612e459685522f56
/c/ClippersHQ_renders/outputs_paste_20260820_bl1354_Db-uSdtoK8Z/README.md	2462	5845608fff2fc17e9db11e6520e799e868250059
/c/ClippersHQ_renders/outputs_paste_20260820_bl1354_Db-uSdtoK8Z/_batch.json	4838	2ad32b05ab757c70e959b73c09a8424f4916c341
/c/ClippersHQ_renders/outputs_paste_20260820_bl1354_Db-uSdtoK8Z/_work/paste_Db-uSdtoK8Z__20260820T150232Z/config_paste_Db-uSdtoK8Z__20260820T150232Z.yaml	2923	b29800a52d1567162b498daabffbf9ec1a702536
/c/ClippersHQ_renders/outputs_paste_20260820_bl1354_Db-uSdtoK8Z/_work/paste_Db-uSdtoK8Z__20260820T150232Z/edit-2026-08-20.log	209	f319b6a27d2a14e5ab44f736e4d159eb9350c1d2
/c/ClippersHQ_renders/outputs_paste_20260820_bl1354_Db7Uol5t4It/README.md	2164	dfbfcae7f6eb3cd868efba640668016c3cbeb5a8
/c/ClippersHQ_renders/outputs_paste_20260820_bl1354_Db7Uol5t4It/_batch.json	4503	80f37968efc67fe0d553de70651e4cc889a38191
/c/ClippersHQ_renders/outputs_paste_20260820_bl1354_DbJazZkhbSX/README.md	2394	7e53dfd6e69424edaac31204da38ef68ceff9cad
/c/ClippersHQ_renders/outputs_paste_20260820_bl1354_DbJazZkhbSX/_batch.json	4807	3bd272f178052898d4f05422af229be6750ea2cb
/c/ClippersHQ_renders/outputs_paste_20260820_bl1354_DbJazZkhbSX/_work/paste_DbJazZkhbSX__20260820T151857Z/config_paste_DbJazZkhbSX__20260820T151857Z.yaml	2923	55c40f2badb6ce0a8278e261a6c38ab07dde7b16
/c/ClippersHQ_renders/outputs_paste_20260820_bl1354_DbJazZkhbSX/_work/paste_DbJazZkhbSX__20260820T151857Z/edit-2026-08-20.log	219	b46156a263884580eec7c4f4bb1451eb0712db9d
/c/ClippersHQ_renders/outputs_paste_20260820_bl1354_DbtSRi5Mz42/README.md	2216	c4f54148b07e9c58ea79259aff8cea621df973c6
/c/ClippersHQ_renders/outputs_paste_20260820_bl1354_DbtSRi5Mz42/_batch.json	4687	21f5391655ac7efe6c1e9a849c8b81d2114b21a2
/c/ClippersHQ_renders/outputs_paste_20260820_bl1354_DbtSRi5Mz42/_work/paste_DbtSRi5Mz42__20260820T150558Z/config_paste_DbtSRi5Mz42__20260820T150558Z.yaml	2923	8dd2e93cdb89576285b4bcfff4e5e23ebeee5b4c
/c/ClippersHQ_renders/outputs_paste_20260820_bl1354_DbtSRi5Mz42/_work/paste_DbtSRi5Mz42__20260820T150558Z/edit-2026-08-20.log	211	39805936db6924ca438cd3dad14ef4434188a3f3
/c/ClippersHQ_renders/outputs_paste_20260820_bl1354_DbuKhWKynNc/README.md	1986	7805160dee5620cce48b92e8be664b1d7166abab
/c/ClippersHQ_renders/outputs_paste_20260820_bl1354_DbuKhWKynNc/_batch.json	4132	257c15685872d9d4e3196afe6a89ee96c2d9450c
/c/ClippersHQ_renders/outputs_paste_20260820_bl1354_DbvkpSZP8Xs/README.md	2424	fa00e41b98a033579592f0c935a9d0bfa75a51f3
/c/ClippersHQ_renders/outputs_paste_20260820_bl1354_DbvkpSZP8Xs/_batch.json	4578	35cf56d30fd4a2919c723f20fe5de8492f6a6649
/c/ClippersHQ_renders/outputs_paste_20260820_bl1354_DbvkpSZP8Xs/_work/paste_DbvkpSZP8Xs__20260820T145623Z/config_paste_DbvkpSZP8Xs__20260820T145623Z.yaml	2923	c63683c59911fe2482ed427f92a7f47210db7e99
/c/ClippersHQ_renders/outputs_paste_20260820_bl1354_DbvkpSZP8Xs/_work/paste_DbvkpSZP8Xs__20260820T145623Z/edit-2026-08-20.log	221	4efdbd80174ab51c4576b0c73d29d7f59a7877bf
/c/ClippersHQ_renders/outputs_paste_20260820_bl1354_DcJJq8DvfGY/README.md	2345	151551387ce74847c7b287ce709c9d3576187824
/c/ClippersHQ_renders/outputs_paste_20260820_bl1354_DcJJq8DvfGY/_batch.json	4708	095d21a77ce34654a21479e809cc999d0291d6d9
/c/ClippersHQ_renders/outputs_paste_20260820_bl1354_DcJJq8DvfGY/_work/paste_DcJJq8DvfGY__20260820T150516Z/config_paste_DcJJq8DvfGY__20260820T150516Z.yaml	2923	5a5ecc3fcdf2fca0d45a8206c9d846a369656e3a
/c/ClippersHQ_renders/outputs_paste_20260820_bl1354_DcJJq8DvfGY/_work/paste_DcJJq8DvfGY__20260820T150516Z/edit-2026-08-20.log	213	6d7d1932f54d215a908a99bb5f7573142301fe08
/c/ClippersHQ_renders/outputs_paste_20260820_bl1354_DcKZyngomkz/README.md	2557	cbf30cf579da7eb0c118e51b742c84b9a21d07a9
/c/ClippersHQ_renders/outputs_paste_20260820_bl1354_DcKZyngomkz/_batch.json	5104	737c4ea1c150c57062e1a41d524590066b50a2a2
/c/ClippersHQ_renders/outputs_paste_20260820_bl1354_DcKZyngomkz/_work/paste_DcKZyngomkz__20260820T145921Z/config_paste_DcKZyngomkz__20260820T145921Z.yaml	2923	d4e41d6203a1361dd96c89ccf1ef37d43c2c6ab5
/c/ClippersHQ_renders/outputs_paste_20260820_bl1354_DcKZyngomkz/_work/paste_DcKZyngomkz__20260820T145921Z/edit-2026-08-20.log	215	030cc7fd55b2330fca6e79f7547a985361b81db0
/c/ClippersHQ_renders/outputs_paste_20260820_bl1354_DcMGSgPAPQb/README.md	2291	57513834485f4b269b614417c1a972b412be3301
/c/ClippersHQ_renders/outputs_paste_20260820_bl1354_DcMGSgPAPQb/_batch.json	4756	7e0be2db7f2b392992d7dbff9fbcf86910daf0b8
/c/ClippersHQ_renders/outputs_paste_20260820_bl1354_DcMGSgPAPQb/_work/paste_DcMGSgPAPQb__20260820T151153Z/config_paste_DcMGSgPAPQb__20260820T151153Z.yaml	2923	a33fe58cf91136a65502599729c13e006ef5127c
/c/ClippersHQ_renders/outputs_paste_20260820_bl1354_DcMGSgPAPQb/_work/paste_DcMGSgPAPQb__20260820T151153Z/edit-2026-08-20.log	213	444595343eaef63cd82c0636ca3034139f145800
/c/ClippersHQ_renders/outputs_paste_20260820_bl1354_DcMQG2VPLVt/README.md	2302	f3f75bc6b8f8a3d9ee415939fcfa5f65397adedb
/c/ClippersHQ_renders/outputs_paste_20260820_bl1354_DcMQG2VPLVt/_batch.json	5040	7fdb808dfc27c1474fa38e2e3a68d1c2b75ca534
/c/ClippersHQ_renders/outputs_paste_20260820_bl1354_DcMQG2VPLVt/_work/paste_DcMQG2VPLVt__20260820T151600Z/config_paste_DcMQG2VPLVt__20260820T151600Z.yaml	2923	9df0dd19fcc4f3dc8dfd5e78164ba3582e52c65e
/c/ClippersHQ_renders/outputs_paste_20260820_bl1354_DcMQG2VPLVt/_work/paste_DcMQG2VPLVt__20260820T151600Z/edit-2026-08-20.log	209	6b5e8e4776fa3b35b9d9a073dfbe993d4cb2d677
/c/ClippersHQ_renders/outputs_paste_20260820_bl1354_DcMQG2VPLVt/_work/paste_DcMQG2VPLVt__20260820T153017Z/config_paste_DcMQG2VPLVt__20260820T153017Z.yaml	2923	676e8d83fa374e7db74ffa1c6aed86cbf5c5781a
/c/ClippersHQ_renders/outputs_paste_20260820_bl1354_DcMQG2VPLVt/_work/paste_DcMQG2VPLVt__20260820T153017Z/edit-2026-08-20.log	209	e276bd31a7e73bea79d2d6959283a2a9cced4ecb
/c/ClippersHQ_renders/outputs_paste_20260820_bl1354_DcMRUjyPrDT/README.md	2565	4ec6558e1f914527b9eb2c798aea517e9f795fbc
/c/ClippersHQ_renders/outputs_paste_20260820_bl1354_DcMRUjyPrDT/_batch.json	5205	87e689d2554345f930b0c2952f718336e96bb241
/c/ClippersHQ_renders/outputs_paste_20260820_bl1354_DcMRUjyPrDT/_work/paste_DcMRUjyPrDT__20260820T150426Z/config_paste_DcMRUjyPrDT__20260820T150426Z.yaml	2923	47e0401255759d6e563c5029e5a93babd20ba5d3
/c/ClippersHQ_renders/outputs_paste_20260820_bl1354_DcMRUjyPrDT/_work/paste_DcMRUjyPrDT__20260820T150426Z/edit-2026-08-20.log	209	15e213d672ce6e2a4d0aaf33ce73ec94027d54a7
/c/ClippersHQ_renders/outputs_paste_20260820_bl1354_DcMbpi3s0sY/README.md	2305	01a6a359a65cdd98d52c37e0a6f22a7963a31745
/c/ClippersHQ_renders/outputs_paste_20260820_bl1354_DcMbpi3s0sY/_batch.json	4761	005fddfa8926e2cf5e117ca8f4f3cd55ceec320a
/c/ClippersHQ_renders/outputs_paste_20260820_bl1354_DcMbpi3s0sY/_work/paste_DcMbpi3s0sY__20260820T150022Z/config_paste_DcMbpi3s0sY__20260820T150022Z.yaml	2923	9a1138ff85cae3cd6587bc40b07301d67704d7c7
/c/ClippersHQ_renders/outputs_paste_20260820_bl1354_DcMbpi3s0sY/_work/paste_DcMbpi3s0sY__20260820T150022Z/edit-2026-08-20.log	209	f6dc80ca5b70fdd831caae518c139bcbd4e27069
/c/ClippersHQ_renders/outputs_paste_20260820_bl1354_DcMr_PxTxzG/README.md	2141	6de3370e36d4f837616ed431629af5d168aa332c
/c/ClippersHQ_renders/outputs_paste_20260820_bl1354_DcMr_PxTxzG/_batch.json	4871	daf3d9fc4e74a1245cf6606bf1dcd039684401ab
/c/ClippersHQ_renders/outputs_paste_20260820_bl1354_DcMsb4Hz-y6/README.md	2263	8eea8d8bda0789866b34a16eeed165779495dab8
/c/ClippersHQ_renders/outputs_paste_20260820_bl1354_DcMsb4Hz-y6/_batch.json	5025	47e1c4c4a14f13b81d4a9f4955c862cfeb772f17
/c/ClippersHQ_renders/outputs_paste_20260820_bl1354_DcMsb4Hz-y6/_work/paste_DcMsb4Hz-y6__20260820T150148Z/config_paste_DcMsb4Hz-y6__20260820T150148Z.yaml	2923	72b711b8bb78a43858be77b2ee2feab08b419ff9
/c/ClippersHQ_renders/outputs_paste_20260820_bl1354_DcMsb4Hz-y6/_work/paste_DcMsb4Hz-y6__20260820T150148Z/edit-2026-08-20.log	213	5a752f06a1f0b56d56b1c05fb26eb25d93eb09ab
/c/ClippersHQ_renders/outputs_paste_20260820_bl1354_DcOSe_0Iuxj/README.md	2242	0b62c95635eb42fdec6afcae20f5b300356772ee
/c/ClippersHQ_renders/outputs_paste_20260820_bl1354_DcOSe_0Iuxj/_batch.json	5358	eccdb2a4ed62d9571d00470bb96a0dd76456154f
/c/ClippersHQ_renders/outputs_paste_20260820_bl1354_DcOSe_0Iuxj/_work/paste_DcOSe_0Iuxj__20260820T145745Z/config_paste_DcOSe_0Iuxj__20260820T145745Z.yaml	2923	139ce244b8b82e803fa41124264caf6ee911e0d1
/c/ClippersHQ_renders/outputs_paste_20260820_bl1354_DcOSe_0Iuxj/_work/paste_DcOSe_0Iuxj__20260820T145745Z/edit-2026-08-20.log	213	f7d7f926b3b0107cbc25d4e43e580ec62e1c69fb
/c/ClippersHQ_renders/outputs_paste_20260820_bl1354_DcOYIl-P6_E/README.md	2248	09b2ccbd973f729063649e25dc035f0ffd2a7b2b
/c/ClippersHQ_renders/outputs_paste_20260820_bl1354_DcOYIl-P6_E/_batch.json	4955	4e7d34febcf321ab1571aefb9da8439ce73d7156
/c/ClippersHQ_renders/outputs_paste_20260820_bl1354_DcOYIl-P6_E/_work/paste_DcOYIl-P6_E__20260820T145510Z/config_paste_DcOYIl-P6_E__20260820T145510Z.yaml	2923	9d187952de0e3180f40ce082493b0da28b2f0e40
/c/ClippersHQ_renders/outputs_paste_20260820_bl1354_DcOYIl-P6_E/_work/paste_DcOYIl-P6_E__20260820T145510Z/edit-2026-08-20.log	209	1c052a66e8e8719524de507532fccd73e4196fa4
/c/ClippersHQ_renders/outputs_paste_20260820_bl1354_DcOZM4ypaRy/README.md	2197	cd9ff2953ec144eb2b0638f35c20d55b74e67977
/c/ClippersHQ_renders/outputs_paste_20260820_bl1354_DcOZM4ypaRy/_batch.json	4686	edf417e594c897d4c5ec932961b25324238f91bb
/c/ClippersHQ_renders/outputs_paste_20260820_bl1354_DcOZM4ypaRy/_work/paste_DcOZM4ypaRy__20260820T150659Z/config_paste_DcOZM4ypaRy__20260820T150659Z.yaml	2923	82dd36b38530462f7156fb304f01d2c147f86fe3
/c/ClippersHQ_renders/outputs_paste_20260820_bl1354_DcOZM4ypaRy/_work/paste_DcOZM4ypaRy__20260820T150659Z/edit-2026-08-20.log	221	5ca069699a6325bffa0dc866bad0bf281fe8af7a
/c/ClippersHQ_renders/outputs_paste_20260820_bl1354_DcOZtiKNflC/README.md	2306	29ad1b67846fcc1456f1f67d5adff98471261cf1
/c/ClippersHQ_renders/outputs_paste_20260820_bl1354_DcOZtiKNflC/_batch.json	5157	7b56a16dfc4bf225c3e0be7a0f32dbcde77233f0
/c/ClippersHQ_renders/outputs_paste_20260820_bl1354_DcOZtiKNflC/_work/paste_DcOZtiKNflC__20260820T150753Z/config_paste_DcOZtiKNflC__20260820T150753Z.yaml	2923	0ef1f372e45e6635de666692c7ced2c7aecbb160
/c/ClippersHQ_renders/outputs_paste_20260820_bl1354_DcOZtiKNflC/_work/paste_DcOZtiKNflC__20260820T150753Z/edit-2026-08-20.log	229	6e2dd970349ebecb3a7f29363456f81d365ff480
/c/ClippersHQ_renders/outputs_paste_20260820_bl1354_DcOgUOJvTov/README.md	2211	88ae3201597434bb7776aa327dfb7ac184e9ef96
/c/ClippersHQ_renders/outputs_paste_20260820_bl1354_DcOgUOJvTov/_batch.json	4767	545d6f8434f3fd4fad4a38b90368d48bf34e6e3b
/c/ClippersHQ_renders/outputs_paste_20260820_bl1354_DcOgUOJvTov/_work/paste_DcOgUOJvTov__20260820T150334Z/config_paste_DcOgUOJvTov__20260820T150334Z.yaml	2923	585a996a946cdfdb171e342ec4208e7d896afa4f
/c/ClippersHQ_renders/outputs_paste_20260820_bl1354_DcOgUOJvTov/_work/paste_DcOgUOJvTov__20260820T150334Z/edit-2026-08-20.log	211	b668d39df2930e455afba8120b4e8933173ad3ee
/c/ClippersHQ_renders/outputs_paste_20260820_bl1354_DcOjBYdMaQz/README.md	2287	3b10ab89182c22847cd98a1bfa2f172947afcebf
/c/ClippersHQ_renders/outputs_paste_20260820_bl1354_DcOjBYdMaQz/_batch.json	4750	789ff1fa5669c9c601377bd330eb833a14486920
/c/ClippersHQ_renders/outputs_paste_20260820_bl1354_DcOjBYdMaQz/_work/paste_DcOjBYdMaQz__20260820T151807Z/config_paste_DcOjBYdMaQz__20260820T151807Z.yaml	2923	545eb00a93781f4f297a5729f271a279a507aeb6
/c/ClippersHQ_renders/outputs_paste_20260820_bl1354_DcOjBYdMaQz/_work/paste_DcOjBYdMaQz__20260820T151807Z/edit-2026-08-20.log	211	94a3a5120b72f86c4027f8e51411e8dd2d5b9c70
/c/ClippersHQ_renders/outputs_paste_20260820_bl1354_DcOngbjP8gx/README.md	2271	820428281ead95288db2e3389f6579df46b6db2f
/c/ClippersHQ_renders/outputs_paste_20260820_bl1354_DcOngbjP8gx/_batch.json	4980	fde1976586866ad0ba7fea3ffa12d85edafab037
/c/ClippersHQ_renders/outputs_paste_20260820_bl1354_DcOngbjP8gx/_work/paste_DcOngbjP8gx__20260820T151048Z/config_paste_DcOngbjP8gx__20260820T151048Z.yaml	2923	2a1c4ffcb0c7ee9a24773c21280efaf1dc22103d
/c/ClippersHQ_renders/outputs_paste_20260820_bl1354_DcOngbjP8gx/_work/paste_DcOngbjP8gx__20260820T151048Z/edit-2026-08-20.log	209	239050724544afa5921da7e79130ea98a5eb5a44
/c/ClippersHQ_renders/outputs_paste_20260820_bl1354_DcP35JgRj32/README.md	2219	32799e3e429d9aa67a3508d03f9a0127088fc215
/c/ClippersHQ_renders/outputs_paste_20260820_bl1354_DcP35JgRj32/_batch.json	4706	ec3dbf1baa9bc464d17b79c1fa2bd4fa1839ad01
/c/ClippersHQ_renders/outputs_paste_20260820_bl1354_DcP35JgRj32/_work/paste_DcP35JgRj32__20260820T145709Z/config_paste_DcP35JgRj32__20260820T145709Z.yaml	2923	0ae45e509e844811c2b0bc246fd0e09aa1204bb9
/c/ClippersHQ_renders/outputs_paste_20260820_bl1354_DcP35JgRj32/_work/paste_DcP35JgRj32__20260820T145709Z/edit-2026-08-20.log	215	847b02144fbab718eac43d3e524b26357a4040cd
/c/ClippersHQ_renders/outputs_paste_20260820_bl1354_DcQ3O64CY1p/README.md	2375	cc656bd26fd7499e17ede64a2120fbbcb3b46214
/c/ClippersHQ_renders/outputs_paste_20260820_bl1354_DcQ3O64CY1p/_batch.json	5148	5a1a4ecd13597d2ceb47972e78a76d44253c2cb6
/c/ClippersHQ_renders/outputs_paste_20260820_bl1354_DcQ3O64CY1p/_work/paste_DcQ3O64CY1p__20260820T151235Z/config_paste_DcQ3O64CY1p__20260820T151235Z.yaml	2923	64fb7f5f409d5aeebe433f7fba783cd741cbab61
/c/ClippersHQ_renders/outputs_paste_20260820_bl1354_DcQ3O64CY1p/_work/paste_DcQ3O64CY1p__20260820T151235Z/edit-2026-08-20.log	213	12ec0e0b47f310a775e1f698c687c16bab11c99a
/c/ClippersHQ_renders/outputs_paste_20260820_bl1354_DcQ5aPCzmVT/README.md	2236	5353985ec940edc3f75490709ff6e89964a939be
/c/ClippersHQ_renders/outputs_paste_20260820_bl1354_DcQ5aPCzmVT/_batch.json	4943	2317a027961e62a2fe7b8ffa3c3d761b7c75b1e6
/c/ClippersHQ_renders/outputs_paste_20260820_bl1354_DcQ5aPCzmVT/_work/paste_DcQ5aPCzmVT__20260820T151655Z/config_paste_DcQ5aPCzmVT__20260820T151655Z.yaml	2923	de593f9375d644125d23fabb4632bc232342d81a
/c/ClippersHQ_renders/outputs_paste_20260820_bl1354_DcQ5aPCzmVT/_work/paste_DcQ5aPCzmVT__20260820T151655Z/edit-2026-08-20.log	209	34026dcc44a6ec31aeb92007824ecb6023a544eb
/c/ClippersHQ_renders/outputs_paste_20260820_bl1354_DcQ9ePrIIE4/README.md	2357	dd0fda301a86dc2549fbae1de6cf6219070a3298
/c/ClippersHQ_renders/outputs_paste_20260820_bl1354_DcQ9ePrIIE4/_batch.json	4721	f21285b511d39b583d4243de9ece8fd7cb5bd100
/c/ClippersHQ_renders/outputs_paste_20260820_bl1354_DcQ9ePrIIE4/_work/paste_DcQ9ePrIIE4__20260820T151449Z/config_paste_DcQ9ePrIIE4__20260820T151449Z.yaml	2923	bc8a52454a79012d1c66d12666d58cd5d63560fa
/c/ClippersHQ_renders/outputs_paste_20260820_bl1354_DcQ9ePrIIE4/_work/paste_DcQ9ePrIIE4__20260820T151449Z/edit-2026-08-20.log	203	a2c2eb67dc9fe95c056bd4fc2d0e358fff13c0f8
/c/ClippersHQ_renders/outputs_paste_20260825_153512/README.md	3459	4b22fe2455015d453ce6c75b33a264409d9da6fd
/c/ClippersHQ_renders/outputs_paste_20260825_153512/_batch.json	7232	5b20c6de8f237d8040e4f4b68bd73990f86f6ce8
/c/ClippersHQ_renders/outputs_paste_20260825_153512/_work/paste_DYqi6n9IcY0__20260825T133620Z/config_paste_DYqi6n9IcY0__20260825T133620Z.yaml	2911	3cfc7c3830d9e1db0847160aa8578949f0110ad5
/c/ClippersHQ_renders/outputs_paste_20260825_153512/_work/paste_DYqi6n9IcY0__20260825T133620Z/edit-2026-08-25.log	221	91c105b3f840d295db49906465013ddd8021234b
/c/ClippersHQ_renders/outputs_paste_20260825_153512/_work/paste_DZaUyhVkn42__20260825T133521Z/config_paste_DZaUyhVkn42__20260825T133521Z.yaml	2911	153bd8aea6f474f995ace8f4fad65e8689aa08a5
/c/ClippersHQ_renders/outputs_paste_20260825_153512/_work/paste_DZaUyhVkn42__20260825T133521Z/edit-2026-08-25.log	211	2e678e0446c522c13a1b50198ff77f0b903d77a7
/c/ClippersHQ_renders/outputs_paste_20260825_154328/README.md	3459	8585fb8c4890c2acb94f05570fb091688725f7d4
/c/ClippersHQ_renders/outputs_paste_20260825_154328/_batch.json	7232	d49d0d7bae184fda6f28370a943305ad6d0c5a0e
/c/ClippersHQ_renders/outputs_paste_20260825_154328/_work/paste_DYqi6n9IcY0__20260825T134446Z/config_paste_DYqi6n9IcY0__20260825T134446Z.yaml	2911	e52524ab0c67a956135ba3ae1db8a5afeda4b65e
/c/ClippersHQ_renders/outputs_paste_20260825_154328/_work/paste_DYqi6n9IcY0__20260825T134446Z/edit-2026-08-25.log	221	59995336697772b4d4d9bb2ae8a53fe45a4bda38
/c/ClippersHQ_renders/outputs_paste_20260825_154328/_work/paste_DZaUyhVkn42__20260825T134337Z/config_paste_DZaUyhVkn42__20260825T134337Z.yaml	2911	1417b4ed71e0976f50332dda798f68aad66125ba
/c/ClippersHQ_renders/outputs_paste_20260825_154328/_work/paste_DZaUyhVkn42__20260825T134337Z/edit-2026-08-25.log	211	9dabf6ea4c694b20c035272f43c5da49c22c7205
/c/ClippersHQ_renders/outputs_paste_20260825_bl1405/README.md	57766	612e392984446d91b2393df0f97fb4bbba3fa698
/c/ClippersHQ_renders/outputs_paste_20260825_bl1405/_resume.json	76679	646d08dabcc570a03c278584f9763797b6ec633c
/c/ClippersHQ_renders/outputs_paste_20260825_bl1405_DVZM6yDCMyE/README.md	2460	363730dbef99b3eab64ed86106158cdf247321ef
/c/ClippersHQ_renders/outputs_paste_20260825_bl1405_DVZM6yDCMyE/_batch.json	5019	871a38240499a200c998e01b669a0270e964424f
/c/ClippersHQ_renders/outputs_paste_20260825_bl1405_DVZM6yDCMyE/_work/paste_DVZM6yDCMyE__20260825T142910Z/config_paste_DVZM6yDCMyE__20260825T142910Z.yaml	2923	900f3838405cded4245c05d49f05c229cbc321b5
/c/ClippersHQ_renders/outputs_paste_20260825_bl1405_DVZM6yDCMyE/_work/paste_DVZM6yDCMyE__20260825T142910Z/edit-2026-08-25.log	207	750de1b29692d3f960d0d0479704c9db9832f8d9
/c/ClippersHQ_renders/outputs_paste_20260825_bl1405_DVfvm21Dku0/README.md	1988	cb68cbb2eee176641873d47c5e0519b5bb79972d
/c/ClippersHQ_renders/outputs_paste_20260825_bl1405_DVfvm21Dku0/_batch.json	4134	6d253bb7fb36273149baa2452600c0cf9841acfd
/c/ClippersHQ_renders/outputs_paste_20260825_bl1405_DW1A_lRDABr/README.md	2249	516345df99b5211675ddbad3993f3b9d817c772f
/c/ClippersHQ_renders/outputs_paste_20260825_bl1405_DW1A_lRDABr/_batch.json	4845	0b3e1d7e470db9d8be31f46d4f3dbc9e567f6673
/c/ClippersHQ_renders/outputs_paste_20260825_bl1405_DW1A_lRDABr/_work/paste_DW1A_lRDABr__20260825T142954Z/config_paste_DW1A_lRDABr__20260825T142954Z.yaml	2923	324cea4f417db9d554e815e4f7b3f86f2bb25009
/c/ClippersHQ_renders/outputs_paste_20260825_bl1405_DW1A_lRDABr/_work/paste_DW1A_lRDABr__20260825T142954Z/edit-2026-08-25.log	231	379c0665f4a516b9218b821ec7664e7790f589af
/c/ClippersHQ_renders/outputs_paste_20260825_bl1405_DWwnJ7BEpDX/README.md	2515	64e07aed13819ecf4b556a9896f024a0bb927262
/c/ClippersHQ_renders/outputs_paste_20260825_bl1405_DWwnJ7BEpDX/_batch.json	5107	e000b83bb9ecfec755ba583a83bf4f2fbe37e47c
/c/ClippersHQ_renders/outputs_paste_20260825_bl1405_DWwnJ7BEpDX/_work/paste_DWwnJ7BEpDX__20260825T142210Z/config_paste_DWwnJ7BEpDX__20260825T142210Z.yaml	2923	5ce752f6e37415f85f165544ab471524053f7084
/c/ClippersHQ_renders/outputs_paste_20260825_bl1405_DWwnJ7BEpDX/_work/paste_DWwnJ7BEpDX__20260825T142210Z/edit-2026-08-25.log	213	a4cc39e10fc9a9fd2fb5fc009007bda9e30e6e29
/c/ClippersHQ_renders/outputs_paste_20260825_bl1405_DX4QwcnTbjn/README.md	2343	191ae92370bb120bd5cd12e62ecc6ec7ed0c998e
/c/ClippersHQ_renders/outputs_paste_20260825_bl1405_DX4QwcnTbjn/_batch.json	4746	94c96da4ed8552de9607e25fbe386e937dd64feb
/c/ClippersHQ_renders/outputs_paste_20260825_bl1405_DX4QwcnTbjn/_work/paste_DX4QwcnTbjn__20260825T140719Z/config_paste_DX4QwcnTbjn__20260825T140719Z.yaml	2923	d30460592ff2d8ed86bf057469264ac765448c8f
/c/ClippersHQ_renders/outputs_paste_20260825_bl1405_DX4QwcnTbjn/_work/paste_DX4QwcnTbjn__20260825T140719Z/edit-2026-08-25.log	209	8efb4d7beb8fcd75dfc5d43ce0ce1a3411fb0447
/c/ClippersHQ_renders/outputs_paste_20260825_bl1405_DXMB9kcgEat/README.md	2244	f1d2103b70cdfc68c099d047095c86296dbf89e5
/c/ClippersHQ_renders/outputs_paste_20260825_bl1405_DXMB9kcgEat/_batch.json	4815	0f5a6a1a000cfac54774b0ecb8a85f8f4ea0d72d
/c/ClippersHQ_renders/outputs_paste_20260825_bl1405_DXMB9kcgEat/_work/paste_DXMB9kcgEat__20260825T141317Z/config_paste_DXMB9kcgEat__20260825T141317Z.yaml	2923	f37b591fbbcaa81ccffd03c94e94e2d4d910c66d
/c/ClippersHQ_renders/outputs_paste_20260825_bl1405_DXMB9kcgEat/_work/paste_DXMB9kcgEat__20260825T141317Z/edit-2026-08-25.log	217	5abde29b7baaaf5b290801a75b396ce950d7c033
/c/ClippersHQ_renders/outputs_paste_20260825_bl1405_DXnV5uzEkZL/README.md	2253	2c2c417ca42c9e173ce90bc36901b24a26b80f85
/c/ClippersHQ_renders/outputs_paste_20260825_bl1405_DXnV5uzEkZL/_batch.json	4771	01a9c99a751760c36aef3d00704f3e9c31320b6a
/c/ClippersHQ_renders/outputs_paste_20260825_bl1405_DXnV5uzEkZL/_work/paste_DXnV5uzEkZL__20260825T141218Z/config_paste_DXnV5uzEkZL__20260825T141218Z.yaml	2923	a357f415663647bf9a8db4e9905a9d8bc4a3a861
/c/ClippersHQ_renders/outputs_paste_20260825_bl1405_DXnV5uzEkZL/_work/paste_DXnV5uzEkZL__20260825T141218Z/edit-2026-08-25.log	209	0577deddca5b1ead4aa5e866b95f4455a4f05e0c
/c/ClippersHQ_renders/outputs_paste_20260825_bl1405_DY2pgiMuwXX/README.md	2407	b57ebe53ca87f3836a6b1e9c699e7b2ed86451f0
/c/ClippersHQ_renders/outputs_paste_20260825_bl1405_DY2pgiMuwXX/_batch.json	4820	6b0389a253c8c5ed4b16ade5fadb73dffe9d381d
/c/ClippersHQ_renders/outputs_paste_20260825_bl1405_DY2pgiMuwXX/_work/paste_DY2pgiMuwXX__20260825T141458Z/config_paste_DY2pgiMuwXX__20260825T141458Z.yaml	2923	a6c1e2a79941fd1d23af42b5d1ac2c72a5df5786
/c/ClippersHQ_renders/outputs_paste_20260825_bl1405_DY2pgiMuwXX/_work/paste_DY2pgiMuwXX__20260825T141458Z/edit-2026-08-25.log	217	d224714e90ee86ae8cb2b6e088e21298de1a6a12
/c/ClippersHQ_renders/outputs_paste_20260825_bl1405_DY91hZ8SSRE/README.md	2409	e86938da54d2f1bbd5245357b851f7b74bdfe8ab
/c/ClippersHQ_renders/outputs_paste_20260825_bl1405_DY91hZ8SSRE/_batch.json	4801	63ef38c54ac68a4b6a22e1a3e48aca195e6ca337
/c/ClippersHQ_renders/outputs_paste_20260825_bl1405_DY91hZ8SSRE/_work/paste_DY91hZ8SSRE__20260825T142615Z/config_paste_DY91hZ8SSRE__20260825T142615Z.yaml	2923	2ade047ccd06b2073732126e9a47afb3d18b8ac8
/c/ClippersHQ_renders/outputs_paste_20260825_bl1405_DY91hZ8SSRE/_work/paste_DY91hZ8SSRE__20260825T142615Z/edit-2026-08-25.log	215	2825e530acb63cb06fe40bb35fdb04b785f6ddab
/c/ClippersHQ_renders/outputs_paste_20260825_bl1405_DYM7c5Ph85R/README.md	2310	977bf9aebde055571209fd0d1c0ffac47369dbba
/c/ClippersHQ_renders/outputs_paste_20260825_bl1405_DYM7c5Ph85R/_batch.json	4800	4e8f940976970772024364b1905ec0f9af86f93b
/c/ClippersHQ_renders/outputs_paste_20260825_bl1405_DYM7c5Ph85R/_work/paste_DYM7c5Ph85R__20260825T140818Z/config_paste_DYM7c5Ph85R__20260825T140818Z.yaml	2923	33bca85df86e01d46c28b81ce9d47baf0401a848
/c/ClippersHQ_renders/outputs_paste_20260825_bl1405_DYM7c5Ph85R/_work/paste_DYM7c5Ph85R__20260825T140818Z/edit-2026-08-25.log	215	1494402f52dfbe18950b39bae10c360bba0ecf3d
/c/ClippersHQ_renders/outputs_paste_20260825_bl1405_DYUc5uSySjU/README.md	2216	5010209150b1829349308c651d07e2ee266de2f4
/c/ClippersHQ_renders/outputs_paste_20260825_bl1405_DYUc5uSySjU/_batch.json	4706	e9994df7997dcd45933f383218846715efc6e95d
/c/ClippersHQ_renders/outputs_paste_20260825_bl1405_DYUc5uSySjU/_work/paste_DYUc5uSySjU__20260825T141741Z/config_paste_DYUc5uSySjU__20260825T141741Z.yaml	2923	0617b74e296424ba0925325ccbbea3293022bbf0
/c/ClippersHQ_renders/outputs_paste_20260825_bl1405_DYUc5uSySjU/_work/paste_DYUc5uSySjU__20260825T141741Z/edit-2026-08-25.log	209	60ebc69b2319b244e5276e8f5d23e28c0ed239d5
/c/ClippersHQ_renders/outputs_paste_20260825_bl1405_DYqi6n9IcY0/README.md	2239	7739a79887230c163a192b499aa79125226a8ebf
/c/ClippersHQ_renders/outputs_paste_20260825_bl1405_DYqi6n9IcY0/_batch.json	4740	63f3b5ab9576fdc13fa597ba960fe44ea63e205f
/c/ClippersHQ_renders/outputs_paste_20260825_bl1405_DYqi6n9IcY0/_work/paste_DYqi6n9IcY0__20260825T142749Z/config_paste_DYqi6n9IcY0__20260825T142749Z.yaml	2923	503e88a3b00d1e6768923802713ab9ad49fca30d
/c/ClippersHQ_renders/outputs_paste_20260825_bl1405_DYqi6n9IcY0/_work/paste_DYqi6n9IcY0__20260825T142749Z/edit-2026-08-25.log	221	b45398391201bef287eb4612948446ecaad7679c
/c/ClippersHQ_renders/outputs_paste_20260825_bl1405_DYzWu1ht9NE/README.md	2299	49599c81ab63d4bfdc4397b141b7c82d998021c1
/c/ClippersHQ_renders/outputs_paste_20260825_bl1405_DYzWu1ht9NE/_batch.json	4804	6f714e8189d6563a1386e1021954a9346d3e297e
/c/ClippersHQ_renders/outputs_paste_20260825_bl1405_DYzWu1ht9NE/_work/paste_DYzWu1ht9NE__20260825T141650Z/config_paste_DYzWu1ht9NE__20260825T141650Z.yaml	2923	7770d7719a575bfbbd6b097ff86f20c718e2e228
/c/ClippersHQ_renders/outputs_paste_20260825_bl1405_DYzWu1ht9NE/_work/paste_DYzWu1ht9NE__20260825T141650Z/edit-2026-08-25.log	213	175a8e205b7b5545226d95d1c16d231225b07059
/c/ClippersHQ_renders/outputs_paste_20260825_bl1405_DYzvp53ukO2/README.md	2461	d959c829659e0ac8efbb54d9eceb0ad9be56532c
/c/ClippersHQ_renders/outputs_paste_20260825_bl1405_DYzvp53ukO2/_batch.json	4877	cd59e78d724fdfa888f65e0d1be5088da707dee5
/c/ClippersHQ_renders/outputs_paste_20260825_bl1405_DYzvp53ukO2/_work/paste_DYzvp53ukO2__20260825T142451Z/config_paste_DYzvp53ukO2__20260825T142451Z.yaml	2923	236195f2a8c0797f0154df35129e16d73d3b57a9
/c/ClippersHQ_renders/outputs_paste_20260825_bl1405_DYzvp53ukO2/_work/paste_DYzvp53ukO2__20260825T142451Z/edit-2026-08-25.log	217	483de107f6fd38b3c602dccaf792af7f3a6a0e88
/c/ClippersHQ_renders/outputs_paste_20260825_bl1405_DZ1he2sSACF/README.md	2745	a7d4fb38a9bd91b32a6772ffc84f9e9be42a940f
/c/ClippersHQ_renders/outputs_paste_20260825_bl1405_DZ1he2sSACF/_batch.json	5111	646e1f4161c8ebb0b4c32e596ba64cba2bce5b16
/c/ClippersHQ_renders/outputs_paste_20260825_bl1405_DZ1he2sSACF/_work/paste_DZ1he2sSACF__20260825T142823Z/config_paste_DZ1he2sSACF__20260825T142823Z.yaml	2923	5719f82e3346041c12f752cb3404d80a612f8416
/c/ClippersHQ_renders/outputs_paste_20260825_bl1405_DZ1he2sSACF/_work/paste_DZ1he2sSACF__20260825T142823Z/edit-2026-08-25.log	211	dfa7408421522fad0a18d56fa68315353eb2f93d
/c/ClippersHQ_renders/outputs_paste_20260825_bl1405_DZQV3imlVmy/README.md	2284	4b6bd2f570673b34a0f65c531136811210e4e708
/c/ClippersHQ_renders/outputs_paste_20260825_bl1405_DZQV3imlVmy/_batch.json	4776	c32e99879ac96c76a6248b2f12735802a989db1f
/c/ClippersHQ_renders/outputs_paste_20260825_bl1405_DZQV3imlVmy/_work/paste_DZQV3imlVmy__20260825T142022Z/config_paste_DZQV3imlVmy__20260825T142022Z.yaml	2923	8e8b3bc52f1ff8d18bc355491a8b942bfd8576f9
/c/ClippersHQ_renders/outputs_paste_20260825_bl1405_DZQV3imlVmy/_work/paste_DZQV3imlVmy__20260825T142022Z/edit-2026-08-25.log	213	c7aa075325bdabbd669fb4693e427b6b4883d169
/c/ClippersHQ_renders/outputs_paste_20260825_bl1405_DZaUyhVkn42/README.md	2339	f0cf09d7389d1595cd43afc7ede2b8ca4f657890
/c/ClippersHQ_renders/outputs_paste_20260825_bl1405_DZaUyhVkn42/_batch.json	4832	c4e86c4848e29d03d6665adc3cdcbb829a46b254
/c/ClippersHQ_renders/outputs_paste_20260825_bl1405_DZaUyhVkn42/_work/paste_DZaUyhVkn42__20260825T140233Z/config_paste_DZaUyhVkn42__20260825T140233Z.yaml	2923	34cc16b9363d089844f939721bdbde6dcd32de31
/c/ClippersHQ_renders/outputs_paste_20260825_bl1405_DZaUyhVkn42/_work/paste_DZaUyhVkn42__20260825T140233Z/edit-2026-08-25.log	211	4f92da086467ccd3f2608661b963f9105d48dc43
/c/ClippersHQ_renders/outputs_paste_20260825_bl1405_DZfNJz4te2w/README.md	2430	543922c5bd6c556adbd8460c30cb9ba18d704384
/c/ClippersHQ_renders/outputs_paste_20260825_bl1405_DZfNJz4te2w/_batch.json	4822	2d93b847b798ae55eae25c992f8511f07a666bcf
/c/ClippersHQ_renders/outputs_paste_20260825_bl1405_DZfNJz4te2w/_work/paste_DZfNJz4te2w__20260825T142530Z/config_paste_DZfNJz4te2w__20260825T142530Z.yaml	2923	625b7e4a773ad44b0cc5e1d82fe166e5bfd5e8d3
/c/ClippersHQ_renders/outputs_paste_20260825_bl1405_DZfNJz4te2w/_work/paste_DZfNJz4te2w__20260825T142530Z/edit-2026-08-25.log	209	27a586e402d12d3c462c431e0934afe11bf16b56
/c/ClippersHQ_renders/outputs_paste_20260825_bl1405_DZoOmVLvGrO/README.md	2394	b5961ebd6c791aa01d54eb97880869ff5d5bf249
/c/ClippersHQ_renders/outputs_paste_20260825_bl1405_DZoOmVLvGrO/_batch.json	4787	fc948ebf9391499ed8108db4eb49d847e4b6c1b0
/c/ClippersHQ_renders/outputs_paste_20260825_bl1405_DZoOmVLvGrO/_work/paste_DZoOmVLvGrO__20260825T142706Z/config_paste_DZoOmVLvGrO__20260825T142706Z.yaml	2923	f12a3acc43e8d3d83127459d8f4be7c3727da25b
/c/ClippersHQ_renders/outputs_paste_20260825_bl1405_DZoOmVLvGrO/_work/paste_DZoOmVLvGrO__20260825T142706Z/edit-2026-08-25.log	207	9d40403d5b4796ded7a25b55c2f8b13fe6f0490a
/c/ClippersHQ_renders/outputs_paste_20260825_bl1405_DZsX0CFTpJc/README.md	2253	89ee433f7a63b26a36d1ac2ccbc06381f9eb3fae
/c/ClippersHQ_renders/outputs_paste_20260825_bl1405_DZsX0CFTpJc/_batch.json	4780	86e3d09a622b3be4c832acabd64d12d6f75e4b13
/c/ClippersHQ_renders/outputs_paste_20260825_bl1405_DZsX0CFTpJc/_work/paste_DZsX0CFTpJc__20260825T142131Z/config_paste_DZsX0CFTpJc__20260825T142131Z.yaml	2923	10693b7f7c7e46db37466107e893a9c26319f518
/c/ClippersHQ_renders/outputs_paste_20260825_bl1405_DZsX0CFTpJc/_work/paste_DZsX0CFTpJc__20260825T142131Z/edit-2026-08-25.log	221	d2476555b69199699901dafc9317c3823383d676
/c/ClippersHQ_renders/outputs_paste_20260825_bl1405_DZu1b5pPEGy/README.md	2362	80ae6e5de13a6b4ebfe0e93e9c01c560daf4a66a
/c/ClippersHQ_renders/outputs_paste_20260825_bl1405_DZu1b5pPEGy/_batch.json	4806	74c2cd8f764aae1b3ecd63f5b9255945a4bbdadf
/c/ClippersHQ_renders/outputs_paste_20260825_bl1405_DZu1b5pPEGy/_work/paste_DZu1b5pPEGy__20260825T140358Z/config_paste_DZu1b5pPEGy__20260825T140358Z.yaml	2923	0a286adf4ed96b6969318499b64def7c6d8fe85a
/c/ClippersHQ_renders/outputs_paste_20260825_bl1405_DZu1b5pPEGy/_work/paste_DZu1b5pPEGy__20260825T140358Z/edit-2026-08-25.log	229	9969ae6c4d0d90a994f8cb2e98f48c682f146fe4
/c/ClippersHQ_renders/outputs_paste_20260825_bl1405_DaBQvnuTkV3/README.md	2323	5b259c2626eb0dab3a9c876ab37ea67210065859
/c/ClippersHQ_renders/outputs_paste_20260825_bl1405_DaBQvnuTkV3/_batch.json	5099	b82ecc44670e3866efdf102fd3262b1fba5b2f73
/c/ClippersHQ_renders/outputs_paste_20260825_bl1405_DaBQvnuTkV3/_work/paste_DaBQvnuTkV3__20260825T141911Z/config_paste_DaBQvnuTkV3__20260825T141911Z.yaml	2923	b0bcf34f443c3ec8b5231efa5d033352830ba589
/c/ClippersHQ_renders/outputs_paste_20260825_bl1405_DaBQvnuTkV3/_work/paste_DaBQvnuTkV3__20260825T141911Z/edit-2026-08-25.log	219	1976f270bb205c4c99615602ba3243d0a799987b
/c/ClippersHQ_renders/outputs_paste_20260825_bl1405_DaK8cFSNDbm/README.md	2458	178808b0997f7288fa2dd34ba7f74617dc32a9e0
/c/ClippersHQ_renders/outputs_paste_20260825_bl1405_DaK8cFSNDbm/_batch.json	5379	7e4167b94666b184cfca1b2eceecc2bf53adb7f8
/c/ClippersHQ_renders/outputs_paste_20260825_bl1405_DaK8cFSNDbm/_work/paste_DaK8cFSNDbm__20260825T140553Z/config_paste_DaK8cFSNDbm__20260825T140553Z.yaml	2923	04e4157439e4d53d9f58cdb9ba27cfec58908534
/c/ClippersHQ_renders/outputs_paste_20260825_bl1405_DaK8cFSNDbm/_work/paste_DaK8cFSNDbm__20260825T140553Z/edit-2026-08-25.log	219	e746816c7a8582747118beeb813d564b8ba3e6e9
/c/ClippersHQ_renders/outputs_paste_20260825_bl1405_DcBPKIyM1gN/README.md	2417	3f9e546b7067a9947bd7a35b8559c6dcc23938dd
/c/ClippersHQ_renders/outputs_paste_20260825_bl1405_DcBPKIyM1gN/_batch.json	5220	4d34f41d6f11ea946df6f799a9e09e2f3c0f333c
/c/ClippersHQ_renders/outputs_paste_20260825_bl1405_DcBPKIyM1gN/_work/paste_DcBPKIyM1gN__20260825T141400Z/config_paste_DcBPKIyM1gN__20260825T141400Z.yaml	2923	5af03053e2ed31331290264542eb6764522aa1c6
/c/ClippersHQ_renders/outputs_paste_20260825_bl1405_DcBPKIyM1gN/_work/paste_DcBPKIyM1gN__20260825T141400Z/edit-2026-08-25.log	213	42de8ea783d730a373f5f57a88dabb4068cadf55
/c/ClippersHQ_renders/outputs_paste_20260825_bl1405_DcJWIBryfwl/README.md	2433	24a757abf912737871009ed0aa5a588c9e882a3e
/c/ClippersHQ_renders/outputs_paste_20260825_bl1405_DcJWIBryfwl/_batch.json	5218	a0b696956c9e43594eedcaa332bc35b46641489b
/c/ClippersHQ_renders/outputs_paste_20260825_bl1405_DcJWIBryfwl/_work/paste_DcJWIBryfwl__20260825T141126Z/config_paste_DcJWIBryfwl__20260825T141126Z.yaml	2923	dd643eca034152d1aca0c19bad1c4085f2a2fa12
/c/ClippersHQ_renders/outputs_paste_20260825_bl1405_DcJWIBryfwl/_work/paste_DcJWIBryfwl__20260825T141126Z/edit-2026-08-25.log	219	21567015a5ad9b0af2ede84828b62fbe1c6f944b
/c/ClippersHQ_renders/outputs_paste_20260825_bl1405_DcOXS8GvUFa/README.md	2353	e4d42fac53446cc4a4cefc0f33037364fe473687
/c/ClippersHQ_renders/outputs_paste_20260825_bl1405_DcOXS8GvUFa/_batch.json	4992	1187c72775c720ed844d41a902d113fb4c67a815
/c/ClippersHQ_renders/outputs_paste_20260825_bl1405_DcOXS8GvUFa/_work/paste_DcOXS8GvUFa__20260825T143029Z/config_paste_DcOXS8GvUFa__20260825T143029Z.yaml	2923	15754839e6dfc7ba683344e803217f7ac2ed344c
/c/ClippersHQ_renders/outputs_paste_20260825_bl1405_DcOXS8GvUFa/_work/paste_DcOXS8GvUFa__20260825T143029Z/edit-2026-08-25.log	207	f05f99c84b222170b7031d292984e7849bdbb511
/c/ClippersHQ_renders/outputs_paste_20260825_bl1405_DcT8BHovkZw/README.md	2249	9379591cbf2f9b9ac0ef262bf76e42452bf18e5b
/c/ClippersHQ_renders/outputs_paste_20260825_bl1405_DcT8BHovkZw/_batch.json	4987	8ac50295a0c17f61663065555c7b4598daf8f69a
/c/ClippersHQ_renders/outputs_paste_20260825_bl1405_DcT8BHovkZw/_work/paste_DcT8BHovkZw__20260825T141542Z/config_paste_DcT8BHovkZw__20260825T141542Z.yaml	2923	b1e8739a381b21f9fb50792704d262c96409b199
/c/ClippersHQ_renders/outputs_paste_20260825_bl1405_DcT8BHovkZw/_work/paste_DcT8BHovkZw__20260825T141542Z/edit-2026-08-25.log	207	2fdea61141e72990879e7800d0e36d8a1b0a3a80
/c/ClippersHQ_renders/outputs_paste_20260825_bl1405_DcY2T11sQu6/README.md	2606	61e9892a8ab1d8cb86ebed128bc40c876ca89a90
/c/ClippersHQ_renders/outputs_paste_20260825_bl1405_DcY2T11sQu6/_batch.json	5257	a502c724330d000081bb35cca62152e595d1c149
/c/ClippersHQ_renders/outputs_paste_20260825_bl1405_DcY2T11sQu6/_work/paste_DcY2T11sQu6__20260825T140943Z/config_paste_DcY2T11sQu6__20260825T140943Z.yaml	2924	1932c2a464b519eeacba0326949d79310c1ef55f
/c/ClippersHQ_renders/outputs_paste_20260825_bl1405_DcY2T11sQu6/_work/paste_DcY2T11sQu6__20260825T140943Z/edit-2026-08-25.log	219	bd8f38e231efb14a354ec16f38b06be373afcd59
/c/ClippersHQ_renders/outputs_paste_20260825_bl1405_DcY2cIGPUVd/README.md	2417	074ad37c5f5ec9dc262645b55427eb00dc01e6af
/c/ClippersHQ_renders/outputs_paste_20260825_bl1405_DcY2cIGPUVd/_batch.json	5028	c8d99d4d67dd0645b7d39e64ba8217d6c6010bbe
/c/ClippersHQ_renders/outputs_paste_20260825_bl1405_DcY2cIGPUVd/_work/paste_DcY2cIGPUVd__20260825T140451Z/config_paste_DcY2cIGPUVd__20260825T140451Z.yaml	2923	d6e416fedc9b079d6c3432d51b4e2aadde69423d
/c/ClippersHQ_renders/outputs_paste_20260825_bl1405_DcY2cIGPUVd/_work/paste_DcY2cIGPUVd__20260825T140451Z/edit-2026-08-25.log	207	e9ab09be5aff3d44861ade84678f5474566c8df1
/c/ClippersHQ_renders/outputs_paste_20260825_bl1405_DcZJYzJPi9w/README.md	2289	2c37bba757d750e3fc6fe3f18aaf85c0de2419a7
/c/ClippersHQ_renders/outputs_paste_20260825_bl1405_DcZJYzJPi9w/_batch.json	5198	88facb30ebe5659c6febe3fe0e9fe11476d34347
/c/ClippersHQ_renders/outputs_paste_20260825_bl1405_DcZJYzJPi9w/_work/paste_DcZJYzJPi9w__20260825T143111Z/config_paste_DcZJYzJPi9w__20260825T143111Z.yaml	2923	6d5f063aacfe41f6eb25d34a8dae79f8823c92bb
/c/ClippersHQ_renders/outputs_paste_20260825_bl1405_DcZJYzJPi9w/_work/paste_DcZJYzJPi9w__20260825T143111Z/edit-2026-08-25.log	207	6f7ce649cd1189111bbe74489e411cfb211c0e4c
/c/ClippersHQ_renders/outputs_paste_20260825_bl1408_original/README.md	28260	4f78c55cbb2d85004ac2f784a3e345a1e7a81b76
/c/ClippersHQ_renders/outputs_paste_20260825_bl1408_original/_resume.json	104353	1e792163b178659d09edab26556ca9fbb4c0c005
/c/ClippersHQ_renders/outputs_paste_20260825_bl1408_original_DVZM6yDCMyE/README.md	2642	bf8288a2afd376e89651f6aab600f60084628848
/c/ClippersHQ_renders/outputs_paste_20260825_bl1408_original_DVZM6yDCMyE/_batch.json	7133	f2165ace9ae14292328fdbde4dbe6020fb83d462
/c/ClippersHQ_renders/outputs_paste_20260825_bl1408_original_DVZM6yDCMyE/_work/paste_DVZM6yDCMyE__20260825T161519Z/config_paste_DVZM6yDCMyE__20260825T161519Z.yaml	2932	ced0126afa4a39b9ff7d2483d964f284bd606e29
/c/ClippersHQ_renders/outputs_paste_20260825_bl1408_original_DVZM6yDCMyE/_work/paste_DVZM6yDCMyE__20260825T161519Z/edit-2026-08-25.log	207	714acf91992d857f46caf802d09639309b5cec6d
/c/ClippersHQ_renders/outputs_paste_20260825_bl1408_original_DVfvm21Dku0/README.md	2170	164bf4bb2b4bcd9c74f6ad2ef61838203ad6b57d
/c/ClippersHQ_renders/outputs_paste_20260825_bl1408_original_DVfvm21Dku0/_batch.json	5297	9ef5cc625eba0f7ed3f61c02b301095a5d3b624a
/c/ClippersHQ_renders/outputs_paste_20260825_bl1408_original_DW1A_lRDABr/README.md	2431	fab498d67e1b21828fb2afa51e9a30cf769c8d2c
/c/ClippersHQ_renders/outputs_paste_20260825_bl1408_original_DW1A_lRDABr/_batch.json	6988	e73241e8d50218d7047f91ee8b6259e8658c6c78
/c/ClippersHQ_renders/outputs_paste_20260825_bl1408_original_DW1A_lRDABr/_work/paste_DW1A_lRDABr__20260825T161619Z/config_paste_DW1A_lRDABr__20260825T161619Z.yaml	2932	3f8323b07f56b9b411f84ebb32d7365cbd75f8d0
/c/ClippersHQ_renders/outputs_paste_20260825_bl1408_original_DW1A_lRDABr/_work/paste_DW1A_lRDABr__20260825T161619Z/edit-2026-08-25.log	231	dc2f4ba17b4b9a04600011d156e61eb80531a445
/c/ClippersHQ_renders/outputs_paste_20260825_bl1408_original_DWwnJ7BEpDX/README.md	2697	f20e21eb1a5fa6cc40f7d0bcc172bf4255854366
/c/ClippersHQ_renders/outputs_paste_20260825_bl1408_original_DWwnJ7BEpDX/_batch.json	7212	3a3f04f183885a38c4713a8469a38bf92addafd8
/c/ClippersHQ_renders/outputs_paste_20260825_bl1408_original_DWwnJ7BEpDX/_work/paste_DWwnJ7BEpDX__20260825T160958Z/config_paste_DWwnJ7BEpDX__20260825T160958Z.yaml	2932	ea21b2d1490af7adc32eeceaeeee008997a3d69f
/c/ClippersHQ_renders/outputs_paste_20260825_bl1408_original_DWwnJ7BEpDX/_work/paste_DWwnJ7BEpDX__20260825T160958Z/edit-2026-08-25.log	213	c672c415027a1fb72f1db4a1978d42fcd0497cc8
/c/ClippersHQ_renders/outputs_paste_20260825_bl1408_original_DX4QwcnTbjn/README.md	2525	b8a75434c1dae76d7049bab8ecc3a4f536c12538
/c/ClippersHQ_renders/outputs_paste_20260825_bl1408_original_DX4QwcnTbjn/_batch.json	6891	e0ecbd3db73c565c64f44c43783dc217716b1413
/c/ClippersHQ_renders/outputs_paste_20260825_bl1408_original_DX4QwcnTbjn/_work/paste_DX4QwcnTbjn__20260825T155518Z/config_paste_DX4QwcnTbjn__20260825T155518Z.yaml	2932	364244e2019e7669b743bc521165e13d2b950f87
/c/ClippersHQ_renders/outputs_paste_20260825_bl1408_original_DX4QwcnTbjn/_work/paste_DX4QwcnTbjn__20260825T155518Z/edit-2026-08-25.log	209	ef9a7e32f2edab98ee237db85e0e528e40659025
/c/ClippersHQ_renders/outputs_paste_20260825_bl1408_original_DXMB9kcgEat/README.md	2426	2e85cd9c5c2f9a9f0f273868c7bccffa1ce35580
/c/ClippersHQ_renders/outputs_paste_20260825_bl1408_original_DXMB9kcgEat/_batch.json	6987	26e28ab523659a8939bac000e7559fd6cbcd9005
/c/ClippersHQ_renders/outputs_paste_20260825_bl1408_original_DXMB9kcgEat/_work/paste_DXMB9kcgEat__20260825T160045Z/config_paste_DXMB9kcgEat__20260825T160045Z.yaml	2932	737438390ccc0b397b90ae42ed9345fc814d5b03
/c/ClippersHQ_renders/outputs_paste_20260825_bl1408_original_DXMB9kcgEat/_work/paste_DXMB9kcgEat__20260825T160045Z/edit-2026-08-25.log	217	8661501e772cea15cba3592285ff9522b0183ae8
/c/ClippersHQ_renders/outputs_paste_20260825_bl1408_original_DXnV5uzEkZL/README.md	2435	f8583652b224d4074aa27a244b3de172fd36ae17
/c/ClippersHQ_renders/outputs_paste_20260825_bl1408_original_DXnV5uzEkZL/_batch.json	6905	bee0343b1d9fa8a55d514174cd4387c2a25adbc0
/c/ClippersHQ_renders/outputs_paste_20260825_bl1408_original_DXnV5uzEkZL/_work/paste_DXnV5uzEkZL__20260825T155955Z/config_paste_DXnV5uzEkZL__20260825T155955Z.yaml	2932	ac27c9616a51d0513571d0a55b0186a4d14befe5
/c/ClippersHQ_renders/outputs_paste_20260825_bl1408_original_DXnV5uzEkZL/_work/paste_DXnV5uzEkZL__20260825T155955Z/edit-2026-08-25.log	209	7c9907d94d34d582e2a931fc6c82644226f91bc5
/c/ClippersHQ_renders/outputs_paste_20260825_bl1408_original_DY2pgiMuwXX/README.md	2589	d6dd486ba7e4be7e1ad9f7df4acd63fa0802d759
/c/ClippersHQ_renders/outputs_paste_20260825_bl1408_original_DY2pgiMuwXX/_batch.json	6994	44a8f17fb8fff20dc6e86bf3e8862195b2af6168
/c/ClippersHQ_renders/outputs_paste_20260825_bl1408_original_DY2pgiMuwXX/_work/paste_DY2pgiMuwXX__20260825T160240Z/config_paste_DY2pgiMuwXX__20260825T160240Z.yaml	2932	7e2fbf8b7aeee17ec5e66871c12a7f3e9e824658
/c/ClippersHQ_renders/outputs_paste_20260825_bl1408_original_DY2pgiMuwXX/_work/paste_DY2pgiMuwXX__20260825T160240Z/edit-2026-08-25.log	217	aa939ca1136259de5074897909f28f5bc72d0fed
/c/ClippersHQ_renders/outputs_paste_20260825_bl1408_original_DY91hZ8SSRE/README.md	2591	0510ed1b5b1a624e81402f6bcc5cd7a410f2086a
/c/ClippersHQ_renders/outputs_paste_20260825_bl1408_original_DY91hZ8SSRE/_batch.json	6944	76e17074773c5a1759655c4e818cc413dc6cf98a
/c/ClippersHQ_renders/outputs_paste_20260825_bl1408_original_DY91hZ8SSRE/_work/paste_DY91hZ8SSRE__20260825T161218Z/config_paste_DY91hZ8SSRE__20260825T161218Z.yaml	2932	365d76abc85ff49bc2d1ab176aaa719a6b24d0ae
/c/ClippersHQ_renders/outputs_paste_20260825_bl1408_original_DY91hZ8SSRE/_work/paste_DY91hZ8SSRE__20260825T161218Z/edit-2026-08-25.log	215	1d3c9914eca9c40ad8a4270c31ac3374d9486f88
/c/ClippersHQ_renders/outputs_paste_20260825_bl1408_original_DYM7c5Ph85R/README.md	2493	07fc696cb0f28b1dba8f31190544bf105fc2bd2d
/c/ClippersHQ_renders/outputs_paste_20260825_bl1408_original_DYM7c5Ph85R/_batch.json	6917	195d9828270fa05fa00f16c6d2078694c4143185
/c/ClippersHQ_renders/outputs_paste_20260825_bl1408_original_DYM7c5Ph85R/_work/paste_DYM7c5Ph85R__20260825T155610Z/config_paste_DYM7c5Ph85R__20260825T155610Z.yaml	2932	a32ffc65c1235e1c15c867a54687cd877d7130f7
/c/ClippersHQ_renders/outputs_paste_20260825_bl1408_original_DYM7c5Ph85R/_work/paste_DYM7c5Ph85R__20260825T155610Z/edit-2026-08-25.log	215	91fc5dbbf0bfb5f04496bc5e94cae76e832ebe9c
/c/ClippersHQ_renders/outputs_paste_20260825_bl1408_original_DYUc5uSySjU/README.md	2398	5715d72f777b64437eb1c6329bdf6a78940b982e
/c/ClippersHQ_renders/outputs_paste_20260825_bl1408_original_DYUc5uSySjU/_batch.json	6813	571492a2c3752fa1b8587bb8cdfd7b8959e3e6b8
/c/ClippersHQ_renders/outputs_paste_20260825_bl1408_original_DYUc5uSySjU/_work/paste_DYUc5uSySjU__20260825T160459Z/config_paste_DYUc5uSySjU__20260825T160459Z.yaml	2932	993a9ca630403c0522b049f5e9a0ec6f469adc39
/c/ClippersHQ_renders/outputs_paste_20260825_bl1408_original_DYUc5uSySjU/_work/paste_DYUc5uSySjU__20260825T160459Z/edit-2026-08-25.log	209	ffea0bac17b2807c52de0012634f178e51926d89
/c/ClippersHQ_renders/outputs_paste_20260825_bl1408_original_DYqi6n9IcY0/README.md	2421	54b718f47f6a4d41815ce506b9ea7f05115e4d56
/c/ClippersHQ_renders/outputs_paste_20260825_bl1408_original_DYqi6n9IcY0/_batch.json	6918	5c377692fc871dc53bf98daef82390fed9496f77
/c/ClippersHQ_renders/outputs_paste_20260825_bl1408_original_DYqi6n9IcY0/_work/paste_DYqi6n9IcY0__20260825T161349Z/config_paste_DYqi6n9IcY0__20260825T161349Z.yaml	2932	317668e73bc722001d149db6ff33d645117be7f7
/c/ClippersHQ_renders/outputs_paste_20260825_bl1408_original_DYqi6n9IcY0/_work/paste_DYqi6n9IcY0__20260825T161349Z/edit-2026-08-25.log	221	41bf1179edc82d1db0f7ddf2adbf445bd95d8460
/c/ClippersHQ_renders/outputs_paste_20260825_bl1408_original_DYzWu1ht9NE/README.md	2481	429f948db119cb7d7fbddab5c16809a471f8b9c3
/c/ClippersHQ_renders/outputs_paste_20260825_bl1408_original_DYzWu1ht9NE/_batch.json	6913	7d6dcc5010ad4c6e8b292a52f27ca54ec515f1fe
/c/ClippersHQ_renders/outputs_paste_20260825_bl1408_original_DYzWu1ht9NE/_work/paste_DYzWu1ht9NE__20260825T160414Z/config_paste_DYzWu1ht9NE__20260825T160414Z.yaml	2932	69f26ead04a2f309063f487a187c9a41577f4644
/c/ClippersHQ_renders/outputs_paste_20260825_bl1408_original_DYzWu1ht9NE/_work/paste_DYzWu1ht9NE__20260825T160414Z/edit-2026-08-25.log	213	e348130fc5109d9a3dfd18d537f13755e1896b0e
/c/ClippersHQ_renders/outputs_paste_20260825_bl1408_original_DYzvp53ukO2/README.md	2643	ce4f032f8404f9e246de0e2c215f3a1c164c9a38
/c/ClippersHQ_renders/outputs_paste_20260825_bl1408_original_DYzvp53ukO2/_batch.json	6986	e043dabe4b16a56c81a0ff4e0b1cbdd9a769250e
/c/ClippersHQ_renders/outputs_paste_20260825_bl1408_original_DYzvp53ukO2/_work/paste_DYzvp53ukO2__20260825T161054Z/config_paste_DYzvp53ukO2__20260825T161054Z.yaml	2932	908daf3c0a100ca385d490406a5e93d575b36053
/c/ClippersHQ_renders/outputs_paste_20260825_bl1408_original_DYzvp53ukO2/_work/paste_DYzvp53ukO2__20260825T161054Z/edit-2026-08-25.log	217	f1c0703737ba8a67353df6776b19de2f2ea2594d
/c/ClippersHQ_renders/outputs_paste_20260825_bl1408_original_DZ1he2sSACF/README.md	2927	12fed6a4f9b6dc98e9108ccf529fdb1335eab2c8
/c/ClippersHQ_renders/outputs_paste_20260825_bl1408_original_DZ1he2sSACF/_batch.json	7211	decb06f3315ff46274d2ee8022b52ff444d2814e
/c/ClippersHQ_renders/outputs_paste_20260825_bl1408_original_DZ1he2sSACF/_work/paste_DZ1he2sSACF__20260825T161436Z/config_paste_DZ1he2sSACF__20260825T161436Z.yaml	2932	bf720e330d99434c5f9ae9b9c261d669767e8564
/c/ClippersHQ_renders/outputs_paste_20260825_bl1408_original_DZ1he2sSACF/_work/paste_DZ1he2sSACF__20260825T161436Z/edit-2026-08-25.log	211	71df7dbeef285a0698f5fc042b099ce4618f599f
/c/ClippersHQ_renders/outputs_paste_20260825_bl1408_original_DZQV3imlVmy/README.md	2466	b9f9d6a8d29ddc07162a3f1157909272d1f68c95
/c/ClippersHQ_renders/outputs_paste_20260825_bl1408_original_DZQV3imlVmy/_batch.json	7021	ace649cc29eb03ce76a67f31e4d19cc0c53b45c5
/c/ClippersHQ_renders/outputs_paste_20260825_bl1408_original_DZQV3imlVmy/_work/paste_DZQV3imlVmy__20260825T160828Z/config_paste_DZQV3imlVmy__20260825T160828Z.yaml	2932	4dca2a9a60ddc18763ea64f3b43c6b5b5c5e8b2e
/c/ClippersHQ_renders/outputs_paste_20260825_bl1408_original_DZQV3imlVmy/_work/paste_DZQV3imlVmy__20260825T160828Z/edit-2026-08-25.log	213	171b4356700f0045e601b21a407530cd953f31d6
/c/ClippersHQ_renders/outputs_paste_20260825_bl1408_original_DZaUyhVkn42/README.md	2521	2b6483e63db0492d393aadbfd61ae69a4b17dbb2
/c/ClippersHQ_renders/outputs_paste_20260825_bl1408_original_DZaUyhVkn42/_batch.json	6946	c416cb91a70c46c043f875694de2053a04ad2fc6
/c/ClippersHQ_renders/outputs_paste_20260825_bl1408_original_DZaUyhVkn42/_work/paste_DZaUyhVkn42__20260825T155015Z/config_paste_DZaUyhVkn42__20260825T155015Z.yaml	2932	785c0c9d4ac31a8fcddb5ff4c6c960f6ab01b6ab
/c/ClippersHQ_renders/outputs_paste_20260825_bl1408_original_DZaUyhVkn42/_work/paste_DZaUyhVkn42__20260825T155015Z/edit-2026-08-25.log	211	8d0f8ab2ad3d86514723f4ea2adc68b2b2281afe
/c/ClippersHQ_renders/outputs_paste_20260825_bl1408_original_DZfNJz4te2w/README.md	2612	dc8bb95b4d5ff5a2660774b59df9ee464eabede8
/c/ClippersHQ_renders/outputs_paste_20260825_bl1408_original_DZfNJz4te2w/_batch.json	6965	b4bfe7967cbebb6fc9e148c9f98915fe472e38d8
/c/ClippersHQ_renders/outputs_paste_20260825_bl1408_original_DZfNJz4te2w/_work/paste_DZfNJz4te2w__20260825T161131Z/config_paste_DZfNJz4te2w__20260825T161131Z.yaml	2932	d98e4cbff471c2d03653098b2ebc368df052b8eb
/c/ClippersHQ_renders/outputs_paste_20260825_bl1408_original_DZfNJz4te2w/_work/paste_DZfNJz4te2w__20260825T161131Z/edit-2026-08-25.log	209	7dd7a318c2a9a8e86f5429db03661d9abc54d5c6
/c/ClippersHQ_renders/outputs_paste_20260825_bl1408_original_DZoOmVLvGrO/README.md	2576	d87f45563af636beb86d409561a29ccce132655f
/c/ClippersHQ_renders/outputs_paste_20260825_bl1408_original_DZoOmVLvGrO/_batch.json	6901	86d413d8fdb7d214ea9811b4f78aeb4027e1996b
/c/ClippersHQ_renders/outputs_paste_20260825_bl1408_original_DZoOmVLvGrO/_work/paste_DZoOmVLvGrO__20260825T161307Z/config_paste_DZoOmVLvGrO__20260825T161307Z.yaml	2932	2ddb361eadbd633d0120086da95b3479f97bc2d5
/c/ClippersHQ_renders/outputs_paste_20260825_bl1408_original_DZoOmVLvGrO/_work/paste_DZoOmVLvGrO__20260825T161307Z/edit-2026-08-25.log	207	eefbc43f2622ed9f1354a3a4e9bc7916c43816cd
/c/ClippersHQ_renders/outputs_paste_20260825_bl1408_original_DZsX0CFTpJc/README.md	2435	4b5c6ad7723fff1ef67778da60f00e82d32b17c1
/c/ClippersHQ_renders/outputs_paste_20260825_bl1408_original_DZsX0CFTpJc/_batch.json	6886	d496c0deec1ad68db5744205b52047ccc368b863
/c/ClippersHQ_renders/outputs_paste_20260825_bl1408_original_DZsX0CFTpJc/_work/paste_DZsX0CFTpJc__20260825T160917Z/config_paste_DZsX0CFTpJc__20260825T160917Z.yaml	2932	02e865812f18565e9da5eee948956b38354b069a
/c/ClippersHQ_renders/outputs_paste_20260825_bl1408_original_DZsX0CFTpJc/_work/paste_DZsX0CFTpJc__20260825T160917Z/edit-2026-08-25.log	221	d006dc30fe59903bd3153a95addd62b8ca12c098
/c/ClippersHQ_renders/outputs_paste_20260825_bl1408_original_DZu1b5pPEGy/README.md	2544	0b24bc5271f38cd0cdedf27d0d912f1cc1944dae
/c/ClippersHQ_renders/outputs_paste_20260825_bl1408_original_DZu1b5pPEGy/_batch.json	6917	0fc1220bf39dfa17eaf9e8af7f8aaecf900e7364
/c/ClippersHQ_renders/outputs_paste_20260825_bl1408_original_DZu1b5pPEGy/_work/paste_DZu1b5pPEGy__20260825T155119Z/config_paste_DZu1b5pPEGy__20260825T155119Z.yaml	2932	853df9b0092f6f81cfe56ffbdccad98f83d78c65
/c/ClippersHQ_renders/outputs_paste_20260825_bl1408_original_DZu1b5pPEGy/_work/paste_DZu1b5pPEGy__20260825T155119Z/edit-2026-08-25.log	229	56bcda4f14b9acf027589bc7840a1efe6f98370f
/c/ClippersHQ_renders/outputs_paste_20260825_bl1408_original_DaBQvnuTkV3/README.md	2505	c6973b63ab8d2145adaea914f452fce63cde0193
/c/ClippersHQ_renders/outputs_paste_20260825_bl1408_original_DaBQvnuTkV3/_batch.json	7214	05694c3ffa062908c647befa7e14b6a9f14e6fcd
/c/ClippersHQ_renders/outputs_paste_20260825_bl1408_original_DaBQvnuTkV3/_work/paste_DaBQvnuTkV3__20260825T160627Z/config_paste_DaBQvnuTkV3__20260825T160627Z.yaml	2932	1b5a43a43fbaa4a8babb4e25bf2e2f1b9635c5c2
/c/ClippersHQ_renders/outputs_paste_20260825_bl1408_original_DaBQvnuTkV3/_work/paste_DaBQvnuTkV3__20260825T160627Z/edit-2026-08-25.log	219	de8de7d51bce07c4992bf04ed45a990a8be8b59a
/c/ClippersHQ_renders/outputs_paste_20260825_bl1408_original_DaK8cFSNDbm/README.md	2640	872fe8301546a1c8d6cc06c4bd2bd5838afc9370
/c/ClippersHQ_renders/outputs_paste_20260825_bl1408_original_DaK8cFSNDbm/_batch.json	7515	b2f7539943d631682ec4397b15a5dbcc68748ad5
/c/ClippersHQ_renders/outputs_paste_20260825_bl1408_original_DaK8cFSNDbm/_work/paste_DaK8cFSNDbm__20260825T155259Z/config_paste_DaK8cFSNDbm__20260825T155259Z.yaml	2932	39b8472cb1dba3693f1b3ee56f5c7ce32cbc0afa
/c/ClippersHQ_renders/outputs_paste_20260825_bl1408_original_DaK8cFSNDbm/_work/paste_DaK8cFSNDbm__20260825T155259Z/edit-2026-08-25.log	219	abc3ea9d8dbc26fb613f5b35600e641477f4dd72
/c/ClippersHQ_renders/outputs_paste_20260825_bl1408_original_DcBPKIyM1gN/README.md	2599	3f56fcabec58862298823a6fe485fb7190ba5f74
/c/ClippersHQ_renders/outputs_paste_20260825_bl1408_original_DcBPKIyM1gN/_batch.json	7360	f25af5572f54d011c83a17d96b2dcaaa8fed5ddd
/c/ClippersHQ_renders/outputs_paste_20260825_bl1408_original_DcBPKIyM1gN/_work/paste_DcBPKIyM1gN__20260825T160155Z/config_paste_DcBPKIyM1gN__20260825T160155Z.yaml	2932	b3a084b208f78170dda069f2bf0268a82934cc4a
/c/ClippersHQ_renders/outputs_paste_20260825_bl1408_original_DcBPKIyM1gN/_work/paste_DcBPKIyM1gN__20260825T160155Z/edit-2026-08-25.log	213	632a3ff3a7c8f72dc6ea339f8f83f8c9b7c9adae
/c/ClippersHQ_renders/outputs_paste_20260825_bl1408_original_DcJWIBryfwl/README.md	2615	fc7527eb94c09d18abaa42105127586e7368a692
/c/ClippersHQ_renders/outputs_paste_20260825_bl1408_original_DcJWIBryfwl/_batch.json	7327	f098e885646b93ad9df2c58bc4b74f155ab93fb8
/c/ClippersHQ_renders/outputs_paste_20260825_bl1408_original_DcJWIBryfwl/_work/paste_DcJWIBryfwl__20260825T155917Z/config_paste_DcJWIBryfwl__20260825T155917Z.yaml	2932	8f9f366951dc93f7005d8aa6330fe1f0e5edee93
/c/ClippersHQ_renders/outputs_paste_20260825_bl1408_original_DcJWIBryfwl/_work/paste_DcJWIBryfwl__20260825T155917Z/edit-2026-08-25.log	219	22f1ce97e27717cc6fe871d7a8174e35618d6383
/c/ClippersHQ_renders/outputs_paste_20260825_bl1408_original_DcOXS8GvUFa/README.md	2334	7f536ba56f2502cfd400f156a2bf1d196fc9465b
/c/ClippersHQ_renders/outputs_paste_20260825_bl1408_original_DcOXS8GvUFa/_batch.json	5885	f1fc302e5be313eb373822ec0487d773042e8c39
/c/ClippersHQ_renders/outputs_paste_20260825_bl1408_original_DcT8BHovkZw/README.md	2431	0cf825a760e80e37ccfc75007b1614d756b1998c
/c/ClippersHQ_renders/outputs_paste_20260825_bl1408_original_DcT8BHovkZw/_batch.json	7128	7b32d19400fa2bd38b0592a7373db772fe0ec680
/c/ClippersHQ_renders/outputs_paste_20260825_bl1408_original_DcT8BHovkZw/_work/paste_DcT8BHovkZw__20260825T160320Z/config_paste_DcT8BHovkZw__20260825T160320Z.yaml	2932	2689126a173dfdd96cc10a3182ba671fa3d8b74b
/c/ClippersHQ_renders/outputs_paste_20260825_bl1408_original_DcT8BHovkZw/_work/paste_DcT8BHovkZw__20260825T160320Z/edit-2026-08-25.log	207	893bbea68cb2769b51dc74cd968cfadd41f5edf6
/c/ClippersHQ_renders/outputs_paste_20260825_bl1408_original_DcY2T11sQu6/README.md	2788	a10091d408a69aefa21aa98686d0b2f6a13e2901
/c/ClippersHQ_renders/outputs_paste_20260825_bl1408_original_DcY2T11sQu6/_batch.json	7361	28c16394338e8078dcf65b19b18f8f10f47613f8
/c/ClippersHQ_renders/outputs_paste_20260825_bl1408_original_DcY2T11sQu6/_work/paste_DcY2T11sQu6__20260825T155739Z/config_paste_DcY2T11sQu6__20260825T155739Z.yaml	2933	777dae13812e9f900d25c9563ea39edc40a2efa5
/c/ClippersHQ_renders/outputs_paste_20260825_bl1408_original_DcY2T11sQu6/_work/paste_DcY2T11sQu6__20260825T155739Z/edit-2026-08-25.log	219	f0d5aebb9f3a559af9b340b2e86398e7703339de
/c/ClippersHQ_renders/outputs_paste_20260825_bl1408_original_DcY2cIGPUVd/README.md	2599	d6e643bb1a3ec4d2d160033b62ba4fb869586e3d
/c/ClippersHQ_renders/outputs_paste_20260825_bl1408_original_DcY2cIGPUVd/_batch.json	7145	28efb47502ebd277fd3596ec97287630921f9093
/c/ClippersHQ_renders/outputs_paste_20260825_bl1408_original_DcY2cIGPUVd/_work/paste_DcY2cIGPUVd__20260825T155205Z/config_paste_DcY2cIGPUVd__20260825T155205Z.yaml	2932	cc9690108af85b8018bed3a66a715672318d5c81
/c/ClippersHQ_renders/outputs_paste_20260825_bl1408_original_DcY2cIGPUVd/_work/paste_DcY2cIGPUVd__20260825T155205Z/edit-2026-08-25.log	207	694b0557900218cc4584e1684d79bcfed6abd427
/c/ClippersHQ_renders/outputs_paste_20260825_bl1408_original_DcZJYzJPi9w/README.md	2471	469650ed51fd021c8ea2c04aa4a2af393a3268a0
/c/ClippersHQ_renders/outputs_paste_20260825_bl1408_original_DcZJYzJPi9w/_batch.json	7340	d405068501dda9870fbc6f3011a76cbf8f7b366c
/c/ClippersHQ_renders/outputs_paste_20260825_bl1408_original_DcZJYzJPi9w/_work/paste_DcZJYzJPi9w__20260825T161721Z/config_paste_DcZJYzJPi9w__20260825T161721Z.yaml	2932	d10fdba56ce55cece41b99cb4ade1f60905d6832
/c/ClippersHQ_renders/outputs_paste_20260825_bl1408_original_DcZJYzJPi9w/_work/paste_DcZJYzJPi9w__20260825T161721Z/edit-2026-08-25.log	207	5f372c9fea60c922428fb849a70e4aff483829b6
/c/ClippersHQ_renders/outputs_paste_20260825_bl1408_song/_resume.json	8215	279e664406aed21591c4a2c5e329d5e579cbac3f
/c/ClippersHQ_renders/outputs_paste_20260825_bl1408_song_DZaUyhVkn42/README.md	2344	a669034e42e6ac496c5c5fd63d6db98bdca1a806
/c/ClippersHQ_renders/outputs_paste_20260825_bl1408_song_DZaUyhVkn42/_batch.json	5706	4f01309eead6ef164c0a653cc48624b5fa36b25b
/c/ClippersHQ_renders/outputs_paste_20260825_bl1408_song_DZaUyhVkn42/_work/paste_DZaUyhVkn42__20260825T161844Z/config_paste_DZaUyhVkn42__20260825T161844Z.yaml	2928	c6e27f66b6e7d9c5b2724d59fa2fe5c0231e2753
/c/ClippersHQ_renders/outputs_paste_20260825_bl1408_song_DZaUyhVkn42/_work/paste_DZaUyhVkn42__20260825T161844Z/edit-2026-08-25.log	211	8b0d09ec0058085bab473cb44bc7be3592f7f86d
/c/ClippersHQ_renders/outputs_paste_20260825_bl1408_song_DZu1b5pPEGy/README.md	2367	6056fd5d3f15f88ef2aff20681bf5b50d19a63e7
/c/ClippersHQ_renders/outputs_paste_20260825_bl1408_song_DZu1b5pPEGy/_batch.json	5681	02b30fa107db72ac7819771a8008a862990ea22e
/c/ClippersHQ_renders/outputs_paste_20260825_bl1408_song_DZu1b5pPEGy/_work/paste_DZu1b5pPEGy__20260825T162000Z/config_paste_DZu1b5pPEGy__20260825T162000Z.yaml	2928	451674be42913617ecaa48c481f073871014efa7
/c/ClippersHQ_renders/outputs_paste_20260825_bl1408_song_DZu1b5pPEGy/_work/paste_DZu1b5pPEGy__20260825T162000Z/edit-2026-08-25.log	229	b0cc8c2b9afed1287c072084a991c2dc5c3ad4ac
/c/ClippersHQ_renders/outputs_paste_20260825_bl1408_song_DcY2cIGPUVd/README.md	2422	73312be6fe5c2d95afa3df576dba298e4d18be17
/c/ClippersHQ_renders/outputs_paste_20260825_bl1408_song_DcY2cIGPUVd/_batch.json	5904	47a741e0edb0d3845091287acff4d28b3db83357
/c/ClippersHQ_renders/outputs_paste_20260825_bl1408_song_DcY2cIGPUVd/_work/paste_DcY2cIGPUVd__20260825T162115Z/config_paste_DcY2cIGPUVd__20260825T162115Z.yaml	2928	4ee8f4872cc440efd78691ab7deacd3292808a53
/c/ClippersHQ_renders/outputs_paste_20260825_bl1408_song_DcY2cIGPUVd/_work/paste_DcY2cIGPUVd__20260825T162115Z/edit-2026-08-25.log	207	dc8f49e397829c3f950086573a50835796801f3b
/c/ClippersHQ_renders/outputs_paste_20260825_bl1409_original/README.md	12884	84bec90a8f62518a9732e34d02ca0372ae092073
/c/ClippersHQ_renders/outputs_paste_20260825_bl1409_original/_resume.json	46768	bf67d94f61678b81933691dce0c036965074991a
/c/ClippersHQ_renders/outputs_paste_20260825_bl1409_original_DVhBwA_DWcj/README.md	1733	51f3da5db3226790406c1517d35dfab2367ecdd0
/c/ClippersHQ_renders/outputs_paste_20260825_bl1409_original_DVhBwA_DWcj/_batch.json	4745	2e9bed0fe69d3186e2a3bab2a4cc9d00966d7219
/c/ClippersHQ_renders/outputs_paste_20260825_bl1409_original_DXH5gPzAcj9/README.md	2490	30173c760d08ddd7826c273147fcff447e6b7938
/c/ClippersHQ_renders/outputs_paste_20260825_bl1409_original_DXH5gPzAcj9/_batch.json	7112	40f44410d7185b8296f8a5b9694fd8e198471e75
/c/ClippersHQ_renders/outputs_paste_20260825_bl1409_original_DXH5gPzAcj9/_work/paste_DXH5gPzAcj9__20260825T191534Z/config_paste_DXH5gPzAcj9__20260825T191534Z.yaml	2932	acc2818f24d9bc29723f9bf0774eb2511537acde
/c/ClippersHQ_renders/outputs_paste_20260825_bl1409_original_DXH5gPzAcj9/_work/paste_DXH5gPzAcj9__20260825T191534Z/edit-2026-08-25.log	201	9507811d90e4fe359644c549c9f12e672ae41e06
/c/ClippersHQ_renders/outputs_paste_20260825_bl1409_original_DXrBm2bFQPM/README.md	2388	fa4be18540a9bd7168d497689af7726eaa7cbee3
/c/ClippersHQ_renders/outputs_paste_20260825_bl1409_original_DXrBm2bFQPM/_batch.json	6948	aabd7a42b65a54a449b6f46245a3571830d44aac
/c/ClippersHQ_renders/outputs_paste_20260825_bl1409_original_DXrBm2bFQPM/_work/paste_DXrBm2bFQPM__20260825T191227Z/config_paste_DXrBm2bFQPM__20260825T191227Z.yaml	2932	c1de9c3ed49e8d6a0fdb3676108dfc5989248b09
/c/ClippersHQ_renders/outputs_paste_20260825_bl1409_original_DXrBm2bFQPM/_work/paste_DXrBm2bFQPM__20260825T191227Z/edit-2026-08-25.log	207	71a9fc6e7e5cf3596b9c8b2170fe6b1f41e4801d
/c/ClippersHQ_renders/outputs_paste_20260825_bl1409_original_DXwsc_cy_ny/README.md	2545	44ad618cecfa14f9bfa5d786fe213fc6c8a35d20
/c/ClippersHQ_renders/outputs_paste_20260825_bl1409_original_DXwsc_cy_ny/_batch.json	7288	0a38002e60b279ed0c0fc876a1afe8c912d71946
/c/ClippersHQ_renders/outputs_paste_20260825_bl1409_original_DXwsc_cy_ny/_work/paste_DXwsc_cy_ny__20260825T191456Z/config_paste_DXwsc_cy_ny__20260825T191456Z.yaml	2932	518a75566045e8a71243115ceb1abc0cc7a8553d
/c/ClippersHQ_renders/outputs_paste_20260825_bl1409_original_DXwsc_cy_ny/_work/paste_DXwsc_cy_ny__20260825T191456Z/edit-2026-08-25.log	215	2e927e07083ffd0aa8e9a11b7f965a27683b5601
/c/ClippersHQ_renders/outputs_paste_20260825_bl1409_original_Db-BJl9ofFA/README.md	2585	6ce36b50b704e3385f1b370ae91b3cbe86f6783c
/c/ClippersHQ_renders/outputs_paste_20260825_bl1409_original_Db-BJl9ofFA/_batch.json	7247	fb4d45fd62be489059678399f6dfb87f319f9366
/c/ClippersHQ_renders/outputs_paste_20260825_bl1409_original_Db-BJl9ofFA/_work/paste_Db-BJl9ofFA__20260825T191011Z/config_paste_Db-BJl9ofFA__20260825T191011Z.yaml	2933	aa3d6c9a19119c92e72966916684909182d20416
/c/ClippersHQ_renders/outputs_paste_20260825_bl1409_original_Db-BJl9ofFA/_work/paste_Db-BJl9ofFA__20260825T191011Z/edit-2026-08-25.log	215	585e051ab281b328cde68949154e6fab699a59b7
/c/ClippersHQ_renders/outputs_paste_20260825_bl1409_original_DbyU2ifSFYu/README.md	2399	b7cacaa90f69eff852788917b357edc3f7c7dad3
/c/ClippersHQ_renders/outputs_paste_20260825_bl1409_original_DbyU2ifSFYu/_batch.json	7443	d7f21190a49a898ef22a5a0cc763c05ff4bfab83
/c/ClippersHQ_renders/outputs_paste_20260825_bl1409_original_DbyU2ifSFYu/_work/paste_DbyU2ifSFYu__20260825T191346Z/config_paste_DbyU2ifSFYu__20260825T191346Z.yaml	2933	4ba2d26243b14827900dc4019427466321f78903
/c/ClippersHQ_renders/outputs_paste_20260825_bl1409_original_DbyU2ifSFYu/_work/paste_DbyU2ifSFYu__20260825T191346Z/edit-2026-08-25.log	211	c25fa11b321bc20e449ce01596a8e683b5d160b5
/c/ClippersHQ_renders/outputs_paste_20260825_bl1409_original_DcWKqCrtOME/README.md	1906	3766e688a251fa0e8dbe0757b1ef52cc790da01a
/c/ClippersHQ_renders/outputs_paste_20260825_bl1409_original_DcWKqCrtOME/_batch.json	5089	774e149592d00d165ab6cf7fd111c01632b04f1e
/c/ClippersHQ_renders/outputs_paste_20260825_bl1409_original_DcYXlkBRJLF/README.md	2319	4976f5a3988434e7e683789a0c1f7d715a76a90e
/c/ClippersHQ_renders/outputs_paste_20260825_bl1409_original_DcYXlkBRJLF/_batch.json	7548	7e7d9cb1bc4f0357a11b478cb2cf3d77d3b8907f
/c/ClippersHQ_renders/outputs_paste_20260825_bl1409_original_DcYXlkBRJLF/_work/paste_DcYXlkBRJLF__20260825T191313Z/config_paste_DcYXlkBRJLF__20260825T191313Z.yaml	2932	70c537659f4712a1a1c8a2fbe98dab3aad340128
/c/ClippersHQ_renders/outputs_paste_20260825_bl1409_original_DcYXlkBRJLF/_work/paste_DcYXlkBRJLF__20260825T191313Z/edit-2026-08-25.log	207	86244e951dd51771d95fe9051cecebb49b1b2ac4
/c/ClippersHQ_renders/outputs_paste_20260825_bl1409_original_DcZQPilBOmc/README.md	2413	a49472d60421cf6ba6eb261c6b9b1dd8cb5df07d
/c/ClippersHQ_renders/outputs_paste_20260825_bl1409_original_DcZQPilBOmc/_batch.json	7495	3e49d2a33ac7450ca66f09cbcff2ee534a901de2
/c/ClippersHQ_renders/outputs_paste_20260825_bl1409_original_DcZQPilBOmc/_work/paste_DcZQPilBOmc__20260825T190745Z/config_paste_DcZQPilBOmc__20260825T190745Z.yaml	2932	8e1e73b0485029f7974f10b5a2ba82fb32748d72
/c/ClippersHQ_renders/outputs_paste_20260825_bl1409_original_DcZQPilBOmc/_work/paste_DcZQPilBOmc__20260825T190745Z/edit-2026-08-25.log	201	726d6ac6a65f4c972a398ac93755a8abb1562fc2
/c/ClippersHQ_renders/outputs_paste_20260825_bl1409_original_Dcad7Y2MMAF/README.md	2452	6ceceb199a9d92bd43319c60c65f2985ed6f0644
/c/ClippersHQ_renders/outputs_paste_20260825_bl1409_original_Dcad7Y2MMAF/_batch.json	7410	53e26a46536b9442b487367699ba3bbe4c0fd6be
/c/ClippersHQ_renders/outputs_paste_20260825_bl1409_original_Dcad7Y2MMAF/_work/paste_Dcad7Y2MMAF__20260825T190816Z/config_paste_Dcad7Y2MMAF__20260825T190816Z.yaml	2932	d35ef62f8c5b80d84985f9f3ccbb84221fbc8003
/c/ClippersHQ_renders/outputs_paste_20260825_bl1409_original_Dcad7Y2MMAF/_work/paste_Dcad7Y2MMAF__20260825T190816Z/edit-2026-08-25.log	211	c989d6e62363232e1be14e018f38606aa9b84a63
/c/ClippersHQ_renders/outputs_paste_20260825_bl1409_original_DcbHggAqOUD/README.md	2416	4b55bb1b5fd0e452770baab703b85dd054bda313
/c/ClippersHQ_renders/outputs_paste_20260825_bl1409_original_DcbHggAqOUD/_batch.json	7501	5f35cff03ebe0cbb744785593079f22f06b10260
/c/ClippersHQ_renders/outputs_paste_20260825_bl1409_original_DcbHggAqOUD/_work/paste_DcbHggAqOUD__20260825T190922Z/config_paste_DcbHggAqOUD__20260825T190922Z.yaml	2932	1deb10045b04af427d0113f60f8e3566a9609f5c
/c/ClippersHQ_renders/outputs_paste_20260825_bl1409_original_DcbHggAqOUD/_work/paste_DcbHggAqOUD__20260825T190922Z/edit-2026-08-25.log	207	7d3e3d6965e7297458420a9385a1dcaf57393dbd
/c/ClippersHQ_renders/outputs_paste_20260825_bl1409_original_Dcbfwl5BvK7/README.md	2547	0b32d43c338d1bd7bf72b79f360f22d6fc2cd749
/c/ClippersHQ_renders/outputs_paste_20260825_bl1409_original_Dcbfwl5BvK7/_batch.json	7179	b937b2aa57b69c8c37051122ffafda0da27a99e1
/c/ClippersHQ_renders/outputs_paste_20260825_bl1409_original_Dcbfwl5BvK7/_work/paste_Dcbfwl5BvK7__20260825T191143Z/config_paste_Dcbfwl5BvK7__20260825T191143Z.yaml	2932	dba5b76d3116ad0e77d5b1dcf06b936e6ca16434
/c/ClippersHQ_renders/outputs_paste_20260825_bl1409_original_Dcbfwl5BvK7/_work/paste_Dcbfwl5BvK7__20260825T191143Z/edit-2026-08-25.log	201	882a44523b3c95df5169fada1ff8d4916d6c045f
/c/ClippersHQ_renders/outputs_paste_20260825_bl1409_original_Dcd21ufE0ts/README.md	2407	55ab4b86d93ae41442a225c196ec4715d1319bfe
/c/ClippersHQ_renders/outputs_paste_20260825_bl1409_original_Dcd21ufE0ts/_batch.json	7081	4aead3003b7515827f91227fe35ad66bf90d28c5
/c/ClippersHQ_renders/outputs_paste_20260825_bl1409_original_Dcd21ufE0ts/_work/paste_Dcd21ufE0ts__20260825T190847Z/config_paste_Dcd21ufE0ts__20260825T190847Z.yaml	2932	0492b42e6395bec2aa605d86c3e03b9ad7eb7857
/c/ClippersHQ_renders/outputs_paste_20260825_bl1409_original_Dcd21ufE0ts/_work/paste_Dcd21ufE0ts__20260825T190847Z/edit-2026-08-25.log	211	46564680b65d795eceec7412e65a05e22244a959
/c/ClippersHQ_renders/outputs_paste_20260828_182311/_batch.json	29736	a1bd5c8bb143c007da6982d8e466bd5e4853bf87
/c/ClippersHQ_renders/outputs_paste_20260828_182311/_work/paste_DV9H7B7ko7V__20260828T162748Z/config_paste_DV9H7B7ko7V__20260828T162748Z.yaml	2911	7141192b0a746e0dcf8d2353cb1f5e91d460cc64
/c/ClippersHQ_renders/outputs_paste_20260828_182311/_work/paste_DV9H7B7ko7V__20260828T162748Z/edit-2026-08-28.log	215	1fe2d089b75817ae1c221463797763b0ace25ee1
/c/ClippersHQ_renders/outputs_paste_20260828_182311/_work/paste_DWzNCShj60T__20260828T162815Z/config_paste_DWzNCShj60T__20260828T162815Z.yaml	2911	70d06e3b1567a44d8810d44a1d2628ba63d65d2a
/c/ClippersHQ_renders/outputs_paste_20260828_182311/_work/paste_DWzNCShj60T__20260828T162815Z/edit-2026-08-28.log	205	cba928302a2e6f594d936f2714f5229b1bdcd8cf
/c/ClippersHQ_renders/outputs_paste_20260828_182311/_work/paste_DY-oq7XBGmE__20260828T162612Z/config_paste_DY-oq7XBGmE__20260828T162612Z.yaml	2911	35065639dbdcd9c8c6a740997f5ffd914655d639
/c/ClippersHQ_renders/outputs_paste_20260828_182311/_work/paste_DY-oq7XBGmE__20260828T162612Z/edit-2026-08-28.log	201	31f36c4b504a6b48c0d9e72b3af01c477c7d5d64
/c/ClippersHQ_renders/outputs_paste_20260828_182311/_work/paste_DZOfaprvQbh__20260828T162333Z/config_paste_DZOfaprvQbh__20260828T162333Z.yaml	2912	0cce5bb4179c24711312a4854deffa49bbcedb30
/c/ClippersHQ_renders/outputs_paste_20260828_182311/_work/paste_DZOfaprvQbh__20260828T162333Z/edit-2026-08-28.log	219	bf7e3bf7f312b451e8199ca469b988eb506248bd
/c/ClippersHQ_renders/outputs_paste_20260828_182311/_work/paste_DbYonQnzByT__20260828T162845Z/config_paste_DbYonQnzByT__20260828T162845Z.yaml	2911	0cb64bd37198b1a9dadb460a6030decce858be1b
/c/ClippersHQ_renders/outputs_paste_20260828_182311/_work/paste_DbYonQnzByT__20260828T162845Z/edit-2026-08-28.log	133	58b08da403aed1b8b84599083fca170057eb938c
/c/ClippersHQ_renders/outputs_paste_20260828_182311/_work/paste_DcaTqnAzhBG__20260828T162704Z/config_paste_DcaTqnAzhBG__20260828T162704Z.yaml	2911	55dde056e8d6d0644c9d319960759f2dfea5eb06
/c/ClippersHQ_renders/outputs_paste_20260828_182311/_work/paste_DcaTqnAzhBG__20260828T162704Z/edit-2026-08-28.log	217	fe1a93a6e6de0566590da883016b51d9801b6d1a
/c/ClippersHQ_renders/outputs_paste_20260828_182311/_work/paste_DcbqzZMSwLe__20260828T162433Z/config_paste_DcbqzZMSwLe__20260828T162433Z.yaml	2911	2be073fff78a01453689d639c39a61b38e1dac2a
/c/ClippersHQ_renders/outputs_paste_20260828_182311/_work/paste_DcbqzZMSwLe__20260828T162433Z/edit-2026-08-28.log	219	675b7a96663a64e72975fe3296b2058561edb959
/c/ClippersHQ_renders/outputs_paste_20260828_182311/_work/paste_DcgsenBKNUl__20260828T162525Z/config_paste_DcgsenBKNUl__20260828T162525Z.yaml	2911	46122aa0a178dad8a207bc6d7887cf451ec4d984
/c/ClippersHQ_renders/outputs_paste_20260828_182311/_work/paste_DcgsenBKNUl__20260828T162525Z/edit-2026-08-28.log	213	a6ee75128fd534acc3b0aad06f4f64e63dd52a42
/c/ClippersHQ_renders/outputs_paste_bl1430_21/README.md	26861	a13acd5719c4a92af2cb23e913fd0f150fc54881
/c/ClippersHQ_renders/outputs_paste_bl1430_21/_batch.json	58938	0b2db71c01b2530fe9bf1e8459c527973d0d2f67
/c/ClippersHQ_renders/outputs_paste_bl1430_21/_links/01_DZOfaprvQbh.log	1351	4ea7efdb9a443306ad14639d64e39c319a1e40a7
/c/ClippersHQ_renders/outputs_paste_bl1430_21/_links/01_DZOfaprvQbh.txt	45	27063717f344aa76ac88b8136a223edb330542ad
/c/ClippersHQ_renders/outputs_paste_bl1430_21/_links/02_DcbqzZMSwLe.log	1102	9ca4197afa858ed3e0a3c0041ab0a27e5699f9b2
/c/ClippersHQ_renders/outputs_paste_bl1430_21/_links/02_DcbqzZMSwLe.txt	45	896af56a98c1a201b9adc244a80b878a078bcdac
/c/ClippersHQ_renders/outputs_paste_bl1430_21/_links/03_DcgsenBKNUl.log	1215	ee2ca8c71dd167837ca6336c28c340481365b57a
/c/ClippersHQ_renders/outputs_paste_bl1430_21/_links/03_DcgsenBKNUl.txt	45	eec13af2d3d6e0797600c9f3533bbf162cec7abe
/c/ClippersHQ_renders/outputs_paste_bl1430_21/_links/04_DY-oq7XBGmE.log	1210	85946ad2f47b2beaf7ce8c25d70d018fa7fc20bd
/c/ClippersHQ_renders/outputs_paste_bl1430_21/_links/04_DY-oq7XBGmE.txt	45	ebb725118c92db9c3144cfbddcc73dc256e3f7ea
/c/ClippersHQ_renders/outputs_paste_bl1430_21/_links/05_DcaTqnAzhBG.log	1255	eecba7edf7cbf32ed0d666eb09c224c6e291547d
/c/ClippersHQ_renders/outputs_paste_bl1430_21/_links/05_DcaTqnAzhBG.txt	45	3a50301904685482ce99825930ccf1335cf3cdd8
/c/ClippersHQ_renders/outputs_paste_bl1430_21/_links/06_DV9H7B7ko7V.log	1091	97e5d11e24187d0d2c4603afabf70b16d13443bb
/c/ClippersHQ_renders/outputs_paste_bl1430_21/_links/06_DV9H7B7ko7V.txt	45	4edf27d95ef8ea0f0b7092ee702066e5094feffe
/c/ClippersHQ_renders/outputs_paste_bl1430_21/_links/07_DWzNCShj60T.log	1193	4b50bee4f4eefc387ee0230937b6159b4f77d451
/c/ClippersHQ_renders/outputs_paste_bl1430_21/_links/07_DWzNCShj60T.txt	45	c3eb164fed2bcd736e02ed9c0ae87f2733965fc3
/c/ClippersHQ_renders/outputs_paste_bl1430_21/_links/08_DbYonQnzByT.log	1154	e47d9c4abb55ca8bb30e02f646d0d35e8459d0f3
/c/ClippersHQ_renders/outputs_paste_bl1430_21/_links/08_DbYonQnzByT.txt	45	d9fde7e73a5f1e1a0959bd22f65f731206af7771
/c/ClippersHQ_renders/outputs_paste_bl1430_21/_links/09_DYchbeVhf9F.log	1055	9b081b9cf15cadb47d2d6410313bb83267fd81ec
/c/ClippersHQ_renders/outputs_paste_bl1430_21/_links/09_DYchbeVhf9F.txt	45	0433463611b670d8df0450053a15b1d4e370bca9
/c/ClippersHQ_renders/outputs_paste_bl1430_21/_links/10_DY_oM6tlXdx.log	1158	825519e6131422a2a0880b22aad3e179e0fc6a01
/c/ClippersHQ_renders/outputs_paste_bl1430_21/_links/10_DY_oM6tlXdx.txt	45	5e78c18d47b859ef22b8085a6829cb08dcd4da61
/c/ClippersHQ_renders/outputs_paste_bl1430_21/_links/11_DXePleEEalS.log	1213	d4915f2f951ebc4dd72c1ff80cda8a7620b85745
/c/ClippersHQ_renders/outputs_paste_bl1430_21/_links/11_DXePleEEalS.txt	45	5c43a0718ee496192a6d9ed4614415a8ecbf54fd
/c/ClippersHQ_renders/outputs_paste_bl1430_21/_links/12_DZtL8J8IhXa.log	1104	f8519503ea6f139c032caf482a9c1ba5d95edf6e
/c/ClippersHQ_renders/outputs_paste_bl1430_21/_links/12_DZtL8J8IhXa.txt	45	08aeacb391ff8d3159dcacf10c50f9e3723984b2
/c/ClippersHQ_renders/outputs_paste_bl1430_21/_links/13_DZErTPaz4HZ.log	1092	d7287c0547adf16d5770ef6dcb93ac63fb76c248
/c/ClippersHQ_renders/outputs_paste_bl1430_21/_links/13_DZErTPaz4HZ.txt	45	5dfa94deed49d58ac18f40fe18394926d9c6c649
/c/ClippersHQ_renders/outputs_paste_bl1430_21/_links/14_DX2R3luBGWi.log	1094	5a1869d42dbe8ba706d8b753e84226ee534b0267
/c/ClippersHQ_renders/outputs_paste_bl1430_21/_links/14_DX2R3luBGWi.txt	45	3fe639afa715df8ac508e2558a405b705842a263
/c/ClippersHQ_renders/outputs_paste_bl1430_21/_links/15_DYSfglqNVw6.log	1169	f28ac7512d31871c42a3caf8fc22a5a2353d53b7
/c/ClippersHQ_renders/outputs_paste_bl1430_21/_links/15_DYSfglqNVw6.txt	45	106cdb06ddea1783286bef85d6cce626f5d21ae7
/c/ClippersHQ_renders/outputs_paste_bl1430_21/_links/16_DZ19BVjyPxv.log	1160	5cb30c0eb9872e7d084ecd3c22d407dc45dfc0d7
/c/ClippersHQ_renders/outputs_paste_bl1430_21/_links/16_DZ19BVjyPxv.txt	45	85f73da48c1a6061291474b54dd18cd4b105bf12
/c/ClippersHQ_renders/outputs_paste_bl1430_21/_links/17_DYkMnEvuFOo.log	1097	5bede654c5f1383b095db9d8975720dcb812fd10
/c/ClippersHQ_renders/outputs_paste_bl1430_21/_links/17_DYkMnEvuFOo.txt	45	fe31ef89303a9c268db915a06b1c19893bf30f69
/c/ClippersHQ_renders/outputs_paste_bl1430_21/_links/18_DZFp0i9MMFm.log	1206	c81435c9b271258fd7b466c150d5acd19a6ba245
/c/ClippersHQ_renders/outputs_paste_bl1430_21/_links/18_DZFp0i9MMFm.txt	45	05bec9c853eb88b6c681368adcb8ce5da7231b54
/c/ClippersHQ_renders/outputs_paste_bl1430_21/_links/19_DaJ-vslhuRN.log	1210	35be578912fdea5986ee82f89231fd5a65932e71
/c/ClippersHQ_renders/outputs_paste_bl1430_21/_links/19_DaJ-vslhuRN.txt	45	05a4e33ca0fd4d58bb94e288b9fa3f250aae6969
/c/ClippersHQ_renders/outputs_paste_bl1430_21/_links/20_DbhQRCeo6TK.log	1086	bc36ee3b9e80238aca31f5104f9a8f0afe2f19b5
/c/ClippersHQ_renders/outputs_paste_bl1430_21/_links/20_DbhQRCeo6TK.txt	45	14a36cc995dca8a52363afca78fb426ebd1f055c
/c/ClippersHQ_renders/outputs_paste_bl1430_21/_links/21_DcYuZ2CzECo.log	1093	6badca3c79bb101a2f7ee95b2382768460d29627
/c/ClippersHQ_renders/outputs_paste_bl1430_21/_links/21_DcYuZ2CzECo.txt	45	4c8ad3f2b8ff972dc8857feb369f35197439de68
/c/ClippersHQ_renders/outputs_paste_bl1430_21/_links/link_01_DZOfaprvQbh/README.md	2427	461ff518dd2e86aa99ce721ea405e62dcac594b0
/c/ClippersHQ_renders/outputs_paste_bl1430_21/_links/link_01_DZOfaprvQbh/_batch.json	5784	b70dd26ad6276283dba8a593deb49f3fad3e95cc
/c/ClippersHQ_renders/outputs_paste_bl1430_21/_links/link_01_DZOfaprvQbh/_work/paste_DZOfaprvQbh__20260828T211511Z/config_paste_DZOfaprvQbh__20260828T211511Z.yaml	2933	fff0828655fa0afd757a25a07beebf2a4d24e15f
/c/ClippersHQ_renders/outputs_paste_bl1430_21/_links/link_01_DZOfaprvQbh/_work/paste_DZOfaprvQbh__20260828T211511Z/edit-2026-08-28.log	219	78d488da61a04947afe405f02d119f89f6f7aa0a
/c/ClippersHQ_renders/outputs_paste_bl1430_21/_links/link_02_DcbqzZMSwLe/README.md	2389	b46063254dae092cf3f064c0bd492430332f417a
/c/ClippersHQ_renders/outputs_paste_bl1430_21/_links/link_02_DcbqzZMSwLe/_batch.json	5645	92f084539e1cda515c6875f3f538f09cecf928c6
/c/ClippersHQ_renders/outputs_paste_bl1430_21/_links/link_02_DcbqzZMSwLe/_work/paste_DcbqzZMSwLe__20260828T210113Z/config_paste_DcbqzZMSwLe__20260828T210113Z.yaml	2932	c16ca904dea8309f13efee49f4bd964d7f271617
/c/ClippersHQ_renders/outputs_paste_bl1430_21/_links/link_02_DcbqzZMSwLe/_work/paste_DcbqzZMSwLe__20260828T210113Z/edit-2026-08-28.log	219	66ea6050fab7f2719c4c78f8b0c26f842c418d91
/c/ClippersHQ_renders/outputs_paste_bl1430_21/_links/link_03_DcgsenBKNUl/README.md	2470	2fda4bf371df419de5774d35f88e132eec2f955e
/c/ClippersHQ_renders/outputs_paste_bl1430_21/_links/link_03_DcgsenBKNUl/_batch.json	6019	387c765c4bc9fcfceec2a61181562fa1452eb650
/c/ClippersHQ_renders/outputs_paste_bl1430_21/_links/link_03_DcgsenBKNUl/_work/paste_DcgsenBKNUl__20260828T210206Z/config_paste_DcgsenBKNUl__20260828T210206Z.yaml	2932	580dd1dc8ffdc95ef27cc81570649c59f60bf8b9
/c/ClippersHQ_renders/outputs_paste_bl1430_21/_links/link_03_DcgsenBKNUl/_work/paste_DcgsenBKNUl__20260828T210206Z/edit-2026-08-28.log	213	1c4888bc12b6745451807f5edcf35da05fc41af4
/c/ClippersHQ_renders/outputs_paste_bl1430_21/_links/link_04_DY-oq7XBGmE/README.md	2321	cb19da3bf3700823ae5308b41c584c097e8c7ef3
/c/ClippersHQ_renders/outputs_paste_bl1430_21/_links/link_04_DY-oq7XBGmE/_batch.json	5591	ad32415527d0d6c968499dd926e54676a1964526
/c/ClippersHQ_renders/outputs_paste_bl1430_21/_links/link_04_DY-oq7XBGmE/_work/paste_DY-oq7XBGmE__20260828T210236Z/config_paste_DY-oq7XBGmE__20260828T210236Z.yaml	2932	5111a7b43c907ba8c60c8d33bca9f9c04bfdbbfb
/c/ClippersHQ_renders/outputs_paste_bl1430_21/_links/link_04_DY-oq7XBGmE/_work/paste_DY-oq7XBGmE__20260828T210236Z/edit-2026-08-28.log	201	a07408915cdadede48fc0096195f878bf24cfe23
/c/ClippersHQ_renders/outputs_paste_bl1430_21/_links/link_05_DcaTqnAzhBG/README.md	2423	2753ee01e0568b4eced4f19506f62f93ad1f8b9f
/c/ClippersHQ_renders/outputs_paste_bl1430_21/_links/link_05_DcaTqnAzhBG/_batch.json	6334	152f23b7ba59329e628bfee209547f41e16bf7ca
/c/ClippersHQ_renders/outputs_paste_bl1430_21/_links/link_05_DcaTqnAzhBG/_work/paste_DcaTqnAzhBG__20260828T210320Z/config_paste_DcaTqnAzhBG__20260828T210320Z.yaml	2932	6d8f96bceb694797a1eb1eed42b78a74758a5ee1
/c/ClippersHQ_renders/outputs_paste_bl1430_21/_links/link_05_DcaTqnAzhBG/_work/paste_DcaTqnAzhBG__20260828T210320Z/edit-2026-08-28.log	217	ac34d304c57acf427e4dd33a2bed7d94e1193b69
/c/ClippersHQ_renders/outputs_paste_bl1430_21/_links/link_06_DV9H7B7ko7V/README.md	2205	433a818fd77657f011effe27d62ec3836d17a2d7
/c/ClippersHQ_renders/outputs_paste_bl1430_21/_links/link_06_DV9H7B7ko7V/_batch.json	5616	96328f82eb37ceaf193b218cf6fbb66602f77eff
/c/ClippersHQ_renders/outputs_paste_bl1430_21/_links/link_06_DV9H7B7ko7V/_work/paste_DV9H7B7ko7V__20260828T210406Z/config_paste_DV9H7B7ko7V__20260828T210406Z.yaml	2932	3ac6d1836c2167054f75f31a2eb8201502ecdd36
/c/ClippersHQ_renders/outputs_paste_bl1430_21/_links/link_06_DV9H7B7ko7V/_work/paste_DV9H7B7ko7V__20260828T210406Z/edit-2026-08-28.log	215	474a18009a576dca70f815c3a068a8df5fc0a3d3
/c/ClippersHQ_renders/outputs_paste_bl1430_21/_links/link_07_DWzNCShj60T/README.md	2394	7e7397ac125ccd5d04b3dcc0aa1335cd8b1b8372
/c/ClippersHQ_renders/outputs_paste_bl1430_21/_links/link_07_DWzNCShj60T/_batch.json	5806	43837971448bc283369061d871369b1332c059ce
/c/ClippersHQ_renders/outputs_paste_bl1430_21/_links/link_07_DWzNCShj60T/_work/paste_DWzNCShj60T__20260828T210437Z/config_paste_DWzNCShj60T__20260828T210437Z.yaml	2932	198888b9acdfc8c15b87b361dfed54cd4c39f776
/c/ClippersHQ_renders/outputs_paste_bl1430_21/_links/link_07_DWzNCShj60T/_work/paste_DWzNCShj60T__20260828T210437Z/edit-2026-08-28.log	205	531294a795f21cdf331c40cbc2da8d19746187b5
/c/ClippersHQ_renders/outputs_paste_bl1430_21/_links/link_08_DbYonQnzByT/README.md	2309	7cb53c432a80d159c331403811ab2171da0a4c08
/c/ClippersHQ_renders/outputs_paste_bl1430_21/_links/link_08_DbYonQnzByT/_batch.json	6072	c6b7e1ab7cb8bc92d2cebc0c951b8d553f4b0186
/c/ClippersHQ_renders/outputs_paste_bl1430_21/_links/link_08_DbYonQnzByT/_work/paste_DbYonQnzByT__20260828T210512Z/config_paste_DbYonQnzByT__20260828T210512Z.yaml	2932	c9f1fdf2432e91db49275ff9aa7a8ff7a2ba62f5
/c/ClippersHQ_renders/outputs_paste_bl1430_21/_links/link_08_DbYonQnzByT/_work/paste_DbYonQnzByT__20260828T210512Z/edit-2026-08-28.log	1311	d86d3f9d5e099f1b3bc903ed3d2bd1f8e9a8806b
/c/ClippersHQ_renders/outputs_paste_bl1430_21/_links/link_08_DbYonQnzByT/_work/paste_DbYonQnzByT__20260828T210512Z/templates_magenta.yaml	1137	3507be252ada1f5e2f4da640ac4482d32d101adf
/c/ClippersHQ_renders/outputs_paste_bl1430_21/_links/link_09_DYchbeVhf9F/README.md	2131	64ce320b51d863f477061affdd959a7fea21d76b
/c/ClippersHQ_renders/outputs_paste_bl1430_21/_links/link_09_DYchbeVhf9F/_batch.json	5498	0fcfd53d53b02fa3d3e190b522740c31ae842496
/c/ClippersHQ_renders/outputs_paste_bl1430_21/_links/link_09_DYchbeVhf9F/_work/paste_DYchbeVhf9F__20260828T210552Z/config_paste_DYchbeVhf9F__20260828T210552Z.yaml	2932	393397b5e35e670a1f057d06dc2d9da339d0c30a
/c/ClippersHQ_renders/outputs_paste_bl1430_21/_links/link_09_DYchbeVhf9F/_work/paste_DYchbeVhf9F__20260828T210552Z/edit-2026-08-28.log	201	862a3113a978e7bf7effa0f4578525ad6a702407
/c/ClippersHQ_renders/outputs_paste_bl1430_21/_links/link_10_DY_oM6tlXdx/README.md	2458	6e062a27ade0172a7bbd3c8a607fcf1518e0ba97
/c/ClippersHQ_renders/outputs_paste_bl1430_21/_links/link_10_DY_oM6tlXdx/_batch.json	5805	2beba15d19abe9ec476cef58e0bf1da16e74468a
/c/ClippersHQ_renders/outputs_paste_bl1430_21/_links/link_10_DY_oM6tlXdx/_work/paste_DY_oM6tlXdx__20260828T210639Z/config_paste_DY_oM6tlXdx__20260828T210639Z.yaml	2932	189b7fe867305f86cb854ebb94771dd458c25687
/c/ClippersHQ_renders/outputs_paste_bl1430_21/_links/link_10_DY_oM6tlXdx/_work/paste_DY_oM6tlXdx__20260828T210639Z/edit-2026-08-28.log	205	0f35dc21489425565f167c5105a865c6815094db
/c/ClippersHQ_renders/outputs_paste_bl1430_21/_links/link_11_DXePleEEalS/README.md	2273	5857a12e9e21d90263a81a381ef3962e0c6dd265
/c/ClippersHQ_renders/outputs_paste_bl1430_21/_links/link_11_DXePleEEalS/_batch.json	5762	0f4b25ff6c3c4e17eaa02918af07e4f9249f579c
/c/ClippersHQ_renders/outputs_paste_bl1430_21/_links/link_11_DXePleEEalS/_work/paste_DXePleEEalS__20260828T210728Z/config_paste_DXePleEEalS__20260828T210728Z.yaml	2932	413cf4974b223459c4f73e60be9a50cfb7af8bcf
/c/ClippersHQ_renders/outputs_paste_bl1430_21/_links/link_11_DXePleEEalS/_work/paste_DXePleEEalS__20260828T210728Z/edit-2026-08-28.log	209	4eddb53ba6044acf9963ece6d0effbc9f0923667
/c/ClippersHQ_renders/outputs_paste_bl1430_21/_links/link_12_DZtL8J8IhXa/README.md	2243	2c85b4c7dead96065f32f175acc5cef3f58f183f
/c/ClippersHQ_renders/outputs_paste_bl1430_21/_links/link_12_DZtL8J8IhXa/_batch.json	5607	5f235a0d03651d2e36ad3c4c868a3e1947468606
/c/ClippersHQ_renders/outputs_paste_bl1430_21/_links/link_12_DZtL8J8IhXa/_work/paste_DZtL8J8IhXa__20260828T210819Z/config_paste_DZtL8J8IhXa__20260828T210819Z.yaml	2932	786a3fecc488a8951ee13dea3efc1628221bc603
/c/ClippersHQ_renders/outputs_paste_bl1430_21/_links/link_12_DZtL8J8IhXa/_work/paste_DZtL8J8IhXa__20260828T210819Z/edit-2026-08-28.log	221	afce395333e95583db31a01748d8fa8639fa7d92
/c/ClippersHQ_renders/outputs_paste_bl1430_21/_links/link_13_DZErTPaz4HZ/README.md	2211	874b1bcfa579043c86670c34bfb8915c34ccbec0
/c/ClippersHQ_renders/outputs_paste_bl1430_21/_links/link_13_DZErTPaz4HZ/_batch.json	5563	4a23ee0e3f38483606b6acff070b9f6df27e5801
/c/ClippersHQ_renders/outputs_paste_bl1430_21/_links/link_13_DZErTPaz4HZ/_work/paste_DZErTPaz4HZ__20260828T210858Z/config_paste_DZErTPaz4HZ__20260828T210858Z.yaml	2932	3a385dd847cb9c7de710ac8a4d55c0b52c09a708
/c/ClippersHQ_renders/outputs_paste_bl1430_21/_links/link_13_DZErTPaz4HZ/_work/paste_DZErTPaz4HZ__20260828T210858Z/edit-2026-08-28.log	215	ae32e25d15d2bdd7c73067f231e14efc8e9b03c9
/c/ClippersHQ_renders/outputs_paste_bl1430_21/_links/link_14_DX2R3luBGWi/README.md	2208	5f9780d9448876e28895bfd9ad9059bbecc28696
/c/ClippersHQ_renders/outputs_paste_bl1430_21/_links/link_14_DX2R3luBGWi/_batch.json	5575	6bd25a44633ab8394db918de188a5f7d23001154
/c/ClippersHQ_renders/outputs_paste_bl1430_21/_links/link_14_DX2R3luBGWi/_work/paste_DX2R3luBGWi__20260828T210940Z/config_paste_DX2R3luBGWi__20260828T210940Z.yaml	2932	4b197852cfbefcbcd2a081449bc595657c7d834e
/c/ClippersHQ_renders/outputs_paste_bl1430_21/_links/link_14_DX2R3luBGWi/_work/paste_DX2R3luBGWi__20260828T210940Z/edit-2026-08-28.log	201	eb9ef779dc593180a6aafca076076df88c0dbd32
/c/ClippersHQ_renders/outputs_paste_bl1430_21/_links/link_15_DYSfglqNVw6/README.md	2403	8b6823c7cf115b52c822b49a47c7e56decce81ae
/c/ClippersHQ_renders/outputs_paste_bl1430_21/_links/link_15_DYSfglqNVw6/_batch.json	5773	4acdd9dcab1dfa00344d00c165db05a25edd431e
/c/ClippersHQ_renders/outputs_paste_bl1430_21/_links/link_15_DYSfglqNVw6/_work/paste_DYSfglqNVw6__20260828T211026Z/config_paste_DYSfglqNVw6__20260828T211026Z.yaml	2932	55273750640dab062d2f48957c3b8ea524b1fb8d
/c/ClippersHQ_renders/outputs_paste_bl1430_21/_links/link_15_DYSfglqNVw6/_work/paste_DYSfglqNVw6__20260828T211026Z/edit-2026-08-28.log	213	888d7a55c5985f84716e170934e4e34121ad5c09
/c/ClippersHQ_renders/outputs_paste_bl1430_21/_links/link_16_DZ19BVjyPxv/README.md	2315	ccdf87c03835bd256eab34bf26e8ade6a69242a3
/c/ClippersHQ_renders/outputs_paste_bl1430_21/_links/link_16_DZ19BVjyPxv/_batch.json	5678	6cca57dc5a67200da1b826fcb28e65916ec5d810
/c/ClippersHQ_renders/outputs_paste_bl1430_21/_links/link_16_DZ19BVjyPxv/_work/paste_DZ19BVjyPxv__20260828T211102Z/config_paste_DZ19BVjyPxv__20260828T211102Z.yaml	2932	82bf101f573869b9b4ecf36e23719ef5e55b55d8
/c/ClippersHQ_renders/outputs_paste_bl1430_21/_links/link_16_DZ19BVjyPxv/_work/paste_DZ19BVjyPxv__20260828T211102Z/edit-2026-08-28.log	209	207ba16fee93351d8d9ec1e594a35a668f5a254f
/c/ClippersHQ_renders/outputs_paste_bl1430_21/_links/link_17_DYkMnEvuFOo/README.md	2285	a409e537e51f30c693887069c868a19140e75590
/c/ClippersHQ_renders/outputs_paste_bl1430_21/_links/link_17_DYkMnEvuFOo/_batch.json	5653	bc42f7899d3e0cc14a32670aec6c2dc11a6fc382
/c/ClippersHQ_renders/outputs_paste_bl1430_21/_links/link_17_DYkMnEvuFOo/_work/paste_DYkMnEvuFOo__20260828T211139Z/config_paste_DYkMnEvuFOo__20260828T211139Z.yaml	2932	10e0ef0ef8b4452c08dd83784f0d36700894ee3a
/c/ClippersHQ_renders/outputs_paste_bl1430_21/_links/link_17_DYkMnEvuFOo/_work/paste_DYkMnEvuFOo__20260828T211139Z/edit-2026-08-28.log	209	1036dbfcb7d2a3b562eae863fcbae0d95c049172
/c/ClippersHQ_renders/outputs_paste_bl1430_21/_links/link_18_DZFp0i9MMFm/README.md	2314	b603e78bf24b0b7dfdf42bd16933e44be4c2ca6f
/c/ClippersHQ_renders/outputs_paste_bl1430_21/_links/link_18_DZFp0i9MMFm/_batch.json	5574	584d152768b7dbef2927e8e283fd01796464be0f
/c/ClippersHQ_renders/outputs_paste_bl1430_21/_links/link_18_DZFp0i9MMFm/_work/paste_DZFp0i9MMFm__20260828T211228Z/config_paste_DZFp0i9MMFm__20260828T211228Z.yaml	2932	d0d23fbb02c61b154ce30479e0d12ac2927a0ac1
/c/ClippersHQ_renders/outputs_paste_bl1430_21/_links/link_18_DZFp0i9MMFm/_work/paste_DZFp0i9MMFm__20260828T211228Z/edit-2026-08-28.log	219	97c428d5cf7ee628a8fc57ea4a150a8971ef95be
/c/ClippersHQ_renders/outputs_paste_bl1430_21/_links/link_19_DaJ-vslhuRN/README.md	2370	546073157593c6addde5988f077ab2b7a1586f2f
/c/ClippersHQ_renders/outputs_paste_bl1430_21/_links/link_19_DaJ-vslhuRN/_batch.json	5652	742a63b53a056ddb2fb14cd6311aa3dfecb75994
/c/ClippersHQ_renders/outputs_paste_bl1430_21/_links/link_19_DaJ-vslhuRN/_work/paste_DaJ-vslhuRN__20260828T211304Z/config_paste_DaJ-vslhuRN__20260828T211304Z.yaml	2932	0c4735ba66b2a2d125b5d597d7b0120b23a20be0
/c/ClippersHQ_renders/outputs_paste_bl1430_21/_links/link_19_DaJ-vslhuRN/_work/paste_DaJ-vslhuRN__20260828T211304Z/edit-2026-08-28.log	201	1a222225856c8011ca8c1263022b61051a83421c
/c/ClippersHQ_renders/outputs_paste_bl1430_21/_links/link_20_DbhQRCeo6TK/README.md	2199	d51a8e9499461e5bd9d623ae8720e226a725aac8
/c/ClippersHQ_renders/outputs_paste_bl1430_21/_links/link_20_DbhQRCeo6TK/_batch.json	5556	a196faad4d1b3b11a79630ebba9a07c6a104936e
/c/ClippersHQ_renders/outputs_paste_bl1430_21/_links/link_20_DbhQRCeo6TK/_work/paste_DbhQRCeo6TK__20260828T211341Z/config_paste_DbhQRCeo6TK__20260828T211341Z.yaml	2932	53185523ea4b80cd1df5202176822d92a5e5d5d3
/c/ClippersHQ_renders/outputs_paste_bl1430_21/_links/link_20_DbhQRCeo6TK/_work/paste_DbhQRCeo6TK__20260828T211341Z/edit-2026-08-28.log	219	07a067fbf91f990a1f94f2c0094b496cc7e69a44
/c/ClippersHQ_renders/outputs_paste_bl1430_21/_links/link_21_DcYuZ2CzECo/README.md	2206	0f776163a32f7eec4123f0dc70de482d9a8b5873
/c/ClippersHQ_renders/outputs_paste_bl1430_21/_links/link_21_DcYuZ2CzECo/_batch.json	5897	bc42c4786f78bebb8c6fc9055dc3978dc3354bec
/c/ClippersHQ_renders/outputs_paste_bl1430_21/_links/link_21_DcYuZ2CzECo/_work/paste_DcYuZ2CzECo__20260828T211419Z/config_paste_DcYuZ2CzECo__20260828T211419Z.yaml	2932	aa178e20c1c1d70c474bd6929cf77e8c2038cdc4
/c/ClippersHQ_renders/outputs_paste_bl1430_21/_links/link_21_DcYuZ2CzECo/_work/paste_DcYuZ2CzECo__20260828T211419Z/edit-2026-08-28.log	201	7fcf7fa7b9b17d93535fd5e5a9b0e9698b0acee1
/c/ClippersHQ_renders/outputs_paste_bl1430_21/links.links-20260828-230103-22656-4f48.jsonl	53031	1a752ccfcf2d6dcfab427f84dcd0894455888a3b
/c/ClippersHQ_renders/outputs_paste_bl1430_21/links.links-20260828-231505-25844-59a5.jsonl	2717	e1df4cc405e9dc287bf8e41116cc8291a2f58f55
/c/bl896-sandbox/ledger.jsonl	510997	26fab55694e5efcb2eb657df97db517be8562908
/c/bl896-sandbox/renders/measurements.json	1814	1999d443bc4354a2e86bfa95542507e704001a6e
/c/bl896-sandbox/world.json	3202	c8b71587a664b311d960a3315f52e0d786135cdd
/c/bl897-sandbox/ledger.jsonl	69131	2a090275fc13c5c5b925b0285355c7c44fcc1284
/c/bl897-sandbox/renders/measurements.json	1879	e0c7e6f4e36aa4bef449d4dda0c5389ec81f2f23
/c/bl897-sandbox/world.json	3166	d07ced6bd7d9dacda7f6aaaa8323f6c1b0b7b6f6
/c/mbwt/BAND_BOTTOM_FIX_REPORT.txt	12293	58fde99b3448e6638644edd0a863b44c70a5d16a
/c/mbwt/BAND_HANDOVER.txt	15024	d93120fbf4a38d8856d4000be3d05ff069b1c06a
/c/mbwt/BAND_VERIFICATION_AUDIT.txt	14752	e04ed8e8025f2635e4afe64e0de96f7da96a3366
/c/mbwt/COLOUR_BAND_INVESTIGATION.txt	16917	ed0a74831afef55054753086c6859a11ae8df497
/c/mbwt/EASYOCR_EVALUATION.txt	10977	cdfeecef5a1aaa94b735b7e68f9b00d57b732bcc
/c/mbwt/PUSH_SECURITY_REPORT.txt	7785	b54082e12693ee9dcd5af8772c4aadd2c1a388ca
/c/mbwt/RENDER_COVER_HANDOFF.txt	6553	92e5eab38d9859cbceadc8a833b142cc61e46633
/c/mbwt/WIRE_REPAIR_REPORT.txt	14781	81618df1e5199afdb33e2b3a0e3e3c96f4cfdfec
/c/mbwt/better-reader-REPORT.txt	14875	cd23ef4bab973fd0d8a4aa40be4a6e0e8848b0c6
/c/mbwt/clip-net-REPORT.txt	20916	ce8d7e9b29e8ab7a4e4858844dfa6a29b98e9114
/c/mbwt/clipnet/.git	77	5764e4e7db51105deaf8922084906bdfc0435661
/c/mbwt/clipnet/.gitignore	484	2dc2280692c7932e25830a0fc4b44c65cc8bb04b
/c/mbwt/clipnet/BAND_PRECISION_FINDINGS.txt	20196	07ea919d746d07b53217078400d9bc1f39018266
/c/mbwt/clipnet/LAUNCHER_VERIFY_FINDINGS.txt	12726	dbe6d19d3974eb8806cb4ef553b328deb358a94c
/c/mbwt/clipnet/MAKE_VIDEOS.bat	6248	2019b70edddfa2d6b60b0853dd84dd4d35286a30
/c/mbwt/clipnet/README.md	1159	ca5b169c6e7cf14b50421be15de745fbb8db8cb9
/c/mbwt/clipnet/README_START.txt	2095	2c05b312c3109c4037d2ba91a478f9e9dedb5495
/c/mbwt/clipnet/REPORT_clipnet.txt	27243	e4f05ab648e14aea13db1fe7d8e76ba2fa1b5e17
/c/mbwt/clipnet/meme/band.py	42439	6abd4a575c367490986b505f5a985704abb36c82
/c/mbwt/clipnet/meme/cli.py	56176	f48e4d34d60770e2e82520f803d311419fbd8063
/c/mbwt/clipnet/meme/config.yaml	8648	26c9114170bfb4efd291de75acc8537a8943b60a
/c/mbwt/clipnet/meme/data/ocr_wordlist.txt	1631572	79f5278f6fddbfd6e0bf290512643fc94b749e8e
/c/mbwt/clipnet/meme/download.py	11939	20fbbcbc9e2b1b1da07cfb7c66210ff56f91b954
/c/mbwt/clipnet/meme/jobs.example.txt	873	2a42040144a2b29469d1349f9189544298a31efd
/c/mbwt/clipnet/meme/jobs.py	2681	0043177cf5ad802dbf668b2651be7e43a441c0d2
/c/mbwt/clipnet/meme/links.example.txt	900	f1ebf2e9e462c6d48160c015c29dc0c64230dbdd
/c/mbwt/clipnet/meme/ocr.py	58561	99e236bb1417f9c8fad14d563ca918d9558ff5cb
/c/mbwt/clipnet/meme/render.py	33804	f7564cf1fd2283581da68555e0b0a206bea56430
/c/mbwt/clipnet/meme/reword.py	12147	f6d21307c6a845087f5b974eb757be585bd50ad4
/c/mbwt/clipnet/meme/tests/test_band.py	43709	6a87b0a903342fb41969c72f6e173572fdc6af5f
/c/mbwt/clipnet/meme/tests/test_cli.py	91810	f53c7169f5e1fbb4c710cb83a9327240c857a414
/c/mbwt/clipnet/meme/tests/test_config.py	7140	426928bb94a804d0f2a2a9a6bb33d6f6c9336283
/c/mbwt/clipnet/meme/tests/test_download.py	10331	5607ace0811febde543c72defb92fb9dfca1e14f
/c/mbwt/clipnet/meme/tests/test_jobs.py	5895	29d791593f05a623ef71ad744c40e4c4998794cf
/c/mbwt/clipnet/meme/tests/test_ocr.py	52266	6b992a274114bbf223584f679a015763d763d12c
/c/mbwt/clipnet/meme/tests/test_render.py	38194	9cf2d63ee40c2835a5961ab74e31dc8ad2575494
/c/mbwt/clipnet/meme/tests/test_reword.py	13035	1df0ee454c257fcc9d3bdeb581d3c89c9cb2f454
/c/mbwt/clipnet/meme/tests/test_text.py	3959	9c92550dfbf18326d67cd01dfff046ec7d400564
/c/mbwt/clipnet/meme/tests/test_transforms.py	13877	773f849150d0fc0e4904a018800bb4088c3b1d6f
/c/mbwt/clipnet/meme/text.py	8467	31a7aabb85814faf63c8497a807c65e18847794c
/c/mbwt/clipnet/meme/tools/measure_cover.py	7078	e2e9d61c556afea053ef453b306e3784225a5a24
/c/mbwt/clipnet/meme/tools/measure_source.py	2887	31c3bbd74e6247bf989f73a07c14403aad77c7c4
/c/mbwt/clipnet/meme/tools/render_all.py	5206	c3ba99f6a348e239914ae0c5087c999f5ec3abf1
/c/mbwt/clipnet/meme/transforms.py	13066	be4a2b73f16f996a63eb72309720a970f87419e6
/c/mbwt/clipnet/run.bat	56	8a33505116e532acd7091b2bc0d92c20d05ab67f
/c/mbwt/clipnet/scraper/QUICKSTART.md	2631	cc67d11b9978d7922858ec3c37810035b2c2b4cb
/c/mbwt/clipnet/scraper/README.md	16706	61e798a140593d1007322768c61676820c3b317a
/c/mbwt/clipnet/scraper/captions.example.txt	611	e42a5102d84d4b7dd3aa145d6d5b370e3ed1baa0
/c/mbwt/clipnet/scraper/config.yaml	5969	f6714581772d0159ecbb2525c706ec2b1a3889c8
/c/mbwt/clipnet/scraper/edit.py	69329	5616e04154bfcbe82a29b53d9e8ee0c96b95b867
/c/mbwt/clipnet/scraper/fonts/Montserrat-Bold.ttf	454864	86420f15b702aaa7cc107e0b64f294a3577eb538
/c/mbwt/clipnet/scraper/fonts/README.md	1023	ec9a5e7c455c86fafe87aae63303f6813e20bfdd
/c/mbwt/clipnet/scraper/profiles.txt	189	4e2a66159e59051b7c75a721b8be9fc34ab1bd6e
/c/mbwt/clipnet/scraper/requirements.txt	31	cd5759c054a81d1c91f34c46039c1c0d9b8b5b52
/c/mbwt/clipnet/scraper/run.py	21177	07f3945aa5616789c99f67af5368965c567f758a
/c/mbwt/clipnet/scraper/scrape.py	26196	dced6d35679fdad4ad35c85c77ddbedeaec28416
/c/mbwt/clipnet/scraper/sounds/ambient/README.md	816	2e1619b4e2c9e7c0be9368dac0bc503eed1219f8
/c/mbwt/clipnet/scraper/templates.yaml	2061	5856e3c4d06f783a44084692f823a5e9d89e2cef
/c/mbwt/clipnet/scraper/tests/test_edit.py	3902	e015cf87eabae89bf6896b212244015bb2d29343
/c/mbwt/clipnet/scraper/tests/test_scrape.py	7217	59203d805d7ed45ca3f4d5d352c5c94e694a80cd
/c/mbwt/clipnet/scraper/verify_transforms.py	6151	32d7fe05146d0a68552981cfd9cf0acc6fb9a77d
/c/mbwt/clipnet/tools/make_fixture.py	4474	3246652d28a972d34110123a0aa2d849b3f5dc96
/c/mbwt/colorprobe_evidence/baseline28.json	3835	bb2d4eb48e5a4f17b193cb801a69805c14e527cf
/c/mbwt/colorprobe_evidence/matrix.json	4702	eb3b543653b2d902522c4b2b35af9997fea7e121
/c/mbwt/consensus-evidence/candidates.json	15794	4494d81ac0b6dc2912f4cf11ca5b34ee24620176
/c/mbwt/consensus-evidence/candidates.py	5093	74c0bd9927ea91f10bb95e8a1896102a8f943956
/c/mbwt/consensus-evidence/consensus_measure.json	12530	711066a2e3a2c5acaa2bdfc6dec0b2b555b1c94f
/c/mbwt/consensus-evidence/measure_consensus.py	3962	7962a2947cead0f9911a23de91ed5bbe1c26cdff
/c/mbwt/consensus/.git	79	b8c1919e063263033c106a8079bd3b487d234b08
/c/mbwt/consensus/.gitignore	484	2dc2280692c7932e25830a0fc4b44c65cc8bb04b
/c/mbwt/consensus/BAND_PRECISION_FINDINGS.txt	20196	07ea919d746d07b53217078400d9bc1f39018266
/c/mbwt/consensus/LAUNCHER_VERIFY_FINDINGS.txt	12726	dbe6d19d3974eb8806cb4ef553b328deb358a94c
/c/mbwt/consensus/MAKE_VIDEOS.bat	6248	2019b70edddfa2d6b60b0853dd84dd4d35286a30
/c/mbwt/consensus/README.md	1159	ca5b169c6e7cf14b50421be15de745fbb8db8cb9
/c/mbwt/consensus/README_START.txt	2095	2c05b312c3109c4037d2ba91a478f9e9dedb5495
/c/mbwt/consensus/REPORT_consensus.txt	16943	6cf56ba595067044d3f3cfa63272a63dd9f5da47
/c/mbwt/consensus/meme/band.py	42439	6abd4a575c367490986b505f5a985704abb36c82
/c/mbwt/consensus/meme/cli.py	52594	c0f5339b2b6c516c907eafa478623dd90524a000
/c/mbwt/consensus/meme/config.yaml	8648	26c9114170bfb4efd291de75acc8537a8943b60a
/c/mbwt/consensus/meme/data/ocr_wordlist.txt	1631572	79f5278f6fddbfd6e0bf290512643fc94b749e8e
/c/mbwt/consensus/meme/download.py	11939	20fbbcbc9e2b1b1da07cfb7c66210ff56f91b954
/c/mbwt/consensus/meme/jobs.example.txt	873	2a42040144a2b29469d1349f9189544298a31efd
/c/mbwt/consensus/meme/jobs.py	2681	0043177cf5ad802dbf668b2651be7e43a441c0d2
/c/mbwt/consensus/meme/links.example.txt	900	f1ebf2e9e462c6d48160c015c29dc0c64230dbdd
/c/mbwt/consensus/meme/ocr.py	49216	42e6a27f3932e6cb1aab3496f13e5162516b0d63
/c/mbwt/consensus/meme/render.py	33804	f7564cf1fd2283581da68555e0b0a206bea56430
/c/mbwt/consensus/meme/reword.py	12147	f6d21307c6a845087f5b974eb757be585bd50ad4
/c/mbwt/consensus/meme/tests/test_band.py	43709	6a87b0a903342fb41969c72f6e173572fdc6af5f
/c/mbwt/consensus/meme/tests/test_cli.py	78052	d2fbe32a66abdd7339356da642b7aa42d1fa577d
/c/mbwt/consensus/meme/tests/test_config.py	7140	426928bb94a804d0f2a2a9a6bb33d6f6c9336283
/c/mbwt/consensus/meme/tests/test_download.py	10331	5607ace0811febde543c72defb92fb9dfca1e14f
/c/mbwt/consensus/meme/tests/test_jobs.py	5895	29d791593f05a623ef71ad744c40e4c4998794cf
/c/mbwt/consensus/meme/tests/test_ocr.py	40337	13c017141aa919ec6714e148acad88d51d5e1b2f
/c/mbwt/consensus/meme/tests/test_render.py	38194	9cf2d63ee40c2835a5961ab74e31dc8ad2575494
/c/mbwt/consensus/meme/tests/test_reword.py	13035	1df0ee454c257fcc9d3bdeb581d3c89c9cb2f454
/c/mbwt/consensus/meme/tests/test_text.py	3959	9c92550dfbf18326d67cd01dfff046ec7d400564
/c/mbwt/consensus/meme/tests/test_transforms.py	13877	773f849150d0fc0e4904a018800bb4088c3b1d6f
/c/mbwt/consensus/meme/text.py	8467	31a7aabb85814faf63c8497a807c65e18847794c
/c/mbwt/consensus/meme/tools/measure_cover.py	7078	e2e9d61c556afea053ef453b306e3784225a5a24
/c/mbwt/consensus/meme/tools/measure_source.py	2887	31c3bbd74e6247bf989f73a07c14403aad77c7c4
/c/mbwt/consensus/meme/tools/render_all.py	5206	c3ba99f6a348e239914ae0c5087c999f5ec3abf1
/c/mbwt/consensus/meme/transforms.py	13066	be4a2b73f16f996a63eb72309720a970f87419e6
/c/mbwt/consensus/run.bat	56	8a33505116e532acd7091b2bc0d92c20d05ab67f
/c/mbwt/consensus/scraper/QUICKSTART.md	2631	cc67d11b9978d7922858ec3c37810035b2c2b4cb
/c/mbwt/consensus/scraper/README.md	16706	61e798a140593d1007322768c61676820c3b317a
/c/mbwt/consensus/scraper/captions.example.txt	611	e42a5102d84d4b7dd3aa145d6d5b370e3ed1baa0
/c/mbwt/consensus/scraper/config.yaml	5969	f6714581772d0159ecbb2525c706ec2b1a3889c8
/c/mbwt/consensus/scraper/edit.py	69329	5616e04154bfcbe82a29b53d9e8ee0c96b95b867
/c/mbwt/consensus/scraper/fonts/Montserrat-Bold.ttf	454864	86420f15b702aaa7cc107e0b64f294a3577eb538
/c/mbwt/consensus/scraper/fonts/README.md	1023	ec9a5e7c455c86fafe87aae63303f6813e20bfdd
/c/mbwt/consensus/scraper/profiles.txt	189	4e2a66159e59051b7c75a721b8be9fc34ab1bd6e
/c/mbwt/consensus/scraper/requirements.txt	31	cd5759c054a81d1c91f34c46039c1c0d9b8b5b52
/c/mbwt/consensus/scraper/run.py	21177	07f3945aa5616789c99f67af5368965c567f758a
/c/mbwt/consensus/scraper/scrape.py	26196	dced6d35679fdad4ad35c85c77ddbedeaec28416
/c/mbwt/consensus/scraper/sounds/ambient/README.md	816	2e1619b4e2c9e7c0be9368dac0bc503eed1219f8
/c/mbwt/consensus/scraper/templates.yaml	2061	5856e3c4d06f783a44084692f823a5e9d89e2cef
/c/mbwt/consensus/scraper/tests/test_edit.py	3902	e015cf87eabae89bf6896b212244015bb2d29343
/c/mbwt/consensus/scraper/tests/test_scrape.py	7217	59203d805d7ed45ca3f4d5d352c5c94e694a80cd
/c/mbwt/consensus/scraper/verify_transforms.py	6151	32d7fe05146d0a68552981cfd9cf0acc6fb9a77d
/c/mbwt/consensus/tools/make_fixture.py	4474	3246652d28a972d34110123a0aa2d849b3f5dc96
/c/mbwt/coverfix-evidence/COVER_GEOMETRY_REPORT.txt	22608	9e5aed2c4494411d003dcc7ec2741318861a13be
/c/mbwt/coverfix-evidence/HANDOFF_TO_BAND_AGENT.txt	10480	c94f18f5085b3d2a90149cffb6fa58ec9ebbf63f
/c/mbwt/coverfix-evidence/VERIFY_88057a5_AGAINST_RENDER.txt	12573	6c7ebf5dd38c5455a54fb05439696ccdd165dfcc
/c/mbwt/coverfix-evidence/after_newband.json	13835	27f0184d564307a44dc74419b5d4338ae5e202f0
/c/mbwt/coverfix-evidence/after_newband/_log.json	6110	c9adcfbbd4ca84e01f549e537c267130a2dd6269
/c/mbwt/coverfix-evidence/after_novt.json	12834	2ed7ec2693245d74e916c6eaaf63ff0b3bc0e009
/c/mbwt/coverfix-evidence/after_novt/_render_log.json	11373	3f843c47e80fea3ca7f4442ede3fcb6d307d7df9
/c/mbwt/coverfix-evidence/after_vt.json	12775	a13a7bcaeba4197478ad159361d396b370cab2e3
/c/mbwt/coverfix-evidence/after_vt/_render_log.json	11205	9b3b4d62ff96db0815187240e03db2b09201337b
/c/mbwt/coverfix-evidence/band_handoff_measure.py	4445	459b1bf2bad42606c70e80972cf062463fd3e44f
/c/mbwt/coverfix-evidence/before.json	7228	210a863c85cd2649d3b7a82070be5a58c18c88a7
/c/mbwt/coverfix-evidence/before_render.json	12910	466259dafd5c3352fe06b0cf67cdadb87405677e
/c/mbwt/coverfix-evidence/before_render/_render_log.json	7860	0ab5b30a358709e7ada77f112f2b3f83c4d0d45a
/c/mbwt/coverfix-evidence/source.json	8011	7b17a04ba8c879d1d44837220a41a2f26acf2ed8
/c/mbwt/coverfix-evidence/src_t0.5.json	8011	5d840ef42d374d03bb848070f1fc1387db671b9e
/c/mbwt/coverfix-evidence/src_t1.0.json	8011	7b17a04ba8c879d1d44837220a41a2f26acf2ed8
/c/mbwt/coverfix-evidence/src_t2.0.json	8011	5d840ef42d374d03bb848070f1fc1387db671b9e
/c/mbwt/coverfix-evidence/src_t3.0.json	8011	5d840ef42d374d03bb848070f1fc1387db671b9e
/c/mbwt/coverfix-evidence/tab.py	492	60aecf60d80c9464b255a03ba465ec7a233679da
/c/mbwt/dzd-diag-REPORT.txt	20335	071245fb30100dab29ec4f737cde94dac055cb2e
/c/mbwt/dzd/.git	73	96ea1db1e62dca6c51dd4a52e29aa4f3dc55a1b9
/c/mbwt/dzd/.gitignore	484	2dc2280692c7932e25830a0fc4b44c65cc8bb04b
/c/mbwt/dzd/BAND_PRECISION_FINDINGS.txt	20196	07ea919d746d07b53217078400d9bc1f39018266
/c/mbwt/dzd/LAUNCHER_VERIFY_FINDINGS.txt	12726	dbe6d19d3974eb8806cb4ef553b328deb358a94c
/c/mbwt/dzd/MAKE_VIDEOS.bat	6186	db42f71b7ea09d628db0716819c021219ab32512
/c/mbwt/dzd/README.md	1159	ca5b169c6e7cf14b50421be15de745fbb8db8cb9
/c/mbwt/dzd/README_START.txt	2095	2c05b312c3109c4037d2ba91a478f9e9dedb5495
/c/mbwt/dzd/REPORT_dzd.txt	18126	fa76437e7dc4318ba3115dfb5a00c31cf7a80e98
/c/mbwt/dzd/meme/band.py	45756	afba6546b8ffae7ae3347c4e659106c282af0e94
/c/mbwt/dzd/meme/cli.py	52594	c0f5339b2b6c516c907eafa478623dd90524a000
/c/mbwt/dzd/meme/config.yaml	8648	26c9114170bfb4efd291de75acc8537a8943b60a
/c/mbwt/dzd/meme/data/ocr_wordlist.txt	1631572	79f5278f6fddbfd6e0bf290512643fc94b749e8e
/c/mbwt/dzd/meme/download.py	11939	20fbbcbc9e2b1b1da07cfb7c66210ff56f91b954
/c/mbwt/dzd/meme/jobs.example.txt	873	2a42040144a2b29469d1349f9189544298a31efd
/c/mbwt/dzd/meme/jobs.py	2681	0043177cf5ad802dbf668b2651be7e43a441c0d2
/c/mbwt/dzd/meme/links.example.txt	900	f1ebf2e9e462c6d48160c015c29dc0c64230dbdd
/c/mbwt/dzd/meme/ocr.py	45631	364ab3c90feea043aa64736df49f90e118dcf17b
/c/mbwt/dzd/meme/render.py	33804	f7564cf1fd2283581da68555e0b0a206bea56430
/c/mbwt/dzd/meme/reword.py	12147	f6d21307c6a845087f5b974eb757be585bd50ad4
/c/mbwt/dzd/meme/tests/test_band.py	53136	761117b2c66a9731b1985ffe716edc07392ccad3
/c/mbwt/dzd/meme/tests/test_cli.py	78052	d2fbe32a66abdd7339356da642b7aa42d1fa577d
/c/mbwt/dzd/meme/tests/test_config.py	7140	426928bb94a804d0f2a2a9a6bb33d6f6c9336283
/c/mbwt/dzd/meme/tests/test_download.py	10331	5607ace0811febde543c72defb92fb9dfca1e14f
/c/mbwt/dzd/meme/tests/test_jobs.py	5895	29d791593f05a623ef71ad744c40e4c4998794cf
/c/mbwt/dzd/meme/tests/test_ocr.py	36078	7f91fc600c1428395deef61dd259ad5e3f8ba626
/c/mbwt/dzd/meme/tests/test_render.py	38194	9cf2d63ee40c2835a5961ab74e31dc8ad2575494
/c/mbwt/dzd/meme/tests/test_reword.py	13035	1df0ee454c257fcc9d3bdeb581d3c89c9cb2f454
/c/mbwt/dzd/meme/tests/test_text.py	3959	9c92550dfbf18326d67cd01dfff046ec7d400564
/c/mbwt/dzd/meme/tests/test_transforms.py	13877	773f849150d0fc0e4904a018800bb4088c3b1d6f
/c/mbwt/dzd/meme/text.py	8467	31a7aabb85814faf63c8497a807c65e18847794c
/c/mbwt/dzd/meme/tools/measure_cover.py	7078	e2e9d61c556afea053ef453b306e3784225a5a24
/c/mbwt/dzd/meme/tools/measure_source.py	2887	31c3bbd74e6247bf989f73a07c14403aad77c7c4
/c/mbwt/dzd/meme/tools/render_all.py	5206	c3ba99f6a348e239914ae0c5087c999f5ec3abf1
/c/mbwt/dzd/meme/transforms.py	13066	be4a2b73f16f996a63eb72309720a970f87419e6
/c/mbwt/dzd/run.bat	56	8a33505116e532acd7091b2bc0d92c20d05ab67f
/c/mbwt/dzd/scraper/QUICKSTART.md	2631	cc67d11b9978d7922858ec3c37810035b2c2b4cb
/c/mbwt/dzd/scraper/README.md	16706	61e798a140593d1007322768c61676820c3b317a
/c/mbwt/dzd/scraper/captions.example.txt	611	e42a5102d84d4b7dd3aa145d6d5b370e3ed1baa0
/c/mbwt/dzd/scraper/config.yaml	5969	f6714581772d0159ecbb2525c706ec2b1a3889c8
/c/mbwt/dzd/scraper/edit.py	69329	5616e04154bfcbe82a29b53d9e8ee0c96b95b867
/c/mbwt/dzd/scraper/fonts/Montserrat-Bold.ttf	454864	86420f15b702aaa7cc107e0b64f294a3577eb538
/c/mbwt/dzd/scraper/fonts/README.md	1023	ec9a5e7c455c86fafe87aae63303f6813e20bfdd
/c/mbwt/dzd/scraper/profiles.txt	189	4e2a66159e59051b7c75a721b8be9fc34ab1bd6e
/c/mbwt/dzd/scraper/requirements.txt	31	cd5759c054a81d1c91f34c46039c1c0d9b8b5b52
/c/mbwt/dzd/scraper/run.py	21177	07f3945aa5616789c99f67af5368965c567f758a
/c/mbwt/dzd/scraper/scrape.py	26196	dced6d35679fdad4ad35c85c77ddbedeaec28416
/c/mbwt/dzd/scraper/sounds/ambient/README.md	816	2e1619b4e2c9e7c0be9368dac0bc503eed1219f8
/c/mbwt/dzd/scraper/templates.yaml	2061	5856e3c4d06f783a44084692f823a5e9d89e2cef
/c/mbwt/dzd/scraper/tests/test_edit.py	3902	e015cf87eabae89bf6896b212244015bb2d29343
/c/mbwt/dzd/scraper/tests/test_scrape.py	7217	59203d805d7ed45ca3f4d5d352c5c94e694a80cd
/c/mbwt/dzd/scraper/verify_transforms.py	6151	32d7fe05146d0a68552981cfd9cf0acc6fb9a77d
/c/mbwt/dzd/tools/make_fixture.py	4474	3246652d28a972d34110123a0aa2d849b3f5dc96
/c/mbwt/easyocr_evidence/accuracy.json	6542	92b9f9cf8280ff2cac6e9033dcf2f066e2cdede9
/c/mbwt/emoji-bank-REPORT.txt	18194	69f0d4bad7d1311f02c8f757be4f8a3995c13231
/c/mbwt/emoji-id-REPORT.txt	17216	119b6301edf9816101666459ca86db008530bfdd
/c/mbwt/emoji-vendor-REPORT.txt	22921	72396c96c08be0339c4be84bbf3c0747366a895b
/c/mbwt/emojifill/.git	79	c35fa4adf2b037c11467979ebe98e56edb0bd361
/c/mbwt/emojifill/.gitignore	484	2dc2280692c7932e25830a0fc4b44c65cc8bb04b
/c/mbwt/emojifill/BAND_PRECISION_FINDINGS.txt	20196	07ea919d746d07b53217078400d9bc1f39018266
/c/mbwt/emojifill/LAUNCHER_VERIFY_FINDINGS.txt	12726	dbe6d19d3974eb8806cb4ef553b328deb358a94c
/c/mbwt/emojifill/MAKE_VIDEOS.bat	6879	c4745d7685b5521a09ffc179a10d9da426744086
/c/mbwt/emojifill/README.md	1159	ca5b169c6e7cf14b50421be15de745fbb8db8cb9
/c/mbwt/emojifill/README_START.txt	2479	5887594c9cce6d71c440ddb51a548970617a20c7
/c/mbwt/emojifill/REPORT_clipnet.txt	27717	e4f05ab648e14aea13db1fe7d8e76ba2fa1b5e17
/c/mbwt/emojifill/REPORT_emojifill.txt	18473	fd203a89b4abab03ea73d47f55010baef69949d4
/c/mbwt/emojifill/REPORT_showall.txt	23569	4feac7c62dce0579cf991b105b20da14aa16351f
/c/mbwt/emojifill/meme/band.py	42439	6abd4a575c367490986b505f5a985704abb36c82
/c/mbwt/emojifill/meme/cli.py	74646	207ba6569ccc07bf973a3442c22f63a26f3991d1
/c/mbwt/emojifill/meme/config.yaml	8648	26c9114170bfb4efd291de75acc8537a8943b60a
/c/mbwt/emojifill/meme/data/apple_emoji/README.txt	3901	5f702f077f253b8ebd1382a1c41925db538f2f74
/c/mbwt/emojifill/meme/data/ocr_wordlist.txt	1631572	79f5278f6fddbfd6e0bf290512643fc94b749e8e
/c/mbwt/emojifill/meme/download.py	11939	20fbbcbc9e2b1b1da07cfb7c66210ff56f91b954
/c/mbwt/emojifill/meme/jobs.example.txt	873	2a42040144a2b29469d1349f9189544298a31efd
/c/mbwt/emojifill/meme/jobs.py	2681	0043177cf5ad802dbf668b2651be7e43a441c0d2
/c/mbwt/emojifill/meme/links.example.txt	900	f1ebf2e9e462c6d48160c015c29dc0c64230dbdd
/c/mbwt/emojifill/meme/ocr.py	76596	ba31f0f59f5dc2e2c7eaa9b53a1a8028ac532ccf
/c/mbwt/emojifill/meme/render.py	33804	f7564cf1fd2283581da68555e0b0a206bea56430
/c/mbwt/emojifill/meme/reword.py	12147	f6d21307c6a845087f5b974eb757be585bd50ad4
/c/mbwt/emojifill/meme/tests/test_band.py	43709	6a87b0a903342fb41969c72f6e173572fdc6af5f
/c/mbwt/emojifill/meme/tests/test_cli.py	126671	8021a82e122cbe95d26e97ea9e29bd67b59d9cdc
/c/mbwt/emojifill/meme/tests/test_config.py	7140	426928bb94a804d0f2a2a9a6bb33d6f6c9336283
/c/mbwt/emojifill/meme/tests/test_download.py	10331	5607ace0811febde543c72defb92fb9dfca1e14f
/c/mbwt/emojifill/meme/tests/test_jobs.py	5895	29d791593f05a623ef71ad744c40e4c4998794cf
/c/mbwt/emojifill/meme/tests/test_ocr.py	60445	fd620678ff64122c0bbbbc61daa003529565feea
/c/mbwt/emojifill/meme/tests/test_render.py	38194	9cf2d63ee40c2835a5961ab74e31dc8ad2575494
/c/mbwt/emojifill/meme/tests/test_reword.py	13035	1df0ee454c257fcc9d3bdeb581d3c89c9cb2f454
/c/mbwt/emojifill/meme/tests/test_text.py	3959	9c92550dfbf18326d67cd01dfff046ec7d400564
/c/mbwt/emojifill/meme/tests/test_transforms.py	13877	773f849150d0fc0e4904a018800bb4088c3b1d6f
/c/mbwt/emojifill/meme/text.py	8467	31a7aabb85814faf63c8497a807c65e18847794c
/c/mbwt/emojifill/meme/tools/measure_cover.py	7078	e2e9d61c556afea053ef453b306e3784225a5a24
/c/mbwt/emojifill/meme/tools/measure_source.py	2887	31c3bbd74e6247bf989f73a07c14403aad77c7c4
/c/mbwt/emojifill/meme/tools/render_all.py	5206	c3ba99f6a348e239914ae0c5087c999f5ec3abf1
/c/mbwt/emojifill/meme/transforms.py	13066	be4a2b73f16f996a63eb72309720a970f87419e6
/c/mbwt/emojifill/run.bat	56	8a33505116e532acd7091b2bc0d92c20d05ab67f
/c/mbwt/emojifill/scraper/QUICKSTART.md	2631	cc67d11b9978d7922858ec3c37810035b2c2b4cb
/c/mbwt/emojifill/scraper/README.md	16706	61e798a140593d1007322768c61676820c3b317a
/c/mbwt/emojifill/scraper/captions.example.txt	611	e42a5102d84d4b7dd3aa145d6d5b370e3ed1baa0
/c/mbwt/emojifill/scraper/config.yaml	5969	f6714581772d0159ecbb2525c706ec2b1a3889c8
/c/mbwt/emojifill/scraper/edit.py	69329	5616e04154bfcbe82a29b53d9e8ee0c96b95b867
/c/mbwt/emojifill/scraper/fonts/Montserrat-Bold.ttf	454864	86420f15b702aaa7cc107e0b64f294a3577eb538
/c/mbwt/emojifill/scraper/fonts/README.md	1023	ec9a5e7c455c86fafe87aae63303f6813e20bfdd
/c/mbwt/emojifill/scraper/profiles.txt	189	4e2a66159e59051b7c75a721b8be9fc34ab1bd6e
/c/mbwt/emojifill/scraper/requirements.txt	31	cd5759c054a81d1c91f34c46039c1c0d9b8b5b52
/c/mbwt/emojifill/scraper/run.py	21177	07f3945aa5616789c99f67af5368965c567f758a
/c/mbwt/emojifill/scraper/scrape.py	26196	dced6d35679fdad4ad35c85c77ddbedeaec28416
/c/mbwt/emojifill/scraper/sounds/ambient/README.md	816	2e1619b4e2c9e7c0be9368dac0bc503eed1219f8
/c/mbwt/emojifill/scraper/templates.yaml	2061	5856e3c4d06f783a44084692f823a5e9d89e2cef
/c/mbwt/emojifill/scraper/tests/test_edit.py	3902	e015cf87eabae89bf6896b212244015bb2d29343
/c/mbwt/emojifill/scraper/tests/test_scrape.py	7217	59203d805d7ed45ca3f4d5d352c5c94e694a80cd
/c/mbwt/emojifill/scraper/verify_transforms.py	6151	32d7fe05146d0a68552981cfd9cf0acc6fb9a77d
/c/mbwt/emojifill/tools/make_fixture.py	4474	3246652d28a972d34110123a0aa2d849b3f5dc96
/c/mbwt/emojisetup/.git	80	c92930bffa4a23a992c756d9d7a2a58a889dccd4
/c/mbwt/emojisetup/.gitignore	1003	d90c208d5ae55f696b6bebcf9c2a62a2cbbf4985
/c/mbwt/emojisetup/BAND_PRECISION_FINDINGS.txt	20196	07ea919d746d07b53217078400d9bc1f39018266
/c/mbwt/emojisetup/LAUNCHER_VERIFY_FINDINGS.txt	12726	dbe6d19d3974eb8806cb4ef553b328deb358a94c
/c/mbwt/emojisetup/MAKE_VIDEOS.bat	6879	c4745d7685b5521a09ffc179a10d9da426744086
/c/mbwt/emojisetup/README.md	1159	ca5b169c6e7cf14b50421be15de745fbb8db8cb9
/c/mbwt/emojisetup/README_START.txt	2710	a44eeea19df8b1f8b09a7777a2da3c6464662e8b
/c/mbwt/emojisetup/REPORT_clipnet.txt	27717	e4f05ab648e14aea13db1fe7d8e76ba2fa1b5e17
/c/mbwt/emojisetup/REPORT_emojisetup.txt	15399	91682751f208ba3885c6018388ed37f5fe5ebb62
/c/mbwt/emojisetup/REPORT_showall.txt	23569	4feac7c62dce0579cf991b105b20da14aa16351f
/c/mbwt/emojisetup/SETUP_EMOJI.bat	2184	481547085fa28a9898cbce55ffdf2b435b40fa6b
/c/mbwt/emojisetup/meme/band.py	42439	6abd4a575c367490986b505f5a985704abb36c82
/c/mbwt/emojisetup/meme/cli.py	74646	207ba6569ccc07bf973a3442c22f63a26f3991d1
/c/mbwt/emojisetup/meme/config.yaml	8648	26c9114170bfb4efd291de75acc8537a8943b60a
/c/mbwt/emojisetup/meme/data/apple_emoji/README.txt	3975	5f702f077f253b8ebd1382a1c41925db538f2f74
/c/mbwt/emojisetup/meme/data/ocr_wordlist.txt	1631572	79f5278f6fddbfd6e0bf290512643fc94b749e8e
/c/mbwt/emojisetup/meme/download.py	11939	20fbbcbc9e2b1b1da07cfb7c66210ff56f91b954
/c/mbwt/emojisetup/meme/jobs.example.txt	873	2a42040144a2b29469d1349f9189544298a31efd
/c/mbwt/emojisetup/meme/jobs.py	2681	0043177cf5ad802dbf668b2651be7e43a441c0d2
/c/mbwt/emojisetup/meme/links.example.txt	900	f1ebf2e9e462c6d48160c015c29dc0c64230dbdd
/c/mbwt/emojisetup/meme/ocr.py	79135	3cc968323403133969d8e2c84158e20ab0faf32a
/c/mbwt/emojisetup/meme/render.py	33804	f7564cf1fd2283581da68555e0b0a206bea56430
/c/mbwt/emojisetup/meme/reword.py	12147	f6d21307c6a845087f5b974eb757be585bd50ad4
/c/mbwt/emojisetup/meme/tests/test_band.py	43709	6a87b0a903342fb41969c72f6e173572fdc6af5f
/c/mbwt/emojisetup/meme/tests/test_cli.py	126671	8021a82e122cbe95d26e97ea9e29bd67b59d9cdc
/c/mbwt/emojisetup/meme/tests/test_config.py	7140	426928bb94a804d0f2a2a9a6bb33d6f6c9336283
/c/mbwt/emojisetup/meme/tests/test_download.py	10331	5607ace0811febde543c72defb92fb9dfca1e14f
/c/mbwt/emojisetup/meme/tests/test_jobs.py	5895	29d791593f05a623ef71ad744c40e4c4998794cf
/c/mbwt/emojisetup/meme/tests/test_ocr.py	63842	b9139eb2da4f5723cda07665ccba60ecac837fb5
/c/mbwt/emojisetup/meme/tests/test_render.py	38194	9cf2d63ee40c2835a5961ab74e31dc8ad2575494
/c/mbwt/emojisetup/meme/tests/test_reword.py	13035	1df0ee454c257fcc9d3bdeb581d3c89c9cb2f454
/c/mbwt/emojisetup/meme/tests/test_text.py	3959	9c92550dfbf18326d67cd01dfff046ec7d400564
/c/mbwt/emojisetup/meme/tests/test_transforms.py	13877	773f849150d0fc0e4904a018800bb4088c3b1d6f
/c/mbwt/emojisetup/meme/text.py	8467	31a7aabb85814faf63c8497a807c65e18847794c
/c/mbwt/emojisetup/meme/tools/measure_cover.py	7078	e2e9d61c556afea053ef453b306e3784225a5a24
/c/mbwt/emojisetup/meme/tools/measure_source.py	2887	31c3bbd74e6247bf989f73a07c14403aad77c7c4
/c/mbwt/emojisetup/meme/tools/render_all.py	5206	c3ba99f6a348e239914ae0c5087c999f5ec3abf1
/c/mbwt/emojisetup/meme/transforms.py	13066	be4a2b73f16f996a63eb72309720a970f87419e6
/c/mbwt/emojisetup/run.bat	56	8a33505116e532acd7091b2bc0d92c20d05ab67f
/c/mbwt/emojisetup/scraper/QUICKSTART.md	2631	cc67d11b9978d7922858ec3c37810035b2c2b4cb
/c/mbwt/emojisetup/scraper/README.md	16706	61e798a140593d1007322768c61676820c3b317a
/c/mbwt/emojisetup/scraper/captions.example.txt	611	e42a5102d84d4b7dd3aa145d6d5b370e3ed1baa0
/c/mbwt/emojisetup/scraper/config.yaml	5969	f6714581772d0159ecbb2525c706ec2b1a3889c8
/c/mbwt/emojisetup/scraper/edit.py	69329	5616e04154bfcbe82a29b53d9e8ee0c96b95b867
/c/mbwt/emojisetup/scraper/fonts/Montserrat-Bold.ttf	454864	86420f15b702aaa7cc107e0b64f294a3577eb538
/c/mbwt/emojisetup/scraper/fonts/README.md	1023	ec9a5e7c455c86fafe87aae63303f6813e20bfdd
/c/mbwt/emojisetup/scraper/profiles.txt	189	4e2a66159e59051b7c75a721b8be9fc34ab1bd6e
/c/mbwt/emojisetup/scraper/requirements.txt	31	cd5759c054a81d1c91f34c46039c1c0d9b8b5b52
/c/mbwt/emojisetup/scraper/run.py	21177	07f3945aa5616789c99f67af5368965c567f758a
/c/mbwt/emojisetup/scraper/scrape.py	26196	dced6d35679fdad4ad35c85c77ddbedeaec28416
/c/mbwt/emojisetup/scraper/sounds/ambient/README.md	816	2e1619b4e2c9e7c0be9368dac0bc503eed1219f8
/c/mbwt/emojisetup/scraper/templates.yaml	2061	5856e3c4d06f783a44084692f823a5e9d89e2cef
/c/mbwt/emojisetup/scraper/tests/test_edit.py	3902	e015cf87eabae89bf6896b212244015bb2d29343
/c/mbwt/emojisetup/scraper/tests/test_scrape.py	7217	59203d805d7ed45ca3f4d5d352c5c94e694a80cd
/c/mbwt/emojisetup/scraper/verify_transforms.py	6151	32d7fe05146d0a68552981cfd9cf0acc6fb9a77d
/c/mbwt/emojisetup/setup_emoji.py	5755	b5793ff019dcde69fa3aaee866a5837f78ecd37e
/c/mbwt/emojisetup/tools/make_fixture.py	4474	3246652d28a972d34110123a0aa2d849b3f5dc96
/c/mbwt/final-evidence/FINAL_INTEGRATION_FINDINGS.txt	33586	109f7e6b25dbdf7c42065f0ca98fe3d8ce89bca1
/c/mbwt/final-evidence/MERGE_V6_REPORT.txt	18187	8f3dbcbd7defac8a96f666823f3c1a103745f744
/c/mbwt/final-evidence/_measure_log.txt	2176	1d484f0c725d30b48364454b9be0d045caaefe80
/c/mbwt/final-evidence/_snap1.txt	1629	488bf8f61aec147610ddf87e2c42ab53db1183ed
/c/mbwt/final-evidence/_snapA.txt	1630	7cfe07035fb9b578934d7f5f406920bc99c8d355
/c/mbwt/final-evidence/analyse.py	2845	b3d5309c68ef8611cb71589167bb98294770e5f9
/c/mbwt/final-evidence/attribute.py	1854	fa164b3f0f52d700f1d5eb1436e7000d8e97a9e5
/c/mbwt/final-evidence/crosscheck_1to1.json	5622	94c463d7691a165b31eaaa77127503bdab6fd6f2
/c/mbwt/final-evidence/crosscheck_1to1.py	3687	ff964f89d171712fb54f47600ff378eba2e87c32
/c/mbwt/final-evidence/final_table.txt	3166	4655c3dd58d0f8fef6fcfd7429246a51e7919485
/c/mbwt/final-evidence/gapzoom.py	1557	520fcd603ee7b5cc53e59eebd9386c9378067c3b
/c/mbwt/final-evidence/measure_final.json	12104	c0c3f070d571c93824cf01db13dd3a463f1a26e4
/c/mbwt/final-evidence/measure_final.py	4821	12c47cc7d8cba91f84821cb2ef19a20a283ae8f0
/c/mbwt/final-evidence/measure_outputs.py	11715	d528dd2dbc3eb2eb64242aa835d9e63cc9e36594
/c/mbwt/final-evidence/measurements.json	22525	beae64cf384befbcd088ef0f98a64e9588f412d0
/c/mbwt/final-evidence/ocrfix-unfinished-work/.gitignore	484	2dc2280692c7932e25830a0fc4b44c65cc8bb04b
/c/mbwt/final-evidence/ocrfix-unfinished-work/meme__cli.py	43969	10113a23939d7928df17889c364add1d36d16caa
/c/mbwt/final-evidence/ocrfix-unfinished-work/meme__config.yaml	8648	26c9114170bfb4efd291de75acc8537a8943b60a
/c/mbwt/final-evidence/ocrfix-unfinished-work/meme__ocr.py	22262	d0b69da783b310f27b3a7e9dc6cca8a0365f1e7e
/c/mbwt/final-evidence/ocrfix-unfinished-work/meme__tests__test_cli.py	59094	9e6c948da9e9a0addbf175903fb5466082f3e1d7
/c/mbwt/final-evidence/ocrfix-unfinished-work/ocrfix-status.txt	98	f0cf7bda995d1a36c450bde9eac0c64f9fdddd65
/c/mbwt/final-evidence/ocrfix-unfinished-work/ocrfix-uncommitted.patch	57087	41d767595c5f033d3f0822320fdfd8b3bc482f94
/c/mbwt/final-evidence/output_ocr.json	6734	e493baef1389e7916a088626d8f44f6e84bf7890
/c/mbwt/final-evidence/render_notx.txt	9324	3fb1790d7d45dbace9f2e23f3509952e1b400e40
/c/mbwt/final-evidence/render_run.txt	9814	df886e8076c9c305e88bc5a2c3bcbac1664f270d
/c/mbwt/final-evidence/render_run_final.txt	10194	ecbfcb7eb003d849517a4a6e7ab23b2078d63609
/c/mbwt/final-evidence/render_run_v6.txt	10233	4ecae6e83f8030880a7762d1ebe4911893c7d750
/c/mbwt/flag-policy-REPORT.txt	20656	3d7cc0265749a2fac94bee9d5025bcc04487e188
/c/mbwt/flow-diag-REPORT.txt	23457	6bbdcceeb257fd8c2fe0e726481a814ed7ae8c90
/c/mbwt/flow/.git	74	0ade93503ac0ce04e64ba5af2d24cee8bfdb3baf
/c/mbwt/flow/.gitignore	484	2dc2280692c7932e25830a0fc4b44c65cc8bb04b
/c/mbwt/flow/BAND_PRECISION_FINDINGS.txt	20196	07ea919d746d07b53217078400d9bc1f39018266
/c/mbwt/flow/LAUNCHER_VERIFY_FINDINGS.txt	12726	dbe6d19d3974eb8806cb4ef553b328deb358a94c
/c/mbwt/flow/MAKE_VIDEOS.bat	6186	db42f71b7ea09d628db0716819c021219ab32512
/c/mbwt/flow/README.md	1159	ca5b169c6e7cf14b50421be15de745fbb8db8cb9
/c/mbwt/flow/README_START.txt	2095	2c05b312c3109c4037d2ba91a478f9e9dedb5495
/c/mbwt/flow/meme/band.py	38310	98e3631eada399c32f431d258b0cbbddc6700a8b
/c/mbwt/flow/meme/captions.txt	4222	bafb2591409f8b0068a9034bfd0c58cb792258c3
/c/mbwt/flow/meme/cli.py	52594	c0f5339b2b6c516c907eafa478623dd90524a000
/c/mbwt/flow/meme/config.yaml	8648	26c9114170bfb4efd291de75acc8537a8943b60a
/c/mbwt/flow/meme/data/ocr_wordlist.txt	1631572	79f5278f6fddbfd6e0bf290512643fc94b749e8e
/c/mbwt/flow/meme/download.py	11939	20fbbcbc9e2b1b1da07cfb7c66210ff56f91b954
/c/mbwt/flow/meme/hikerapi_token.txt	45	b8a5de4e49e1311af562bae6d04a036b6125bb73
/c/mbwt/flow/meme/jobs.example.txt	873	2a42040144a2b29469d1349f9189544298a31efd
/c/mbwt/flow/meme/jobs.py	2681	0043177cf5ad802dbf668b2651be7e43a441c0d2
/c/mbwt/flow/meme/links.example.txt	900	f1ebf2e9e462c6d48160c015c29dc0c64230dbdd
/c/mbwt/flow/meme/links.txt	1228	4db7fac289af566159027edf2f5e7576fd31b499
/c/mbwt/flow/meme/ocr.py	45631	364ab3c90feea043aa64736df49f90e118dcf17b
/c/mbwt/flow/meme/render.py	33804	f7564cf1fd2283581da68555e0b0a206bea56430
/c/mbwt/flow/meme/reword.py	12147	f6d21307c6a845087f5b974eb757be585bd50ad4
/c/mbwt/flow/meme/tests/test_band.py	32327	9642029570cd1fd27be65a62e43020201e398c1e
/c/mbwt/flow/meme/tests/test_cli.py	78052	d2fbe32a66abdd7339356da642b7aa42d1fa577d
/c/mbwt/flow/meme/tests/test_config.py	7140	426928bb94a804d0f2a2a9a6bb33d6f6c9336283
/c/mbwt/flow/meme/tests/test_download.py	10331	5607ace0811febde543c72defb92fb9dfca1e14f
/c/mbwt/flow/meme/tests/test_jobs.py	5895	29d791593f05a623ef71ad744c40e4c4998794cf
/c/mbwt/flow/meme/tests/test_ocr.py	36078	7f91fc600c1428395deef61dd259ad5e3f8ba626
/c/mbwt/flow/meme/tests/test_render.py	38194	9cf2d63ee40c2835a5961ab74e31dc8ad2575494
/c/mbwt/flow/meme/tests/test_reword.py	13035	1df0ee454c257fcc9d3bdeb581d3c89c9cb2f454
/c/mbwt/flow/meme/tests/test_text.py	3959	9c92550dfbf18326d67cd01dfff046ec7d400564
/c/mbwt/flow/meme/tests/test_transforms.py	13877	773f849150d0fc0e4904a018800bb4088c3b1d6f
/c/mbwt/flow/meme/text.py	8467	31a7aabb85814faf63c8497a807c65e18847794c
/c/mbwt/flow/meme/tools/measure_cover.py	7078	e2e9d61c556afea053ef453b306e3784225a5a24
/c/mbwt/flow/meme/tools/measure_source.py	2887	31c3bbd74e6247bf989f73a07c14403aad77c7c4
/c/mbwt/flow/meme/tools/render_all.py	5206	c3ba99f6a348e239914ae0c5087c999f5ec3abf1
/c/mbwt/flow/meme/transforms.py	13066	be4a2b73f16f996a63eb72309720a970f87419e6
/c/mbwt/flow/run.bat	56	8a33505116e532acd7091b2bc0d92c20d05ab67f
/c/mbwt/flow/scraper/QUICKSTART.md	2631	cc67d11b9978d7922858ec3c37810035b2c2b4cb
/c/mbwt/flow/scraper/README.md	16706	61e798a140593d1007322768c61676820c3b317a
/c/mbwt/flow/scraper/captions.example.txt	611	e42a5102d84d4b7dd3aa145d6d5b370e3ed1baa0
/c/mbwt/flow/scraper/config.yaml	5969	f6714581772d0159ecbb2525c706ec2b1a3889c8
/c/mbwt/flow/scraper/edit.py	69329	5616e04154bfcbe82a29b53d9e8ee0c96b95b867
/c/mbwt/flow/scraper/fonts/Montserrat-Bold.ttf	454864	86420f15b702aaa7cc107e0b64f294a3577eb538
/c/mbwt/flow/scraper/fonts/README.md	1023	ec9a5e7c455c86fafe87aae63303f6813e20bfdd
/c/mbwt/flow/scraper/profiles.txt	189	4e2a66159e59051b7c75a721b8be9fc34ab1bd6e
/c/mbwt/flow/scraper/requirements.txt	31	cd5759c054a81d1c91f34c46039c1c0d9b8b5b52
/c/mbwt/flow/scraper/run.py	21177	07f3945aa5616789c99f67af5368965c567f758a
/c/mbwt/flow/scraper/scrape.py	26196	dced6d35679fdad4ad35c85c77ddbedeaec28416
/c/mbwt/flow/scraper/sounds/ambient/README.md	816	2e1619b4e2c9e7c0be9368dac0bc503eed1219f8
/c/mbwt/flow/scraper/templates.yaml	2061	5856e3c4d06f783a44084692f823a5e9d89e2cef
/c/mbwt/flow/scraper/tests/test_edit.py	3902	e015cf87eabae89bf6896b212244015bb2d29343
/c/mbwt/flow/scraper/tests/test_scrape.py	7217	59203d805d7ed45ca3f4d5d352c5c94e694a80cd
/c/mbwt/flow/scraper/verify_transforms.py	6151	32d7fe05146d0a68552981cfd9cf0acc6fb9a77d
/c/mbwt/flow/tools/make_fixture.py	4474	3246652d28a972d34110123a0aa2d849b3f5dc96
/c/mbwt/flowfix/.git	77	0d1e5b47ff407095632bf032776db63f3b636a68
/c/mbwt/flowfix/.gitignore	484	2dc2280692c7932e25830a0fc4b44c65cc8bb04b
/c/mbwt/flowfix/BAND_PRECISION_FINDINGS.txt	20196	07ea919d746d07b53217078400d9bc1f39018266
/c/mbwt/flowfix/LAUNCHER_VERIFY_FINDINGS.txt	12726	dbe6d19d3974eb8806cb4ef553b328deb358a94c
/c/mbwt/flowfix/MAKE_VIDEOS.bat	6248	2019b70edddfa2d6b60b0853dd84dd4d35286a30
/c/mbwt/flowfix/README.md	1159	ca5b169c6e7cf14b50421be15de745fbb8db8cb9
/c/mbwt/flowfix/README_START.txt	2095	2c05b312c3109c4037d2ba91a478f9e9dedb5495
/c/mbwt/flowfix/REPORT_flowfix.txt	12445	a4afc7669f49e464f39a673784453d46cebedba9
/c/mbwt/flowfix/meme/band.py	38310	98e3631eada399c32f431d258b0cbbddc6700a8b
/c/mbwt/flowfix/meme/cli.py	52594	c0f5339b2b6c516c907eafa478623dd90524a000
/c/mbwt/flowfix/meme/config.yaml	8648	26c9114170bfb4efd291de75acc8537a8943b60a
/c/mbwt/flowfix/meme/data/ocr_wordlist.txt	1631572	79f5278f6fddbfd6e0bf290512643fc94b749e8e
/c/mbwt/flowfix/meme/download.py	11939	20fbbcbc9e2b1b1da07cfb7c66210ff56f91b954
/c/mbwt/flowfix/meme/jobs.example.txt	873	2a42040144a2b29469d1349f9189544298a31efd
/c/mbwt/flowfix/meme/jobs.py	2681	0043177cf5ad802dbf668b2651be7e43a441c0d2
/c/mbwt/flowfix/meme/links.example.txt	900	f1ebf2e9e462c6d48160c015c29dc0c64230dbdd
/c/mbwt/flowfix/meme/ocr.py	45631	364ab3c90feea043aa64736df49f90e118dcf17b
/c/mbwt/flowfix/meme/render.py	33804	f7564cf1fd2283581da68555e0b0a206bea56430
/c/mbwt/flowfix/meme/reword.py	12147	f6d21307c6a845087f5b974eb757be585bd50ad4
/c/mbwt/flowfix/meme/tests/test_band.py	32327	9642029570cd1fd27be65a62e43020201e398c1e
/c/mbwt/flowfix/meme/tests/test_cli.py	78052	d2fbe32a66abdd7339356da642b7aa42d1fa577d
/c/mbwt/flowfix/meme/tests/test_config.py	7140	426928bb94a804d0f2a2a9a6bb33d6f6c9336283
/c/mbwt/flowfix/meme/tests/test_download.py	10331	5607ace0811febde543c72defb92fb9dfca1e14f
/c/mbwt/flowfix/meme/tests/test_jobs.py	5895	29d791593f05a623ef71ad744c40e4c4998794cf
/c/mbwt/flowfix/meme/tests/test_ocr.py	36078	7f91fc600c1428395deef61dd259ad5e3f8ba626
/c/mbwt/flowfix/meme/tests/test_render.py	38194	9cf2d63ee40c2835a5961ab74e31dc8ad2575494
/c/mbwt/flowfix/meme/tests/test_reword.py	13035	1df0ee454c257fcc9d3bdeb581d3c89c9cb2f454
/c/mbwt/flowfix/meme/tests/test_text.py	3959	9c92550dfbf18326d67cd01dfff046ec7d400564
/c/mbwt/flowfix/meme/tests/test_transforms.py	13877	773f849150d0fc0e4904a018800bb4088c3b1d6f
/c/mbwt/flowfix/meme/text.py	8467	31a7aabb85814faf63c8497a807c65e18847794c
/c/mbwt/flowfix/meme/tools/measure_cover.py	7078	e2e9d61c556afea053ef453b306e3784225a5a24
/c/mbwt/flowfix/meme/tools/measure_source.py	2887	31c3bbd74e6247bf989f73a07c14403aad77c7c4
/c/mbwt/flowfix/meme/tools/render_all.py	5206	c3ba99f6a348e239914ae0c5087c999f5ec3abf1
/c/mbwt/flowfix/meme/transforms.py	13066	be4a2b73f16f996a63eb72309720a970f87419e6
/c/mbwt/flowfix/run.bat	56	8a33505116e532acd7091b2bc0d92c20d05ab67f
/c/mbwt/flowfix/scraper/QUICKSTART.md	2631	cc67d11b9978d7922858ec3c37810035b2c2b4cb
/c/mbwt/flowfix/scraper/README.md	16706	61e798a140593d1007322768c61676820c3b317a
/c/mbwt/flowfix/scraper/captions.example.txt	611	e42a5102d84d4b7dd3aa145d6d5b370e3ed1baa0
/c/mbwt/flowfix/scraper/config.yaml	5969	f6714581772d0159ecbb2525c706ec2b1a3889c8
/c/mbwt/flowfix/scraper/edit.py	69329	5616e04154bfcbe82a29b53d9e8ee0c96b95b867
/c/mbwt/flowfix/scraper/fonts/Montserrat-Bold.ttf	454864	86420f15b702aaa7cc107e0b64f294a3577eb538
/c/mbwt/flowfix/scraper/fonts/README.md	1023	ec9a5e7c455c86fafe87aae63303f6813e20bfdd
/c/mbwt/flowfix/scraper/profiles.txt	189	4e2a66159e59051b7c75a721b8be9fc34ab1bd6e
/c/mbwt/flowfix/scraper/requirements.txt	31	cd5759c054a81d1c91f34c46039c1c0d9b8b5b52
/c/mbwt/flowfix/scraper/run.py	21177	07f3945aa5616789c99f67af5368965c567f758a
/c/mbwt/flowfix/scraper/scrape.py	26196	dced6d35679fdad4ad35c85c77ddbedeaec28416
/c/mbwt/flowfix/scraper/sounds/ambient/README.md	816	2e1619b4e2c9e7c0be9368dac0bc503eed1219f8
/c/mbwt/flowfix/scraper/templates.yaml	2061	5856e3c4d06f783a44084692f823a5e9d89e2cef
/c/mbwt/flowfix/scraper/tests/test_edit.py	3902	e015cf87eabae89bf6896b212244015bb2d29343
/c/mbwt/flowfix/scraper/tests/test_scrape.py	7217	59203d805d7ed45ca3f4d5d352c5c94e694a80cd
/c/mbwt/flowfix/scraper/verify_transforms.py	6151	32d7fe05146d0a68552981cfd9cf0acc6fb9a77d
/c/mbwt/flowfix/tools/make_fixture.py	4474	3246652d28a972d34110123a0aa2d849b3f5dc96
/c/mbwt/heldout-evidence/HELDOUT_VALIDATION_REPORT.txt	13361	eabd2a2823629ad205afc2274e30ba60cee760c5
/c/mbwt/heldout-evidence/geometry.json	673	8b774cf06bdc03aae57a10f81080b98d30e41dd1
/c/mbwt/heldout-evidence/phase1_read.txt	1333	96e528e2b9c255c68cc4c068543e33ebfa573ee3
/c/mbwt/heldout-evidence/phase2_render.txt	1932	e85c48e46f6437b8b24ef832f51dfcdeeb962641
/c/mbwt/heldout/.git	77	7ab63ddb15f990fd15302f2b986825701e1157be
/c/mbwt/heldout/.gitignore	484	2dc2280692c7932e25830a0fc4b44c65cc8bb04b
/c/mbwt/heldout/BAND_PRECISION_FINDINGS.txt	20196	07ea919d746d07b53217078400d9bc1f39018266
/c/mbwt/heldout/LAUNCHER_VERIFY_FINDINGS.txt	12726	dbe6d19d3974eb8806cb4ef553b328deb358a94c
/c/mbwt/heldout/MAKE_VIDEOS.bat	6186	db42f71b7ea09d628db0716819c021219ab32512
/c/mbwt/heldout/README.md	1159	ca5b169c6e7cf14b50421be15de745fbb8db8cb9
/c/mbwt/heldout/README_START.txt	2095	2c05b312c3109c4037d2ba91a478f9e9dedb5495
/c/mbwt/heldout/meme/band.py	38310	98e3631eada399c32f431d258b0cbbddc6700a8b
/c/mbwt/heldout/meme/captions.txt	1087	4f9780f34d425889644b9e319e0e1cb3adcd531d
/c/mbwt/heldout/meme/cli.py	47202	83c602418f4ee534541afea099b21897cec168ba
/c/mbwt/heldout/meme/config.yaml	8648	26c9114170bfb4efd291de75acc8537a8943b60a
/c/mbwt/heldout/meme/data/ocr_wordlist.txt	1631572	79f5278f6fddbfd6e0bf290512643fc94b749e8e
/c/mbwt/heldout/meme/download.py	11939	20fbbcbc9e2b1b1da07cfb7c66210ff56f91b954
/c/mbwt/heldout/meme/hikerapi_token.txt	32	49f5e7493aa7c15aebdcb0fa4c89fc751caa4c32
/c/mbwt/heldout/meme/jobs.example.txt	873	2a42040144a2b29469d1349f9189544298a31efd
/c/mbwt/heldout/meme/jobs.py	2681	0043177cf5ad802dbf668b2651be7e43a441c0d2
/c/mbwt/heldout/meme/links.example.txt	900	f1ebf2e9e462c6d48160c015c29dc0c64230dbdd
/c/mbwt/heldout/meme/links.txt	268	f891a6a1854dffa75d987bd97640b20c53a6d172
/c/mbwt/heldout/meme/ocr.py	39305	fb50f6310ad66486560f7cab2c783bb22d385274
/c/mbwt/heldout/meme/render.py	33804	f7564cf1fd2283581da68555e0b0a206bea56430
/c/mbwt/heldout/meme/reword.py	12147	f6d21307c6a845087f5b974eb757be585bd50ad4
/c/mbwt/heldout/meme/tests/test_band.py	32327	9642029570cd1fd27be65a62e43020201e398c1e
/c/mbwt/heldout/meme/tests/test_cli.py	69375	ded3cc563ccb16c660d2cd2fd3985a5e30c82cbe
/c/mbwt/heldout/meme/tests/test_config.py	7140	426928bb94a804d0f2a2a9a6bb33d6f6c9336283
/c/mbwt/heldout/meme/tests/test_download.py	10331	5607ace0811febde543c72defb92fb9dfca1e14f
/c/mbwt/heldout/meme/tests/test_jobs.py	5895	29d791593f05a623ef71ad744c40e4c4998794cf
/c/mbwt/heldout/meme/tests/test_ocr.py	32181	3b32f9c3e2434fdad56d321cac929b5cc40dc358
/c/mbwt/heldout/meme/tests/test_render.py	38194	9cf2d63ee40c2835a5961ab74e31dc8ad2575494
/c/mbwt/heldout/meme/tests/test_reword.py	13035	1df0ee454c257fcc9d3bdeb581d3c89c9cb2f454
/c/mbwt/heldout/meme/tests/test_text.py	3959	9c92550dfbf18326d67cd01dfff046ec7d400564
/c/mbwt/heldout/meme/tests/test_transforms.py	13877	773f849150d0fc0e4904a018800bb4088c3b1d6f
/c/mbwt/heldout/meme/text.py	8467	31a7aabb85814faf63c8497a807c65e18847794c
/c/mbwt/heldout/meme/tools/measure_cover.py	7078	e2e9d61c556afea053ef453b306e3784225a5a24
/c/mbwt/heldout/meme/tools/measure_source.py	2887	31c3bbd74e6247bf989f73a07c14403aad77c7c4
/c/mbwt/heldout/meme/tools/render_all.py	5206	c3ba99f6a348e239914ae0c5087c999f5ec3abf1
/c/mbwt/heldout/meme/transforms.py	13066	be4a2b73f16f996a63eb72309720a970f87419e6
/c/mbwt/heldout/run.bat	56	8a33505116e532acd7091b2bc0d92c20d05ab67f
/c/mbwt/heldout/scraper/QUICKSTART.md	2631	cc67d11b9978d7922858ec3c37810035b2c2b4cb
/c/mbwt/heldout/scraper/README.md	16706	61e798a140593d1007322768c61676820c3b317a
/c/mbwt/heldout/scraper/captions.example.txt	611	e42a5102d84d4b7dd3aa145d6d5b370e3ed1baa0
/c/mbwt/heldout/scraper/config.yaml	5969	f6714581772d0159ecbb2525c706ec2b1a3889c8
/c/mbwt/heldout/scraper/edit.py	69329	5616e04154bfcbe82a29b53d9e8ee0c96b95b867
/c/mbwt/heldout/scraper/fonts/Montserrat-Bold.ttf	454864	86420f15b702aaa7cc107e0b64f294a3577eb538
/c/mbwt/heldout/scraper/fonts/README.md	1023	ec9a5e7c455c86fafe87aae63303f6813e20bfdd
/c/mbwt/heldout/scraper/profiles.txt	189	4e2a66159e59051b7c75a721b8be9fc34ab1bd6e
/c/mbwt/heldout/scraper/requirements.txt	31	cd5759c054a81d1c91f34c46039c1c0d9b8b5b52
/c/mbwt/heldout/scraper/run.py	21177	07f3945aa5616789c99f67af5368965c567f758a
/c/mbwt/heldout/scraper/scrape.py	26196	dced6d35679fdad4ad35c85c77ddbedeaec28416
/c/mbwt/heldout/scraper/sounds/ambient/README.md	816	2e1619b4e2c9e7c0be9368dac0bc503eed1219f8
/c/mbwt/heldout/scraper/templates.yaml	2061	5856e3c4d06f783a44084692f823a5e9d89e2cef
/c/mbwt/heldout/scraper/tests/test_edit.py	3902	e015cf87eabae89bf6896b212244015bb2d29343
/c/mbwt/heldout/scraper/tests/test_scrape.py	7217	59203d805d7ed45ca3f4d5d352c5c94e694a80cd
/c/mbwt/heldout/scraper/verify_transforms.py	6151	32d7fe05146d0a68552981cfd9cf0acc6fb9a77d
/c/mbwt/heldout/tools/make_fixture.py	4474	3246652d28a972d34110123a0aa2d849b3f5dc96
/c/mbwt/heldout2-evidence/HELDOUT2_REPORT.txt	12344	925bfd3c5ff7e67ba733a1fa876ec8ec3395ff2e
/c/mbwt/heldout2-evidence/captions.txt	1547	12b6b9c0b7d133813720bc469dfa78da2817e149
/c/mbwt/heldout2-evidence/phase1_read.txt	2135	31c4dc6eb1523e06af1e67089bd5e649d8bb1489
/c/mbwt/heldout2-evidence/phase2_render.txt	1940	5bfb64c615948839c2eef75efe3a342c9e1a82b1
/c/mbwt/heldout2/.git	78	54fbd734334e4173d391bbea01bfc515050a84b0
/c/mbwt/heldout2/.gitignore	484	2dc2280692c7932e25830a0fc4b44c65cc8bb04b
/c/mbwt/heldout2/BAND_PRECISION_FINDINGS.txt	20196	07ea919d746d07b53217078400d9bc1f39018266
/c/mbwt/heldout2/LAUNCHER_VERIFY_FINDINGS.txt	12726	dbe6d19d3974eb8806cb4ef553b328deb358a94c
/c/mbwt/heldout2/MAKE_VIDEOS.bat	6186	db42f71b7ea09d628db0716819c021219ab32512
/c/mbwt/heldout2/README.md	1159	ca5b169c6e7cf14b50421be15de745fbb8db8cb9
/c/mbwt/heldout2/README_START.txt	2095	2c05b312c3109c4037d2ba91a478f9e9dedb5495
/c/mbwt/heldout2/meme/band.py	38310	98e3631eada399c32f431d258b0cbbddc6700a8b
/c/mbwt/heldout2/meme/captions.txt	1547	12b6b9c0b7d133813720bc469dfa78da2817e149
/c/mbwt/heldout2/meme/cli.py	52594	c0f5339b2b6c516c907eafa478623dd90524a000
/c/mbwt/heldout2/meme/config.yaml	8648	26c9114170bfb4efd291de75acc8537a8943b60a
/c/mbwt/heldout2/meme/data/ocr_wordlist.txt	1631572	79f5278f6fddbfd6e0bf290512643fc94b749e8e
/c/mbwt/heldout2/meme/download.py	11939	20fbbcbc9e2b1b1da07cfb7c66210ff56f91b954
/c/mbwt/heldout2/meme/jobs.example.txt	873	2a42040144a2b29469d1349f9189544298a31efd
/c/mbwt/heldout2/meme/jobs.py	2681	0043177cf5ad802dbf668b2651be7e43a441c0d2
/c/mbwt/heldout2/meme/links.example.txt	900	f1ebf2e9e462c6d48160c015c29dc0c64230dbdd
/c/mbwt/heldout2/meme/ocr.py	45631	364ab3c90feea043aa64736df49f90e118dcf17b
/c/mbwt/heldout2/meme/render.py	33804	f7564cf1fd2283581da68555e0b0a206bea56430
/c/mbwt/heldout2/meme/reword.py	12147	f6d21307c6a845087f5b974eb757be585bd50ad4
/c/mbwt/heldout2/meme/tests/test_band.py	32327	9642029570cd1fd27be65a62e43020201e398c1e
/c/mbwt/heldout2/meme/tests/test_cli.py	78052	d2fbe32a66abdd7339356da642b7aa42d1fa577d
/c/mbwt/heldout2/meme/tests/test_config.py	7140	426928bb94a804d0f2a2a9a6bb33d6f6c9336283
/c/mbwt/heldout2/meme/tests/test_download.py	10331	5607ace0811febde543c72defb92fb9dfca1e14f
/c/mbwt/heldout2/meme/tests/test_jobs.py	5895	29d791593f05a623ef71ad744c40e4c4998794cf
/c/mbwt/heldout2/meme/tests/test_ocr.py	36078	7f91fc600c1428395deef61dd259ad5e3f8ba626
/c/mbwt/heldout2/meme/tests/test_render.py	38194	9cf2d63ee40c2835a5961ab74e31dc8ad2575494
/c/mbwt/heldout2/meme/tests/test_reword.py	13035	1df0ee454c257fcc9d3bdeb581d3c89c9cb2f454
/c/mbwt/heldout2/meme/tests/test_text.py	3959	9c92550dfbf18326d67cd01dfff046ec7d400564
/c/mbwt/heldout2/meme/tests/test_transforms.py	13877	773f849150d0fc0e4904a018800bb4088c3b1d6f
/c/mbwt/heldout2/meme/text.py	8467	31a7aabb85814faf63c8497a807c65e18847794c
/c/mbwt/heldout2/meme/tools/measure_cover.py	7078	e2e9d61c556afea053ef453b306e3784225a5a24
/c/mbwt/heldout2/meme/tools/measure_source.py	2887	31c3bbd74e6247bf989f73a07c14403aad77c7c4
/c/mbwt/heldout2/meme/tools/render_all.py	5206	c3ba99f6a348e239914ae0c5087c999f5ec3abf1
/c/mbwt/heldout2/meme/transforms.py	13066	be4a2b73f16f996a63eb72309720a970f87419e6
/c/mbwt/heldout2/run.bat	56	8a33505116e532acd7091b2bc0d92c20d05ab67f
/c/mbwt/heldout2/scraper/QUICKSTART.md	2631	cc67d11b9978d7922858ec3c37810035b2c2b4cb
/c/mbwt/heldout2/scraper/README.md	16706	61e798a140593d1007322768c61676820c3b317a
/c/mbwt/heldout2/scraper/captions.example.txt	611	e42a5102d84d4b7dd3aa145d6d5b370e3ed1baa0
/c/mbwt/heldout2/scraper/config.yaml	5969	f6714581772d0159ecbb2525c706ec2b1a3889c8
/c/mbwt/heldout2/scraper/edit.py	69329	5616e04154bfcbe82a29b53d9e8ee0c96b95b867
/c/mbwt/heldout2/scraper/fonts/Montserrat-Bold.ttf	454864	86420f15b702aaa7cc107e0b64f294a3577eb538
/c/mbwt/heldout2/scraper/fonts/README.md	1023	ec9a5e7c455c86fafe87aae63303f6813e20bfdd
/c/mbwt/heldout2/scraper/profiles.txt	189	4e2a66159e59051b7c75a721b8be9fc34ab1bd6e
/c/mbwt/heldout2/scraper/requirements.txt	31	cd5759c054a81d1c91f34c46039c1c0d9b8b5b52
/c/mbwt/heldout2/scraper/run.py	21177	07f3945aa5616789c99f67af5368965c567f758a
/c/mbwt/heldout2/scraper/scrape.py	26196	dced6d35679fdad4ad35c85c77ddbedeaec28416
/c/mbwt/heldout2/scraper/sounds/ambient/README.md	816	2e1619b4e2c9e7c0be9368dac0bc503eed1219f8
/c/mbwt/heldout2/scraper/templates.yaml	2061	5856e3c4d06f783a44084692f823a5e9d89e2cef
/c/mbwt/heldout2/scraper/tests/test_edit.py	3902	e015cf87eabae89bf6896b212244015bb2d29343
/c/mbwt/heldout2/scraper/tests/test_scrape.py	7217	59203d805d7ed45ca3f4d5d352c5c94e694a80cd
/c/mbwt/heldout2/scraper/verify_transforms.py	6151	32d7fe05146d0a68552981cfd9cf0acc6fb9a77d
/c/mbwt/heldout2/tools/make_fixture.py	4474	3246652d28a972d34110123a0aa2d849b3f5dc96
/c/mbwt/heldout3-evidence/HELDOUT3_REPORT.txt	13041	498d4790d9e85a6bcbeb37a133adc0ae8c863d22
/c/mbwt/heldout3-evidence/captions.txt	4286	ead056451fd4c27ccadfe7934dd3a064f29d6204
/c/mbwt/heldout3-evidence/frames/DU-ane_jEoX_refused.txt	132	cde4df10f0ce56451f5cabe9fb9dbdc6d71a2459
/c/mbwt/heldout3-evidence/frames/DViAhXbE63S_refused.txt	169	e88c6f852e21ad16352513901d9d8bfab74621d9
/c/mbwt/heldout3-evidence/frames/DWHVK4BuhkN_refused.txt	101	e2e56c2f5f3cdebc1d706ce28c5a07be75b51cd0
/c/mbwt/heldout3-evidence/frames/DYBypJhIQwC_refused.txt	166	0392c3d76ce38d8df244cff2f194dd7037c8a759
/c/mbwt/heldout3-evidence/frames/DYxUVU5D6uF_refused.txt	126	b561518fcbcfe62157d8a9e208dc49f7073f8597
/c/mbwt/heldout3-evidence/frames/DaIIuj1vjno_refused.txt	93	779eb3459084176cbab1ad0fa7abda24a0be5843
/c/mbwt/heldout3-evidence/frames/DbKYrh9snWa_refused.txt	91	483d9320ebc952a36ab8081b995e25a3b6796726
/c/mbwt/heldout3-evidence/frames/DbKZBmvAmSr_refused.txt	162	67904e22cc39147c68f666038b535cbe9eed60b4
/c/mbwt/heldout3-evidence/frames/DbL4_MtFyHc_refused.txt	128	3957b7207363bad3d6303e900a792a8c45a1fc3f
/c/mbwt/heldout3-evidence/phase1_read.txt	12043	4cf83d692f931e1d74ee135c82ae9e5e26a62def
/c/mbwt/heldout3-evidence/phase2_render.txt	7966	2a70ee0404a87411cbc7e4c04316abfe734a394d
/c/mbwt/heldout3/.git	78	c570da251eccc29f67ba98781d5c9eaf77cf8a28
/c/mbwt/heldout3/.gitignore	484	2dc2280692c7932e25830a0fc4b44c65cc8bb04b
/c/mbwt/heldout3/BAND_PRECISION_FINDINGS.txt	20196	07ea919d746d07b53217078400d9bc1f39018266
/c/mbwt/heldout3/LAUNCHER_VERIFY_FINDINGS.txt	12726	dbe6d19d3974eb8806cb4ef553b328deb358a94c
/c/mbwt/heldout3/MAKE_VIDEOS.bat	6186	db42f71b7ea09d628db0716819c021219ab32512
/c/mbwt/heldout3/README.md	1159	ca5b169c6e7cf14b50421be15de745fbb8db8cb9
/c/mbwt/heldout3/README_START.txt	2095	2c05b312c3109c4037d2ba91a478f9e9dedb5495
/c/mbwt/heldout3/meme/band.py	38310	98e3631eada399c32f431d258b0cbbddc6700a8b
/c/mbwt/heldout3/meme/captions.txt	4286	ead056451fd4c27ccadfe7934dd3a064f29d6204
/c/mbwt/heldout3/meme/cli.py	52594	c0f5339b2b6c516c907eafa478623dd90524a000
/c/mbwt/heldout3/meme/config.yaml	8648	26c9114170bfb4efd291de75acc8537a8943b60a
/c/mbwt/heldout3/meme/data/ocr_wordlist.txt	1631572	79f5278f6fddbfd6e0bf290512643fc94b749e8e
/c/mbwt/heldout3/meme/download.py	11939	20fbbcbc9e2b1b1da07cfb7c66210ff56f91b954
/c/mbwt/heldout3/meme/hikerapi_token.txt	32	49f5e7493aa7c15aebdcb0fa4c89fc751caa4c32
/c/mbwt/heldout3/meme/jobs.example.txt	873	2a42040144a2b29469d1349f9189544298a31efd
/c/mbwt/heldout3/meme/jobs.py	2681	0043177cf5ad802dbf668b2651be7e43a441c0d2
/c/mbwt/heldout3/meme/links.example.txt	900	f1ebf2e9e462c6d48160c015c29dc0c64230dbdd
/c/mbwt/heldout3/meme/links.txt	1788	8802c56cf83a338abd14d55d77e70f5152e40193
/c/mbwt/heldout3/meme/ocr.py	45631	364ab3c90feea043aa64736df49f90e118dcf17b
/c/mbwt/heldout3/meme/render.py	33804	f7564cf1fd2283581da68555e0b0a206bea56430
/c/mbwt/heldout3/meme/reword.py	12147	f6d21307c6a845087f5b974eb757be585bd50ad4
/c/mbwt/heldout3/meme/tests/test_band.py	32327	9642029570cd1fd27be65a62e43020201e398c1e
/c/mbwt/heldout3/meme/tests/test_cli.py	78052	d2fbe32a66abdd7339356da642b7aa42d1fa577d
/c/mbwt/heldout3/meme/tests/test_config.py	7140	426928bb94a804d0f2a2a9a6bb33d6f6c9336283
/c/mbwt/heldout3/meme/tests/test_download.py	10331	5607ace0811febde543c72defb92fb9dfca1e14f
/c/mbwt/heldout3/meme/tests/test_jobs.py	5895	29d791593f05a623ef71ad744c40e4c4998794cf
/c/mbwt/heldout3/meme/tests/test_ocr.py	36078	7f91fc600c1428395deef61dd259ad5e3f8ba626
/c/mbwt/heldout3/meme/tests/test_render.py	38194	9cf2d63ee40c2835a5961ab74e31dc8ad2575494
/c/mbwt/heldout3/meme/tests/test_reword.py	13035	1df0ee454c257fcc9d3bdeb581d3c89c9cb2f454
/c/mbwt/heldout3/meme/tests/test_text.py	3959	9c92550dfbf18326d67cd01dfff046ec7d400564
/c/mbwt/heldout3/meme/tests/test_transforms.py	13877	773f849150d0fc0e4904a018800bb4088c3b1d6f
/c/mbwt/heldout3/meme/text.py	8467	31a7aabb85814faf63c8497a807c65e18847794c
/c/mbwt/heldout3/meme/tools/measure_cover.py	7078	e2e9d61c556afea053ef453b306e3784225a5a24
/c/mbwt/heldout3/meme/tools/measure_source.py	2887	31c3bbd74e6247bf989f73a07c14403aad77c7c4
/c/mbwt/heldout3/meme/tools/render_all.py	5206	c3ba99f6a348e239914ae0c5087c999f5ec3abf1
/c/mbwt/heldout3/meme/transforms.py	13066	be4a2b73f16f996a63eb72309720a970f87419e6
/c/mbwt/heldout3/run.bat	56	8a33505116e532acd7091b2bc0d92c20d05ab67f
/c/mbwt/heldout3/scraper/QUICKSTART.md	2631	cc67d11b9978d7922858ec3c37810035b2c2b4cb
/c/mbwt/heldout3/scraper/README.md	16706	61e798a140593d1007322768c61676820c3b317a
/c/mbwt/heldout3/scraper/captions.example.txt	611	e42a5102d84d4b7dd3aa145d6d5b370e3ed1baa0
/c/mbwt/heldout3/scraper/config.yaml	5969	f6714581772d0159ecbb2525c706ec2b1a3889c8
/c/mbwt/heldout3/scraper/edit.py	69329	5616e04154bfcbe82a29b53d9e8ee0c96b95b867
/c/mbwt/heldout3/scraper/fonts/Montserrat-Bold.ttf	454864	86420f15b702aaa7cc107e0b64f294a3577eb538
/c/mbwt/heldout3/scraper/fonts/README.md	1023	ec9a5e7c455c86fafe87aae63303f6813e20bfdd
/c/mbwt/heldout3/scraper/profiles.txt	189	4e2a66159e59051b7c75a721b8be9fc34ab1bd6e
/c/mbwt/heldout3/scraper/requirements.txt	31	cd5759c054a81d1c91f34c46039c1c0d9b8b5b52
/c/mbwt/heldout3/scraper/run.py	21177	07f3945aa5616789c99f67af5368965c567f758a
/c/mbwt/heldout3/scraper/scrape.py	26196	dced6d35679fdad4ad35c85c77ddbedeaec28416
/c/mbwt/heldout3/scraper/sounds/ambient/README.md	816	2e1619b4e2c9e7c0be9368dac0bc503eed1219f8
/c/mbwt/heldout3/scraper/templates.yaml	2061	5856e3c4d06f783a44084692f823a5e9d89e2cef
/c/mbwt/heldout3/scraper/tests/test_edit.py	3902	e015cf87eabae89bf6896b212244015bb2d29343
/c/mbwt/heldout3/scraper/tests/test_scrape.py	7217	59203d805d7ed45ca3f4d5d352c5c94e694a80cd
/c/mbwt/heldout3/scraper/verify_transforms.py	6151	32d7fe05146d0a68552981cfd9cf0acc6fb9a77d
/c/mbwt/heldout3/tools/make_fixture.py	4474	3246652d28a972d34110123a0aa2d849b3f5dc96
/c/mbwt/ifix-evidence/IFIX_REPORT.txt	11739	378218b8d38fc5821cd6fe1d567df7e495e5801b
/c/mbwt/ifix-evidence/step1_chars.py	2360	33cae8d4ce39239bdb07a75f64dad88a0e5524fe
/c/mbwt/ifix-evidence/step3.json	16134	de52301af4346e0c89ec3539658bba5d0617f1f7
/c/mbwt/ifix-evidence/step3_measure.py	5087	7ad8e2bba9c7f268abf139848a94128f525aa73d
/c/mbwt/ifix-evidence/table.txt	1772	74e9996dd24d43d271af20842602faf235db2340
/c/mbwt/label-at-200-REPORT.txt	19475	c2d331a2f612fdc8204f37829141dadf02191558
/c/mbwt/lqtest/all28.txt	472	48f6dedaa57a0f58559baf457698e22d03d1c25e
/c/mbwt/lqtest/bat_emptylinks.txt	413	ccec11c7fbf8e8ee9a0132f6e44ea3015d085461
/c/mbwt/lqtest/bat_emptytoken.txt	314	47300465816c0ea3400db6332e1d9f53c0cfcc82
/c/mbwt/lqtest/bat_happy.txt	5136	901559157f85b46112b134397f74efd6064c95ab
/c/mbwt/lqtest/bat_notoken.txt	314	47300465816c0ea3400db6332e1d9f53c0cfcc82
/c/mbwt/lqtest/bat_run1.txt	5127	3dfed1e13754acbb281059589c0c3cb6aaf92aa8
/c/mbwt/lqtest/bat_run2.txt	5326	f3ec4993f5c627247acf706d1cecf7a9e94a1ff3
/c/mbwt/lqtest/bat_vars.txt	5595	e9932578112b0b7af826135068394ff344cf8f08
/c/mbwt/lqtest/bat_vars2.txt	5604	37208c64cd773063bfcfb20ee02dd420ecc02410
/c/mbwt/lqtest/blank_in.txt	6	b28b04f643122b019e912540f228c8ed20be9eeb
/c/mbwt/lqtest/caps3.txt	154	fceedc45aa60073a82a0f882d1d2b1f894b70462
/c/mbwt/lqtest/captions2.txt	562	f85d3b32c9decea8d00bc5f49cba41cc86903b62
/c/mbwt/lqtest/captions_edited.txt	104	12886509c69e2f08760a5cce6a5522206f7b14be
/c/mbwt/lqtest/commitmsg.txt	2307	8dbaa900f53cb22eb84956c4461c52b87b4ecf4d
/c/mbwt/lqtest/config2.yaml	8682	a9e20437d9dfaff6f17e7c7467a0292227dc543e
/c/mbwt/lqtest/empty_decline_in.txt	5	0cb74c02850782af8ac05d3c618c8821f602f5a5
/c/mbwt/lqtest/fake_editor.py	2959	10b143f190f900c8510a362f16fd6e92eac45ef0
/c/mbwt/lqtest/happy_in.txt	9	e2d0dc0debad73f7a541837fc75bf58e06bc62b2
/c/mbwt/lqtest/o_rc0.txt	5131	5ec8469a1ca4ace8fcece259de018d51d029c482
/c/mbwt/lqtest/o_rc1.txt	5200	5a138816d8ab06ab2781969ddb169f3846065b4e
/c/mbwt/lqtest/o_rc3.txt	5238	eeedbc4b5a1b6b76634befa8b9226ec2774dc258
/c/mbwt/lqtest/pause_in.txt	4	139597f9cb07c5d48bed18984ec4747f4b4f3438
/c/mbwt/lqtest/read28.txt	8717	caf6ab906737d406bf4e9fb785ed136854ea6e4d
/c/mbwt/lqtest/run1.txt	7410	6eb3f2e2f5a7a334a49c936a02a6124b5b240070
/c/mbwt/lqtest/run2.txt	7411	43bd2d6da56e108c7caff84d955f5e9810554130
/c/mbwt/lqtest/run3.txt	7410	1398a0bd3e62b1b63a7aff4ccc8feda3bca2e6d5
/c/mbwt/lqtest/stability.py	1400	a2273ddf5b61bceab2501a26d81715564d0854e5
/c/mbwt/lqtest/vars2_in.txt	9	c4932c128f3788bb2edbac9d81d648b7412c642b
/c/mbwt/lqtest/vars_in.txt	22	e26c6dba3706e38f4fb8a3471a2f05dab82b32d1
/c/mbwt/lqtest/verify_edit.py	1167	14cde49be32d358dfedce896a7a785926257a557
/c/mbwt/lqtest/wrapper.py	1142	05bb4ea363ea0a4e0315b876e3396a982c92c8a6
/c/mbwt/merge/.git	75	50b4748ce2405b61170c3d7040c329ab139a68c5
/c/mbwt/merge/.gitignore	484	2dc2280692c7932e25830a0fc4b44c65cc8bb04b
/c/mbwt/merge/BAND_PRECISION_FINDINGS.txt	20196	07ea919d746d07b53217078400d9bc1f39018266
/c/mbwt/merge/LAUNCHER_VERIFY_FINDINGS.txt	12726	dbe6d19d3974eb8806cb4ef553b328deb358a94c
/c/mbwt/merge/MAKE_VIDEOS.bat	6248	2019b70edddfa2d6b60b0853dd84dd4d35286a30
/c/mbwt/merge/README.md	1159	ca5b169c6e7cf14b50421be15de745fbb8db8cb9
/c/mbwt/merge/README_START.txt	2095	2c05b312c3109c4037d2ba91a478f9e9dedb5495
/c/mbwt/merge/REPORT_merge.txt	12781	01aea77502ddbee791a67c6d91b5693f0850fc37
/c/mbwt/merge/meme/band.py	42439	6abd4a575c367490986b505f5a985704abb36c82
/c/mbwt/merge/meme/cli.py	52594	c0f5339b2b6c516c907eafa478623dd90524a000
/c/mbwt/merge/meme/config.yaml	8648	26c9114170bfb4efd291de75acc8537a8943b60a
/c/mbwt/merge/meme/data/ocr_wordlist.txt	1631572	79f5278f6fddbfd6e0bf290512643fc94b749e8e
/c/mbwt/merge/meme/download.py	11939	20fbbcbc9e2b1b1da07cfb7c66210ff56f91b954
/c/mbwt/merge/meme/jobs.example.txt	873	2a42040144a2b29469d1349f9189544298a31efd
/c/mbwt/merge/meme/jobs.py	2681	0043177cf5ad802dbf668b2651be7e43a441c0d2
/c/mbwt/merge/meme/links.example.txt	900	f1ebf2e9e462c6d48160c015c29dc0c64230dbdd
/c/mbwt/merge/meme/ocr.py	45631	364ab3c90feea043aa64736df49f90e118dcf17b
/c/mbwt/merge/meme/render.py	33804	f7564cf1fd2283581da68555e0b0a206bea56430
/c/mbwt/merge/meme/reword.py	12147	f6d21307c6a845087f5b974eb757be585bd50ad4
/c/mbwt/merge/meme/tests/test_band.py	43709	6a87b0a903342fb41969c72f6e173572fdc6af5f
/c/mbwt/merge/meme/tests/test_cli.py	78052	d2fbe32a66abdd7339356da642b7aa42d1fa577d
/c/mbwt/merge/meme/tests/test_config.py	7140	426928bb94a804d0f2a2a9a6bb33d6f6c9336283
/c/mbwt/merge/meme/tests/test_download.py	10331	5607ace0811febde543c72defb92fb9dfca1e14f
/c/mbwt/merge/meme/tests/test_jobs.py	5895	29d791593f05a623ef71ad744c40e4c4998794cf
/c/mbwt/merge/meme/tests/test_ocr.py	36078	7f91fc600c1428395deef61dd259ad5e3f8ba626
/c/mbwt/merge/meme/tests/test_render.py	38194	9cf2d63ee40c2835a5961ab74e31dc8ad2575494
/c/mbwt/merge/meme/tests/test_reword.py	13035	1df0ee454c257fcc9d3bdeb581d3c89c9cb2f454
/c/mbwt/merge/meme/tests/test_text.py	3959	9c92550dfbf18326d67cd01dfff046ec7d400564
/c/mbwt/merge/meme/tests/test_transforms.py	13877	773f849150d0fc0e4904a018800bb4088c3b1d6f
/c/mbwt/merge/meme/text.py	8467	31a7aabb85814faf63c8497a807c65e18847794c
/c/mbwt/merge/meme/tools/measure_cover.py	7078	e2e9d61c556afea053ef453b306e3784225a5a24
/c/mbwt/merge/meme/tools/measure_source.py	2887	31c3bbd74e6247bf989f73a07c14403aad77c7c4
/c/mbwt/merge/meme/tools/render_all.py	5206	c3ba99f6a348e239914ae0c5087c999f5ec3abf1
/c/mbwt/merge/meme/transforms.py	13066	be4a2b73f16f996a63eb72309720a970f87419e6
/c/mbwt/merge/run.bat	56	8a33505116e532acd7091b2bc0d92c20d05ab67f
/c/mbwt/merge/scraper/QUICKSTART.md	2631	cc67d11b9978d7922858ec3c37810035b2c2b4cb
/c/mbwt/merge/scraper/README.md	16706	61e798a140593d1007322768c61676820c3b317a
/c/mbwt/merge/scraper/captions.example.txt	611	e42a5102d84d4b7dd3aa145d6d5b370e3ed1baa0
/c/mbwt/merge/scraper/config.yaml	5969	f6714581772d0159ecbb2525c706ec2b1a3889c8
/c/mbwt/merge/scraper/edit.py	69329	5616e04154bfcbe82a29b53d9e8ee0c96b95b867
/c/mbwt/merge/scraper/fonts/Montserrat-Bold.ttf	454864	86420f15b702aaa7cc107e0b64f294a3577eb538
/c/mbwt/merge/scraper/fonts/README.md	1023	ec9a5e7c455c86fafe87aae63303f6813e20bfdd
/c/mbwt/merge/scraper/profiles.txt	189	4e2a66159e59051b7c75a721b8be9fc34ab1bd6e
/c/mbwt/merge/scraper/requirements.txt	31	cd5759c054a81d1c91f34c46039c1c0d9b8b5b52
/c/mbwt/merge/scraper/run.py	21177	07f3945aa5616789c99f67af5368965c567f758a
/c/mbwt/merge/scraper/scrape.py	26196	dced6d35679fdad4ad35c85c77ddbedeaec28416
/c/mbwt/merge/scraper/sounds/ambient/README.md	816	2e1619b4e2c9e7c0be9368dac0bc503eed1219f8
/c/mbwt/merge/scraper/templates.yaml	2061	5856e3c4d06f783a44084692f823a5e9d89e2cef
/c/mbwt/merge/scraper/tests/test_edit.py	3902	e015cf87eabae89bf6896b212244015bb2d29343
/c/mbwt/merge/scraper/tests/test_scrape.py	7217	59203d805d7ed45ca3f4d5d352c5c94e694a80cd
/c/mbwt/merge/scraper/verify_transforms.py	6151	32d7fe05146d0a68552981cfd9cf0acc6fb9a77d
/c/mbwt/merge/tools/make_fixture.py	4474	3246652d28a972d34110123a0aa2d849b3f5dc96
/c/mbwt/merge14/.git	77	21870890531530009a7e3670ec8e82d19e6fd794
/c/mbwt/merge14/.gitignore	484	2dc2280692c7932e25830a0fc4b44c65cc8bb04b
/c/mbwt/merge14/BAND_PRECISION_FINDINGS.txt	20196	07ea919d746d07b53217078400d9bc1f39018266
/c/mbwt/merge14/LAUNCHER_VERIFY_FINDINGS.txt	12726	dbe6d19d3974eb8806cb4ef553b328deb358a94c
/c/mbwt/merge14/MAKE_VIDEOS.bat	6248	2019b70edddfa2d6b60b0853dd84dd4d35286a30
/c/mbwt/merge14/README.md	1159	ca5b169c6e7cf14b50421be15de745fbb8db8cb9
/c/mbwt/merge14/README_START.txt	2095	2c05b312c3109c4037d2ba91a478f9e9dedb5495
/c/mbwt/merge14/REPORT_merge14.txt	9849	6f913486d6a2f39c913df9382fac346dd93f8908
/c/mbwt/merge14/meme/band.py	42439	6abd4a575c367490986b505f5a985704abb36c82
/c/mbwt/merge14/meme/cli.py	52594	c0f5339b2b6c516c907eafa478623dd90524a000
/c/mbwt/merge14/meme/config.yaml	8648	26c9114170bfb4efd291de75acc8537a8943b60a
/c/mbwt/merge14/meme/data/ocr_wordlist.txt	1631572	79f5278f6fddbfd6e0bf290512643fc94b749e8e
/c/mbwt/merge14/meme/download.py	11939	20fbbcbc9e2b1b1da07cfb7c66210ff56f91b954
/c/mbwt/merge14/meme/jobs.example.txt	873	2a42040144a2b29469d1349f9189544298a31efd
/c/mbwt/merge14/meme/jobs.py	2681	0043177cf5ad802dbf668b2651be7e43a441c0d2
/c/mbwt/merge14/meme/links.example.txt	900	f1ebf2e9e462c6d48160c015c29dc0c64230dbdd
/c/mbwt/merge14/meme/ocr.py	49216	42e6a27f3932e6cb1aab3496f13e5162516b0d63
/c/mbwt/merge14/meme/render.py	33804	f7564cf1fd2283581da68555e0b0a206bea56430
/c/mbwt/merge14/meme/reword.py	12147	f6d21307c6a845087f5b974eb757be585bd50ad4
/c/mbwt/merge14/meme/tests/test_band.py	43709	6a87b0a903342fb41969c72f6e173572fdc6af5f
/c/mbwt/merge14/meme/tests/test_cli.py	78052	d2fbe32a66abdd7339356da642b7aa42d1fa577d
/c/mbwt/merge14/meme/tests/test_config.py	7140	426928bb94a804d0f2a2a9a6bb33d6f6c9336283
/c/mbwt/merge14/meme/tests/test_download.py	10331	5607ace0811febde543c72defb92fb9dfca1e14f
/c/mbwt/merge14/meme/tests/test_jobs.py	5895	29d791593f05a623ef71ad744c40e4c4998794cf
/c/mbwt/merge14/meme/tests/test_ocr.py	40337	13c017141aa919ec6714e148acad88d51d5e1b2f
/c/mbwt/merge14/meme/tests/test_render.py	38194	9cf2d63ee40c2835a5961ab74e31dc8ad2575494
/c/mbwt/merge14/meme/tests/test_reword.py	13035	1df0ee454c257fcc9d3bdeb581d3c89c9cb2f454
/c/mbwt/merge14/meme/tests/test_text.py	3959	9c92550dfbf18326d67cd01dfff046ec7d400564
/c/mbwt/merge14/meme/tests/test_transforms.py	13877	773f849150d0fc0e4904a018800bb4088c3b1d6f
/c/mbwt/merge14/meme/text.py	8467	31a7aabb85814faf63c8497a807c65e18847794c
/c/mbwt/merge14/meme/tools/measure_cover.py	7078	e2e9d61c556afea053ef453b306e3784225a5a24
/c/mbwt/merge14/meme/tools/measure_source.py	2887	31c3bbd74e6247bf989f73a07c14403aad77c7c4
/c/mbwt/merge14/meme/tools/render_all.py	5206	c3ba99f6a348e239914ae0c5087c999f5ec3abf1
/c/mbwt/merge14/meme/transforms.py	13066	be4a2b73f16f996a63eb72309720a970f87419e6
/c/mbwt/merge14/run.bat	56	8a33505116e532acd7091b2bc0d92c20d05ab67f
/c/mbwt/merge14/scraper/QUICKSTART.md	2631	cc67d11b9978d7922858ec3c37810035b2c2b4cb
/c/mbwt/merge14/scraper/README.md	16706	61e798a140593d1007322768c61676820c3b317a
/c/mbwt/merge14/scraper/captions.example.txt	611	e42a5102d84d4b7dd3aa145d6d5b370e3ed1baa0
/c/mbwt/merge14/scraper/config.yaml	5969	f6714581772d0159ecbb2525c706ec2b1a3889c8
/c/mbwt/merge14/scraper/edit.py	69329	5616e04154bfcbe82a29b53d9e8ee0c96b95b867
/c/mbwt/merge14/scraper/fonts/Montserrat-Bold.ttf	454864	86420f15b702aaa7cc107e0b64f294a3577eb538
/c/mbwt/merge14/scraper/fonts/README.md	1023	ec9a5e7c455c86fafe87aae63303f6813e20bfdd
/c/mbwt/merge14/scraper/profiles.txt	189	4e2a66159e59051b7c75a721b8be9fc34ab1bd6e
/c/mbwt/merge14/scraper/requirements.txt	31	cd5759c054a81d1c91f34c46039c1c0d9b8b5b52
/c/mbwt/merge14/scraper/run.py	21177	07f3945aa5616789c99f67af5368965c567f758a
/c/mbwt/merge14/scraper/scrape.py	26196	dced6d35679fdad4ad35c85c77ddbedeaec28416
/c/mbwt/merge14/scraper/sounds/ambient/README.md	816	2e1619b4e2c9e7c0be9368dac0bc503eed1219f8
/c/mbwt/merge14/scraper/templates.yaml	2061	5856e3c4d06f783a44084692f823a5e9d89e2cef
/c/mbwt/merge14/scraper/tests/test_edit.py	3902	e015cf87eabae89bf6896b212244015bb2d29343
/c/mbwt/merge14/scraper/tests/test_scrape.py	7217	59203d805d7ed45ca3f4d5d352c5c94e694a80cd
/c/mbwt/merge14/scraper/verify_transforms.py	6151	32d7fe05146d0a68552981cfd9cf0acc6fb9a77d
/c/mbwt/merge14/tools/make_fixture.py	4474	3246652d28a972d34110123a0aa2d849b3f5dc96
/c/mbwt/merge15/.git	77	5404c156714f925050a0d41620f92085e4188afd
/c/mbwt/merge15/.gitignore	484	2dc2280692c7932e25830a0fc4b44c65cc8bb04b
/c/mbwt/merge15/BAND_PRECISION_FINDINGS.txt	20196	07ea919d746d07b53217078400d9bc1f39018266
/c/mbwt/merge15/LAUNCHER_VERIFY_FINDINGS.txt	12726	dbe6d19d3974eb8806cb4ef553b328deb358a94c
/c/mbwt/merge15/MAKE_VIDEOS.bat	6248	2019b70edddfa2d6b60b0853dd84dd4d35286a30
/c/mbwt/merge15/README.md	1159	ca5b169c6e7cf14b50421be15de745fbb8db8cb9
/c/mbwt/merge15/README_START.txt	2095	2c05b312c3109c4037d2ba91a478f9e9dedb5495
/c/mbwt/merge15/REPORT_clipnet.txt	27717	e4f05ab648e14aea13db1fe7d8e76ba2fa1b5e17
/c/mbwt/merge15/REPORT_merge15.txt	16287	30f0966274eda22d8deee2af284d300dbc2bbd83
/c/mbwt/merge15/REPORT_showall.txt	23569	4feac7c62dce0579cf991b105b20da14aa16351f
/c/mbwt/merge15/meme/band.py	42439	6abd4a575c367490986b505f5a985704abb36c82
/c/mbwt/merge15/meme/cli.py	60884	5dc7460ec396294db8c770025bab4fea14ab2707
/c/mbwt/merge15/meme/config.yaml	8648	26c9114170bfb4efd291de75acc8537a8943b60a
/c/mbwt/merge15/meme/data/ocr_wordlist.txt	1631572	79f5278f6fddbfd6e0bf290512643fc94b749e8e
/c/mbwt/merge15/meme/download.py	11939	20fbbcbc9e2b1b1da07cfb7c66210ff56f91b954
/c/mbwt/merge15/meme/jobs.example.txt	873	2a42040144a2b29469d1349f9189544298a31efd
/c/mbwt/merge15/meme/jobs.py	2681	0043177cf5ad802dbf668b2651be7e43a441c0d2
/c/mbwt/merge15/meme/links.example.txt	900	f1ebf2e9e462c6d48160c015c29dc0c64230dbdd
/c/mbwt/merge15/meme/ocr.py	58561	99e236bb1417f9c8fad14d563ca918d9558ff5cb
/c/mbwt/merge15/meme/render.py	33804	f7564cf1fd2283581da68555e0b0a206bea56430
/c/mbwt/merge15/meme/reword.py	12147	f6d21307c6a845087f5b974eb757be585bd50ad4
/c/mbwt/merge15/meme/tests/test_band.py	43709	6a87b0a903342fb41969c72f6e173572fdc6af5f
/c/mbwt/merge15/meme/tests/test_cli.py	111358	f955fe4a5069c197ff437370fc7356ac3c980190
/c/mbwt/merge15/meme/tests/test_config.py	7140	426928bb94a804d0f2a2a9a6bb33d6f6c9336283
/c/mbwt/merge15/meme/tests/test_download.py	10331	5607ace0811febde543c72defb92fb9dfca1e14f
/c/mbwt/merge15/meme/tests/test_jobs.py	5895	29d791593f05a623ef71ad744c40e4c4998794cf
/c/mbwt/merge15/meme/tests/test_ocr.py	52266	6b992a274114bbf223584f679a015763d763d12c
/c/mbwt/merge15/meme/tests/test_render.py	38194	9cf2d63ee40c2835a5961ab74e31dc8ad2575494
/c/mbwt/merge15/meme/tests/test_reword.py	13035	1df0ee454c257fcc9d3bdeb581d3c89c9cb2f454
/c/mbwt/merge15/meme/tests/test_text.py	3959	9c92550dfbf18326d67cd01dfff046ec7d400564
/c/mbwt/merge15/meme/tests/test_transforms.py	13877	773f849150d0fc0e4904a018800bb4088c3b1d6f
/c/mbwt/merge15/meme/text.py	8467	31a7aabb85814faf63c8497a807c65e18847794c
/c/mbwt/merge15/meme/tools/measure_cover.py	7078	e2e9d61c556afea053ef453b306e3784225a5a24
/c/mbwt/merge15/meme/tools/measure_source.py	2887	31c3bbd74e6247bf989f73a07c14403aad77c7c4
/c/mbwt/merge15/meme/tools/render_all.py	5206	c3ba99f6a348e239914ae0c5087c999f5ec3abf1
/c/mbwt/merge15/meme/transforms.py	13066	be4a2b73f16f996a63eb72309720a970f87419e6
/c/mbwt/merge15/run.bat	56	8a33505116e532acd7091b2bc0d92c20d05ab67f
/c/mbwt/merge15/scraper/QUICKSTART.md	2631	cc67d11b9978d7922858ec3c37810035b2c2b4cb
/c/mbwt/merge15/scraper/README.md	16706	61e798a140593d1007322768c61676820c3b317a
/c/mbwt/merge15/scraper/captions.example.txt	611	e42a5102d84d4b7dd3aa145d6d5b370e3ed1baa0
/c/mbwt/merge15/scraper/config.yaml	5969	f6714581772d0159ecbb2525c706ec2b1a3889c8
/c/mbwt/merge15/scraper/edit.py	69329	5616e04154bfcbe82a29b53d9e8ee0c96b95b867
/c/mbwt/merge15/scraper/fonts/Montserrat-Bold.ttf	454864	86420f15b702aaa7cc107e0b64f294a3577eb538
/c/mbwt/merge15/scraper/fonts/README.md	1023	ec9a5e7c455c86fafe87aae63303f6813e20bfdd
/c/mbwt/merge15/scraper/profiles.txt	189	4e2a66159e59051b7c75a721b8be9fc34ab1bd6e
/c/mbwt/merge15/scraper/requirements.txt	31	cd5759c054a81d1c91f34c46039c1c0d9b8b5b52
/c/mbwt/merge15/scraper/run.py	21177	07f3945aa5616789c99f67af5368965c567f758a
/c/mbwt/merge15/scraper/scrape.py	26196	dced6d35679fdad4ad35c85c77ddbedeaec28416
/c/mbwt/merge15/scraper/sounds/ambient/README.md	816	2e1619b4e2c9e7c0be9368dac0bc503eed1219f8
/c/mbwt/merge15/scraper/templates.yaml	2061	5856e3c4d06f783a44084692f823a5e9d89e2cef
/c/mbwt/merge15/scraper/tests/test_edit.py	3902	e015cf87eabae89bf6896b212244015bb2d29343
/c/mbwt/merge15/scraper/tests/test_scrape.py	7217	59203d805d7ed45ca3f4d5d352c5c94e694a80cd
/c/mbwt/merge15/scraper/verify_transforms.py	6151	32d7fe05146d0a68552981cfd9cf0acc6fb9a77d
/c/mbwt/merge15/tools/make_fixture.py	4474	3246652d28a972d34110123a0aa2d849b3f5dc96
/c/mbwt/merge16/.git	77	2e394140b223101d49560a0c7699562fba399978
/c/mbwt/merge16/.gitignore	484	2dc2280692c7932e25830a0fc4b44c65cc8bb04b
/c/mbwt/merge16/BAND_PRECISION_FINDINGS.txt	20196	07ea919d746d07b53217078400d9bc1f39018266
/c/mbwt/merge16/LAUNCHER_VERIFY_FINDINGS.txt	12726	dbe6d19d3974eb8806cb4ef553b328deb358a94c
/c/mbwt/merge16/MAKE_VIDEOS.bat	6879	c4745d7685b5521a09ffc179a10d9da426744086
/c/mbwt/merge16/README.md	1159	ca5b169c6e7cf14b50421be15de745fbb8db8cb9
/c/mbwt/merge16/README_START.txt	2479	5887594c9cce6d71c440ddb51a548970617a20c7
/c/mbwt/merge16/REPORT_clipnet.txt	27717	e4f05ab648e14aea13db1fe7d8e76ba2fa1b5e17
/c/mbwt/merge16/REPORT_merge16.txt	11117	eacdf2ce997695b37663cad17aa08bee47f8443b
/c/mbwt/merge16/REPORT_showall.txt	23569	4feac7c62dce0579cf991b105b20da14aa16351f
/c/mbwt/merge16/meme/band.py	42439	6abd4a575c367490986b505f5a985704abb36c82
/c/mbwt/merge16/meme/cli.py	70775	dac1f32dabe913879e23b49fa1692a37af01204e
/c/mbwt/merge16/meme/config.yaml	8648	26c9114170bfb4efd291de75acc8537a8943b60a
/c/mbwt/merge16/meme/data/ocr_wordlist.txt	1631572	79f5278f6fddbfd6e0bf290512643fc94b749e8e
/c/mbwt/merge16/meme/download.py	11939	20fbbcbc9e2b1b1da07cfb7c66210ff56f91b954
/c/mbwt/merge16/meme/jobs.example.txt	873	2a42040144a2b29469d1349f9189544298a31efd
/c/mbwt/merge16/meme/jobs.py	2681	0043177cf5ad802dbf668b2651be7e43a441c0d2
/c/mbwt/merge16/meme/links.example.txt	900	f1ebf2e9e462c6d48160c015c29dc0c64230dbdd
/c/mbwt/merge16/meme/ocr.py	58561	99e236bb1417f9c8fad14d563ca918d9558ff5cb
/c/mbwt/merge16/meme/render.py	33804	f7564cf1fd2283581da68555e0b0a206bea56430
/c/mbwt/merge16/meme/reword.py	12147	f6d21307c6a845087f5b974eb757be585bd50ad4
/c/mbwt/merge16/meme/tests/test_band.py	43709	6a87b0a903342fb41969c72f6e173572fdc6af5f
/c/mbwt/merge16/meme/tests/test_cli.py	121098	6cc98494335d92abcfa39cc36e2a4fd0a6234b54
/c/mbwt/merge16/meme/tests/test_config.py	7140	426928bb94a804d0f2a2a9a6bb33d6f6c9336283
/c/mbwt/merge16/meme/tests/test_download.py	10331	5607ace0811febde543c72defb92fb9dfca1e14f
/c/mbwt/merge16/meme/tests/test_jobs.py	5895	29d791593f05a623ef71ad744c40e4c4998794cf
/c/mbwt/merge16/meme/tests/test_ocr.py	52266	6b992a274114bbf223584f679a015763d763d12c
/c/mbwt/merge16/meme/tests/test_render.py	38194	9cf2d63ee40c2835a5961ab74e31dc8ad2575494
/c/mbwt/merge16/meme/tests/test_reword.py	13035	1df0ee454c257fcc9d3bdeb581d3c89c9cb2f454
/c/mbwt/merge16/meme/tests/test_text.py	3959	9c92550dfbf18326d67cd01dfff046ec7d400564
/c/mbwt/merge16/meme/tests/test_transforms.py	13877	773f849150d0fc0e4904a018800bb4088c3b1d6f
/c/mbwt/merge16/meme/text.py	8467	31a7aabb85814faf63c8497a807c65e18847794c
/c/mbwt/merge16/meme/tools/measure_cover.py	7078	e2e9d61c556afea053ef453b306e3784225a5a24
/c/mbwt/merge16/meme/tools/measure_source.py	2887	31c3bbd74e6247bf989f73a07c14403aad77c7c4
/c/mbwt/merge16/meme/tools/render_all.py	5206	c3ba99f6a348e239914ae0c5087c999f5ec3abf1
/c/mbwt/merge16/meme/transforms.py	13066	be4a2b73f16f996a63eb72309720a970f87419e6
/c/mbwt/merge16/run.bat	56	8a33505116e532acd7091b2bc0d92c20d05ab67f
/c/mbwt/merge16/scraper/QUICKSTART.md	2631	cc67d11b9978d7922858ec3c37810035b2c2b4cb
/c/mbwt/merge16/scraper/README.md	16706	61e798a140593d1007322768c61676820c3b317a
/c/mbwt/merge16/scraper/captions.example.txt	611	e42a5102d84d4b7dd3aa145d6d5b370e3ed1baa0
/c/mbwt/merge16/scraper/config.yaml	5969	f6714581772d0159ecbb2525c706ec2b1a3889c8
/c/mbwt/merge16/scraper/edit.py	69329	5616e04154bfcbe82a29b53d9e8ee0c96b95b867
/c/mbwt/merge16/scraper/fonts/Montserrat-Bold.ttf	454864	86420f15b702aaa7cc107e0b64f294a3577eb538
/c/mbwt/merge16/scraper/fonts/README.md	1023	ec9a5e7c455c86fafe87aae63303f6813e20bfdd
/c/mbwt/merge16/scraper/profiles.txt	189	4e2a66159e59051b7c75a721b8be9fc34ab1bd6e
/c/mbwt/merge16/scraper/requirements.txt	31	cd5759c054a81d1c91f34c46039c1c0d9b8b5b52
/c/mbwt/merge16/scraper/run.py	21177	07f3945aa5616789c99f67af5368965c567f758a
/c/mbwt/merge16/scraper/scrape.py	26196	dced6d35679fdad4ad35c85c77ddbedeaec28416
/c/mbwt/merge16/scraper/sounds/ambient/README.md	816	2e1619b4e2c9e7c0be9368dac0bc503eed1219f8
/c/mbwt/merge16/scraper/templates.yaml	2061	5856e3c4d06f783a44084692f823a5e9d89e2cef
/c/mbwt/merge16/scraper/tests/test_edit.py	3902	e015cf87eabae89bf6896b212244015bb2d29343
/c/mbwt/merge16/scraper/tests/test_scrape.py	7217	59203d805d7ed45ca3f4d5d352c5c94e694a80cd
/c/mbwt/merge16/scraper/verify_transforms.py	6151	32d7fe05146d0a68552981cfd9cf0acc6fb9a77d
/c/mbwt/merge16/tools/make_fixture.py	4474	3246652d28a972d34110123a0aa2d849b3f5dc96
/c/mbwt/merge17b/.git	78	69d20209b7f09ea010d6ae153aa1d605ba96cfff
/c/mbwt/merge17b/.gitignore	1003	d90c208d5ae55f696b6bebcf9c2a62a2cbbf4985
/c/mbwt/merge17b/BAND_PRECISION_FINDINGS.txt	20196	07ea919d746d07b53217078400d9bc1f39018266
/c/mbwt/merge17b/LAUNCHER_VERIFY_FINDINGS.txt	12726	dbe6d19d3974eb8806cb4ef553b328deb358a94c
/c/mbwt/merge17b/MAKE_VIDEOS.bat	6879	c4745d7685b5521a09ffc179a10d9da426744086
/c/mbwt/merge17b/README.md	1159	ca5b169c6e7cf14b50421be15de745fbb8db8cb9
/c/mbwt/merge17b/README_START.txt	2710	a44eeea19df8b1f8b09a7777a2da3c6464662e8b
/c/mbwt/merge17b/REPORT_clipnet.txt	27717	e4f05ab648e14aea13db1fe7d8e76ba2fa1b5e17
/c/mbwt/merge17b/REPORT_merge17b.txt	9466	e7363603c208caf1418a5f8b54494eea86ed8a63
/c/mbwt/merge17b/REPORT_showall.txt	23569	4feac7c62dce0579cf991b105b20da14aa16351f
/c/mbwt/merge17b/SETUP_EMOJI.bat	2249	481547085fa28a9898cbce55ffdf2b435b40fa6b
/c/mbwt/merge17b/meme/band.py	42439	6abd4a575c367490986b505f5a985704abb36c82
/c/mbwt/merge17b/meme/cli.py	74646	207ba6569ccc07bf973a3442c22f63a26f3991d1
/c/mbwt/merge17b/meme/config.yaml	8648	26c9114170bfb4efd291de75acc8537a8943b60a
/c/mbwt/merge17b/meme/data/apple_emoji/README.txt	3975	5f702f077f253b8ebd1382a1c41925db538f2f74
/c/mbwt/merge17b/meme/data/ocr_wordlist.txt	1631572	79f5278f6fddbfd6e0bf290512643fc94b749e8e
/c/mbwt/merge17b/meme/download.py	11939	20fbbcbc9e2b1b1da07cfb7c66210ff56f91b954
/c/mbwt/merge17b/meme/jobs.example.txt	873	2a42040144a2b29469d1349f9189544298a31efd
/c/mbwt/merge17b/meme/jobs.py	2681	0043177cf5ad802dbf668b2651be7e43a441c0d2
/c/mbwt/merge17b/meme/links.example.txt	900	f1ebf2e9e462c6d48160c015c29dc0c64230dbdd
/c/mbwt/merge17b/meme/ocr.py	79135	3cc968323403133969d8e2c84158e20ab0faf32a
/c/mbwt/merge17b/meme/render.py	33804	f7564cf1fd2283581da68555e0b0a206bea56430
/c/mbwt/merge17b/meme/reword.py	12147	f6d21307c6a845087f5b974eb757be585bd50ad4
/c/mbwt/merge17b/meme/tests/test_band.py	43709	6a87b0a903342fb41969c72f6e173572fdc6af5f
/c/mbwt/merge17b/meme/tests/test_cli.py	126671	8021a82e122cbe95d26e97ea9e29bd67b59d9cdc
/c/mbwt/merge17b/meme/tests/test_config.py	7140	426928bb94a804d0f2a2a9a6bb33d6f6c9336283
/c/mbwt/merge17b/meme/tests/test_download.py	10331	5607ace0811febde543c72defb92fb9dfca1e14f
/c/mbwt/merge17b/meme/tests/test_jobs.py	5895	29d791593f05a623ef71ad744c40e4c4998794cf
/c/mbwt/merge17b/meme/tests/test_ocr.py	63842	b9139eb2da4f5723cda07665ccba60ecac837fb5
/c/mbwt/merge17b/meme/tests/test_render.py	38194	9cf2d63ee40c2835a5961ab74e31dc8ad2575494
/c/mbwt/merge17b/meme/tests/test_reword.py	13035	1df0ee454c257fcc9d3bdeb581d3c89c9cb2f454
/c/mbwt/merge17b/meme/tests/test_text.py	3959	9c92550dfbf18326d67cd01dfff046ec7d400564
/c/mbwt/merge17b/meme/tests/test_transforms.py	13877	773f849150d0fc0e4904a018800bb4088c3b1d6f
/c/mbwt/merge17b/meme/text.py	8467	31a7aabb85814faf63c8497a807c65e18847794c
/c/mbwt/merge17b/meme/tools/measure_cover.py	7078	e2e9d61c556afea053ef453b306e3784225a5a24
/c/mbwt/merge17b/meme/tools/measure_source.py	2887	31c3bbd74e6247bf989f73a07c14403aad77c7c4
/c/mbwt/merge17b/meme/tools/render_all.py	5206	c3ba99f6a348e239914ae0c5087c999f5ec3abf1
/c/mbwt/merge17b/meme/transforms.py	13066	be4a2b73f16f996a63eb72309720a970f87419e6
/c/mbwt/merge17b/run.bat	56	8a33505116e532acd7091b2bc0d92c20d05ab67f
/c/mbwt/merge17b/scraper/QUICKSTART.md	2631	cc67d11b9978d7922858ec3c37810035b2c2b4cb
/c/mbwt/merge17b/scraper/README.md	16706	61e798a140593d1007322768c61676820c3b317a
/c/mbwt/merge17b/scraper/captions.example.txt	611	e42a5102d84d4b7dd3aa145d6d5b370e3ed1baa0
/c/mbwt/merge17b/scraper/config.yaml	5969	f6714581772d0159ecbb2525c706ec2b1a3889c8
/c/mbwt/merge17b/scraper/edit.py	69329	5616e04154bfcbe82a29b53d9e8ee0c96b95b867
/c/mbwt/merge17b/scraper/fonts/Montserrat-Bold.ttf	454864	86420f15b702aaa7cc107e0b64f294a3577eb538
/c/mbwt/merge17b/scraper/fonts/README.md	1023	ec9a5e7c455c86fafe87aae63303f6813e20bfdd
/c/mbwt/merge17b/scraper/profiles.txt	189	4e2a66159e59051b7c75a721b8be9fc34ab1bd6e
/c/mbwt/merge17b/scraper/requirements.txt	31	cd5759c054a81d1c91f34c46039c1c0d9b8b5b52
/c/mbwt/merge17b/scraper/run.py	21177	07f3945aa5616789c99f67af5368965c567f758a
/c/mbwt/merge17b/scraper/scrape.py	26196	dced6d35679fdad4ad35c85c77ddbedeaec28416
/c/mbwt/merge17b/scraper/sounds/ambient/README.md	816	2e1619b4e2c9e7c0be9368dac0bc503eed1219f8
/c/mbwt/merge17b/scraper/templates.yaml	2061	5856e3c4d06f783a44084692f823a5e9d89e2cef
/c/mbwt/merge17b/scraper/tests/test_edit.py	3902	e015cf87eabae89bf6896b212244015bb2d29343
/c/mbwt/merge17b/scraper/tests/test_scrape.py	7217	59203d805d7ed45ca3f4d5d352c5c94e694a80cd
/c/mbwt/merge17b/scraper/verify_transforms.py	6151	32d7fe05146d0a68552981cfd9cf0acc6fb9a77d
/c/mbwt/merge17b/setup_emoji.py	5914	b5793ff019dcde69fa3aaee866a5837f78ecd37e
/c/mbwt/merge17b/tools/make_fixture.py	4474	3246652d28a972d34110123a0aa2d849b3f5dc96
/c/mbwt/position-evidence/after.json	12499	69ea69a2940bb2e351da59f612e2322a945223db
/c/mbwt/position-evidence/before.json	12569	cbc8b88f8aa06bc11168e84c66ef7393cc67bd5c
/c/mbwt/position-evidence/measure_top.py	3633	f4483cdb61c38e791333a756e008626478a4518c
/c/mbwt/position-evidence/render_reel.py	1596	8356cd45c8a7f99c76d5583189e7bef403c9c94e
/c/mbwt/position/.git	78	c1efff079f6a1f6fcc7c072e2ebafe33c6600fc7
/c/mbwt/position/.gitignore	484	2dc2280692c7932e25830a0fc4b44c65cc8bb04b
/c/mbwt/position/BAND_PRECISION_FINDINGS.txt	20196	07ea919d746d07b53217078400d9bc1f39018266
/c/mbwt/position/LAUNCHER_VERIFY_FINDINGS.txt	12726	dbe6d19d3974eb8806cb4ef553b328deb358a94c
/c/mbwt/position/MAKE_VIDEOS.bat	6186	db42f71b7ea09d628db0716819c021219ab32512
/c/mbwt/position/README.md	1159	ca5b169c6e7cf14b50421be15de745fbb8db8cb9
/c/mbwt/position/README_START.txt	2095	2c05b312c3109c4037d2ba91a478f9e9dedb5495
/c/mbwt/position/REPORT_position.txt	18107	ee068d8f19ed12339f19878eb36cc5900672506c
/c/mbwt/position/meme/band.py	42439	6abd4a575c367490986b505f5a985704abb36c82
/c/mbwt/position/meme/cli.py	52594	c0f5339b2b6c516c907eafa478623dd90524a000
/c/mbwt/position/meme/config.yaml	8648	26c9114170bfb4efd291de75acc8537a8943b60a
/c/mbwt/position/meme/data/ocr_wordlist.txt	1631572	79f5278f6fddbfd6e0bf290512643fc94b749e8e
/c/mbwt/position/meme/download.py	11939	20fbbcbc9e2b1b1da07cfb7c66210ff56f91b954
/c/mbwt/position/meme/jobs.example.txt	873	2a42040144a2b29469d1349f9189544298a31efd
/c/mbwt/position/meme/jobs.py	2681	0043177cf5ad802dbf668b2651be7e43a441c0d2
/c/mbwt/position/meme/links.example.txt	900	f1ebf2e9e462c6d48160c015c29dc0c64230dbdd
/c/mbwt/position/meme/ocr.py	45631	364ab3c90feea043aa64736df49f90e118dcf17b
/c/mbwt/position/meme/render.py	33804	f7564cf1fd2283581da68555e0b0a206bea56430
/c/mbwt/position/meme/reword.py	12147	f6d21307c6a845087f5b974eb757be585bd50ad4
/c/mbwt/position/meme/tests/test_band.py	43709	6a87b0a903342fb41969c72f6e173572fdc6af5f
/c/mbwt/position/meme/tests/test_cli.py	78052	d2fbe32a66abdd7339356da642b7aa42d1fa577d
/c/mbwt/position/meme/tests/test_config.py	7140	426928bb94a804d0f2a2a9a6bb33d6f6c9336283
/c/mbwt/position/meme/tests/test_download.py	10331	5607ace0811febde543c72defb92fb9dfca1e14f
/c/mbwt/position/meme/tests/test_jobs.py	5895	29d791593f05a623ef71ad744c40e4c4998794cf
/c/mbwt/position/meme/tests/test_ocr.py	36078	7f91fc600c1428395deef61dd259ad5e3f8ba626
/c/mbwt/position/meme/tests/test_render.py	38194	9cf2d63ee40c2835a5961ab74e31dc8ad2575494
/c/mbwt/position/meme/tests/test_reword.py	13035	1df0ee454c257fcc9d3bdeb581d3c89c9cb2f454
/c/mbwt/position/meme/tests/test_text.py	3959	9c92550dfbf18326d67cd01dfff046ec7d400564
/c/mbwt/position/meme/tests/test_transforms.py	13877	773f849150d0fc0e4904a018800bb4088c3b1d6f
/c/mbwt/position/meme/text.py	8467	31a7aabb85814faf63c8497a807c65e18847794c
/c/mbwt/position/meme/tools/measure_cover.py	7078	e2e9d61c556afea053ef453b306e3784225a5a24
/c/mbwt/position/meme/tools/measure_source.py	2887	31c3bbd74e6247bf989f73a07c14403aad77c7c4
/c/mbwt/position/meme/tools/render_all.py	5206	c3ba99f6a348e239914ae0c5087c999f5ec3abf1
/c/mbwt/position/meme/transforms.py	13066	be4a2b73f16f996a63eb72309720a970f87419e6
/c/mbwt/position/run.bat	56	8a33505116e532acd7091b2bc0d92c20d05ab67f
/c/mbwt/position/scraper/QUICKSTART.md	2631	cc67d11b9978d7922858ec3c37810035b2c2b4cb
/c/mbwt/position/scraper/README.md	16706	61e798a140593d1007322768c61676820c3b317a
/c/mbwt/position/scraper/captions.example.txt	611	e42a5102d84d4b7dd3aa145d6d5b370e3ed1baa0
/c/mbwt/position/scraper/config.yaml	5969	f6714581772d0159ecbb2525c706ec2b1a3889c8
/c/mbwt/position/scraper/edit.py	69329	5616e04154bfcbe82a29b53d9e8ee0c96b95b867
/c/mbwt/position/scraper/fonts/Montserrat-Bold.ttf	454864	86420f15b702aaa7cc107e0b64f294a3577eb538
/c/mbwt/position/scraper/fonts/README.md	1023	ec9a5e7c455c86fafe87aae63303f6813e20bfdd
/c/mbwt/position/scraper/profiles.txt	189	4e2a66159e59051b7c75a721b8be9fc34ab1bd6e
/c/mbwt/position/scraper/requirements.txt	31	cd5759c054a81d1c91f34c46039c1c0d9b8b5b52
/c/mbwt/position/scraper/run.py	21177	07f3945aa5616789c99f67af5368965c567f758a
/c/mbwt/position/scraper/scrape.py	26196	dced6d35679fdad4ad35c85c77ddbedeaec28416
/c/mbwt/position/scraper/sounds/ambient/README.md	816	2e1619b4e2c9e7c0be9368dac0bc503eed1219f8
/c/mbwt/position/scraper/templates.yaml	2061	5856e3c4d06f783a44084692f823a5e9d89e2cef
/c/mbwt/position/scraper/tests/test_edit.py	3902	e015cf87eabae89bf6896b212244015bb2d29343
/c/mbwt/position/scraper/tests/test_scrape.py	7217	59203d805d7ed45ca3f4d5d352c5c94e694a80cd
/c/mbwt/position/scraper/verify_transforms.py	6151	32d7fe05146d0a68552981cfd9cf0acc6fb9a77d
/c/mbwt/position/tools/make_fixture.py	4474	3246652d28a972d34110123a0aa2d849b3f5dc96
/c/mbwt/postocr-evidence/en_clean.txt	1630886	9f9c4ba2f321d322b39a53f504bd8df9d82be5ff
/c/mbwt/postocr-evidence/step1.json	5847	60f12fe9c4e5432e2a29852a7ee05a3a9b9924e2
/c/mbwt/postocr-evidence/step1_measure.py	3103	a841f72d7ae2c2623eed37e80aa75ccc0c919285
/c/mbwt/postocr-evidence/step4.json	10963	a2fb5c6494c3189523da21d2ce4b1b9a24a114cc
/c/mbwt/postocr-evidence/step4_measure.py	3900	91dba24f5ccb2027c40700323c776f77dd402611
/c/mbwt/postocr-evidence/table.txt	2040	b82460fec20bbcd90df4434039d53058d377bbe3
/c/mbwt/read-quality-REPORT.txt	16411	804c8169d2dea08ecd969d59231e99d1ef59e251
/c/mbwt/repo-check-REPORT.txt	10690	713311819a1d2ba65e8e73dcce7cca11a6c294d2
/c/mbwt/reviewframes/.git	82	11211b6681e2fb5286874d281f92ea24d712ff94
/c/mbwt/reviewframes/.gitignore	484	2dc2280692c7932e25830a0fc4b44c65cc8bb04b
/c/mbwt/reviewframes/BAND_PRECISION_FINDINGS.txt	20196	07ea919d746d07b53217078400d9bc1f39018266
/c/mbwt/reviewframes/LAUNCHER_VERIFY_FINDINGS.txt	12726	dbe6d19d3974eb8806cb4ef553b328deb358a94c
/c/mbwt/reviewframes/MAKE_VIDEOS.bat	6879	c4745d7685b5521a09ffc179a10d9da426744086
/c/mbwt/reviewframes/README.md	1159	ca5b169c6e7cf14b50421be15de745fbb8db8cb9
/c/mbwt/reviewframes/README_START.txt	2479	5887594c9cce6d71c440ddb51a548970617a20c7
/c/mbwt/reviewframes/REPORT_clipnet.txt	27717	e4f05ab648e14aea13db1fe7d8e76ba2fa1b5e17
/c/mbwt/reviewframes/REPORT_reviewframes.txt	17417	b082b84cfc7acdf4a809a7f1244ae9c8b8dcf9bd
/c/mbwt/reviewframes/REPORT_showall.txt	23569	4feac7c62dce0579cf991b105b20da14aa16351f
/c/mbwt/reviewframes/meme/band.py	42439	6abd4a575c367490986b505f5a985704abb36c82
/c/mbwt/reviewframes/meme/cli.py	70775	dac1f32dabe913879e23b49fa1692a37af01204e
/c/mbwt/reviewframes/meme/config.yaml	8648	26c9114170bfb4efd291de75acc8537a8943b60a
/c/mbwt/reviewframes/meme/data/ocr_wordlist.txt	1631572	79f5278f6fddbfd6e0bf290512643fc94b749e8e
/c/mbwt/reviewframes/meme/download.py	11939	20fbbcbc9e2b1b1da07cfb7c66210ff56f91b954
/c/mbwt/reviewframes/meme/jobs.example.txt	873	2a42040144a2b29469d1349f9189544298a31efd
/c/mbwt/reviewframes/meme/jobs.py	2681	0043177cf5ad802dbf668b2651be7e43a441c0d2
/c/mbwt/reviewframes/meme/links.example.txt	900	f1ebf2e9e462c6d48160c015c29dc0c64230dbdd
/c/mbwt/reviewframes/meme/ocr.py	58561	99e236bb1417f9c8fad14d563ca918d9558ff5cb
/c/mbwt/reviewframes/meme/render.py	33804	f7564cf1fd2283581da68555e0b0a206bea56430
/c/mbwt/reviewframes/meme/reword.py	12147	f6d21307c6a845087f5b974eb757be585bd50ad4
/c/mbwt/reviewframes/meme/tests/test_band.py	43709	6a87b0a903342fb41969c72f6e173572fdc6af5f
/c/mbwt/reviewframes/meme/tests/test_cli.py	121098	6cc98494335d92abcfa39cc36e2a4fd0a6234b54
/c/mbwt/reviewframes/meme/tests/test_config.py	7140	426928bb94a804d0f2a2a9a6bb33d6f6c9336283
/c/mbwt/reviewframes/meme/tests/test_download.py	10331	5607ace0811febde543c72defb92fb9dfca1e14f
/c/mbwt/reviewframes/meme/tests/test_jobs.py	5895	29d791593f05a623ef71ad744c40e4c4998794cf
/c/mbwt/reviewframes/meme/tests/test_ocr.py	52266	6b992a274114bbf223584f679a015763d763d12c
/c/mbwt/reviewframes/meme/tests/test_render.py	38194	9cf2d63ee40c2835a5961ab74e31dc8ad2575494
/c/mbwt/reviewframes/meme/tests/test_reword.py	13035	1df0ee454c257fcc9d3bdeb581d3c89c9cb2f454
/c/mbwt/reviewframes/meme/tests/test_text.py	3959	9c92550dfbf18326d67cd01dfff046ec7d400564
/c/mbwt/reviewframes/meme/tests/test_transforms.py	13877	773f849150d0fc0e4904a018800bb4088c3b1d6f
/c/mbwt/reviewframes/meme/text.py	8467	31a7aabb85814faf63c8497a807c65e18847794c
/c/mbwt/reviewframes/meme/tools/measure_cover.py	7078	e2e9d61c556afea053ef453b306e3784225a5a24
/c/mbwt/reviewframes/meme/tools/measure_source.py	2887	31c3bbd74e6247bf989f73a07c14403aad77c7c4
/c/mbwt/reviewframes/meme/tools/render_all.py	5206	c3ba99f6a348e239914ae0c5087c999f5ec3abf1
/c/mbwt/reviewframes/meme/transforms.py	13066	be4a2b73f16f996a63eb72309720a970f87419e6
/c/mbwt/reviewframes/run.bat	56	8a33505116e532acd7091b2bc0d92c20d05ab67f
/c/mbwt/reviewframes/scraper/QUICKSTART.md	2631	cc67d11b9978d7922858ec3c37810035b2c2b4cb
/c/mbwt/reviewframes/scraper/README.md	16706	61e798a140593d1007322768c61676820c3b317a
/c/mbwt/reviewframes/scraper/captions.example.txt	611	e42a5102d84d4b7dd3aa145d6d5b370e3ed1baa0
/c/mbwt/reviewframes/scraper/config.yaml	5969	f6714581772d0159ecbb2525c706ec2b1a3889c8
/c/mbwt/reviewframes/scraper/edit.py	69329	5616e04154bfcbe82a29b53d9e8ee0c96b95b867
/c/mbwt/reviewframes/scraper/fonts/Montserrat-Bold.ttf	454864	86420f15b702aaa7cc107e0b64f294a3577eb538
/c/mbwt/reviewframes/scraper/fonts/README.md	1023	ec9a5e7c455c86fafe87aae63303f6813e20bfdd
/c/mbwt/reviewframes/scraper/profiles.txt	189	4e2a66159e59051b7c75a721b8be9fc34ab1bd6e
/c/mbwt/reviewframes/scraper/requirements.txt	31	cd5759c054a81d1c91f34c46039c1c0d9b8b5b52
/c/mbwt/reviewframes/scraper/run.py	21177	07f3945aa5616789c99f67af5368965c567f758a
/c/mbwt/reviewframes/scraper/scrape.py	26196	dced6d35679fdad4ad35c85c77ddbedeaec28416
/c/mbwt/reviewframes/scraper/sounds/ambient/README.md	816	2e1619b4e2c9e7c0be9368dac0bc503eed1219f8
/c/mbwt/reviewframes/scraper/templates.yaml	2061	5856e3c4d06f783a44084692f823a5e9d89e2cef
/c/mbwt/reviewframes/scraper/tests/test_edit.py	3902	e015cf87eabae89bf6896b212244015bb2d29343
/c/mbwt/reviewframes/scraper/tests/test_scrape.py	7217	59203d805d7ed45ca3f4d5d352c5c94e694a80cd
/c/mbwt/reviewframes/scraper/verify_transforms.py	6151	32d7fe05146d0a68552981cfd9cf0acc6fb9a77d
/c/mbwt/reviewframes/tools/make_fixture.py	4474	3246652d28a972d34110123a0aa2d849b3f5dc96
/c/mbwt/scorecard-REPORT.txt	18154	88958b820e6eba0cb952be69cc78955ea5595bf5
/c/mbwt/setup_emoji_bank.py	3611	ceee82481ade390fc03f959031c575c8d86ff851
/c/mbwt/showall/.git	77	635fa9ad62666a8395ccde55806ebe31a5b26d93
/c/mbwt/showall/.gitignore	484	2dc2280692c7932e25830a0fc4b44c65cc8bb04b
/c/mbwt/showall/BAND_PRECISION_FINDINGS.txt	20196	07ea919d746d07b53217078400d9bc1f39018266
/c/mbwt/showall/LAUNCHER_VERIFY_FINDINGS.txt	12726	dbe6d19d3974eb8806cb4ef553b328deb358a94c
/c/mbwt/showall/MAKE_VIDEOS.bat	6248	2019b70edddfa2d6b60b0853dd84dd4d35286a30
/c/mbwt/showall/README.md	1159	ca5b169c6e7cf14b50421be15de745fbb8db8cb9
/c/mbwt/showall/README_START.txt	2095	2c05b312c3109c4037d2ba91a478f9e9dedb5495
/c/mbwt/showall/REPORT_clipnet.txt	27717	e4f05ab648e14aea13db1fe7d8e76ba2fa1b5e17
/c/mbwt/showall/REPORT_showall.txt	23155	4feac7c62dce0579cf991b105b20da14aa16351f
/c/mbwt/showall/meme/band.py	42439	6abd4a575c367490986b505f5a985704abb36c82
/c/mbwt/showall/meme/cli.py	60884	5dc7460ec396294db8c770025bab4fea14ab2707
/c/mbwt/showall/meme/config.yaml	8648	26c9114170bfb4efd291de75acc8537a8943b60a
/c/mbwt/showall/meme/data/ocr_wordlist.txt	1631572	79f5278f6fddbfd6e0bf290512643fc94b749e8e
/c/mbwt/showall/meme/download.py	11939	20fbbcbc9e2b1b1da07cfb7c66210ff56f91b954
/c/mbwt/showall/meme/jobs.example.txt	873	2a42040144a2b29469d1349f9189544298a31efd
/c/mbwt/showall/meme/jobs.py	2681	0043177cf5ad802dbf668b2651be7e43a441c0d2
/c/mbwt/showall/meme/links.example.txt	900	f1ebf2e9e462c6d48160c015c29dc0c64230dbdd
/c/mbwt/showall/meme/ocr.py	58561	99e236bb1417f9c8fad14d563ca918d9558ff5cb
/c/mbwt/showall/meme/render.py	33804	f7564cf1fd2283581da68555e0b0a206bea56430
/c/mbwt/showall/meme/reword.py	12147	f6d21307c6a845087f5b974eb757be585bd50ad4
/c/mbwt/showall/meme/tests/test_band.py	43709	6a87b0a903342fb41969c72f6e173572fdc6af5f
/c/mbwt/showall/meme/tests/test_cli.py	108997	f955fe4a5069c197ff437370fc7356ac3c980190
/c/mbwt/showall/meme/tests/test_config.py	7140	426928bb94a804d0f2a2a9a6bb33d6f6c9336283
/c/mbwt/showall/meme/tests/test_download.py	10331	5607ace0811febde543c72defb92fb9dfca1e14f
/c/mbwt/showall/meme/tests/test_jobs.py	5895	29d791593f05a623ef71ad744c40e4c4998794cf
/c/mbwt/showall/meme/tests/test_ocr.py	52266	6b992a274114bbf223584f679a015763d763d12c
/c/mbwt/showall/meme/tests/test_render.py	38194	9cf2d63ee40c2835a5961ab74e31dc8ad2575494
/c/mbwt/showall/meme/tests/test_reword.py	13035	1df0ee454c257fcc9d3bdeb581d3c89c9cb2f454
/c/mbwt/showall/meme/tests/test_text.py	3959	9c92550dfbf18326d67cd01dfff046ec7d400564
/c/mbwt/showall/meme/tests/test_transforms.py	13877	773f849150d0fc0e4904a018800bb4088c3b1d6f
/c/mbwt/showall/meme/text.py	8467	31a7aabb85814faf63c8497a807c65e18847794c
/c/mbwt/showall/meme/tools/measure_cover.py	7078	e2e9d61c556afea053ef453b306e3784225a5a24
/c/mbwt/showall/meme/tools/measure_source.py	2887	31c3bbd74e6247bf989f73a07c14403aad77c7c4
/c/mbwt/showall/meme/tools/render_all.py	5206	c3ba99f6a348e239914ae0c5087c999f5ec3abf1
/c/mbwt/showall/meme/transforms.py	13066	be4a2b73f16f996a63eb72309720a970f87419e6
/c/mbwt/showall/run.bat	56	8a33505116e532acd7091b2bc0d92c20d05ab67f
/c/mbwt/showall/scraper/QUICKSTART.md	2631	cc67d11b9978d7922858ec3c37810035b2c2b4cb
/c/mbwt/showall/scraper/README.md	16706	61e798a140593d1007322768c61676820c3b317a
/c/mbwt/showall/scraper/captions.example.txt	611	e42a5102d84d4b7dd3aa145d6d5b370e3ed1baa0
/c/mbwt/showall/scraper/config.yaml	5969	f6714581772d0159ecbb2525c706ec2b1a3889c8
/c/mbwt/showall/scraper/edit.py	69329	5616e04154bfcbe82a29b53d9e8ee0c96b95b867
/c/mbwt/showall/scraper/fonts/Montserrat-Bold.ttf	454864	86420f15b702aaa7cc107e0b64f294a3577eb538
/c/mbwt/showall/scraper/fonts/README.md	1023	ec9a5e7c455c86fafe87aae63303f6813e20bfdd
/c/mbwt/showall/scraper/profiles.txt	189	4e2a66159e59051b7c75a721b8be9fc34ab1bd6e
/c/mbwt/showall/scraper/requirements.txt	31	cd5759c054a81d1c91f34c46039c1c0d9b8b5b52
/c/mbwt/showall/scraper/run.py	21177	07f3945aa5616789c99f67af5368965c567f758a
/c/mbwt/showall/scraper/scrape.py	26196	dced6d35679fdad4ad35c85c77ddbedeaec28416
/c/mbwt/showall/scraper/sounds/ambient/README.md	816	2e1619b4e2c9e7c0be9368dac0bc503eed1219f8
/c/mbwt/showall/scraper/templates.yaml	2061	5856e3c4d06f783a44084692f823a5e9d89e2cef
/c/mbwt/showall/scraper/tests/test_edit.py	3902	e015cf87eabae89bf6896b212244015bb2d29343
/c/mbwt/showall/scraper/tests/test_scrape.py	7217	59203d805d7ed45ca3f4d5d352c5c94e694a80cd
/c/mbwt/showall/scraper/verify_transforms.py	6151	32d7fe05146d0a68552981cfd9cf0acc6fb9a77d
/c/mbwt/showall/tools/make_fixture.py	4474	3246652d28a972d34110123a0aa2d849b3f5dc96
/c/mbwt/silent-error-hunt-REPORT.txt	28976	79072613264ce22f228fe5f542e7526f2bd9dbb4
/c/mbwt/suite_result.json	379	6e3b20651da36700bcc1f904b17ab3413e9c35b4
/c/mbwt/v8-evidence/MERGE_V8_REPORT.txt	18378	559cdc7db8cd1e1823f2d0bc725f768fd3295d22
/c/mbwt/v8-evidence/measure.json	9408	5d262838100a0c943b85f947cf73692aa711012c
/c/mbwt/v8-evidence/render_and_measure.py	4629	e4c376080ce4433f24f1b405eee0f13820109b99
/c/mbwt/v8-evidence/table.txt	2104	e00dbc60e004f672927c781cfe55aff9c024018f
/c/mbwt/vision-evidence/compare_tesseract_vs_vision.py	2268	129fdf798cec1b20de7437b8d6df8ae6f1f543b1
/c/mbwt/vision-evidence/final-audit/bands.json	4050	e96b982dce34d789a3f3c06e9c69169d38a935e0
/c/mbwt/vision/.git	76	6eb9ef894af20cf840601155af9a8aecfbed90a6
/c/mbwt/vision/.gitignore	465	00f66065f70a9a5778769cfbbe5ebd4878ca9a66
/c/mbwt/vision/MAKE_VIDEOS.bat	4700	f74369c3768e82143b879ea2e28152815d363ef4
/c/mbwt/vision/README.md	1159	ca5b169c6e7cf14b50421be15de745fbb8db8cb9
/c/mbwt/vision/README_START.txt	257	a933726f03eb47516618597ad7debfeaf367f15f
/c/mbwt/vision/meme/band.py	19115	e261f326deabcd5472edb201b87e20bf81244862
/c/mbwt/vision/meme/cli.py	33451	44eb81429c38af09a2ea999411adf5ad404e63b2
/c/mbwt/vision/meme/config.yaml	6786	465a3f3c33ffbc2e587010c3cf84cec2188e3265
/c/mbwt/vision/meme/download.py	11939	20fbbcbc9e2b1b1da07cfb7c66210ff56f91b954
/c/mbwt/vision/meme/jobs.example.txt	873	2a42040144a2b29469d1349f9189544298a31efd
/c/mbwt/vision/meme/jobs.py	2681	0043177cf5ad802dbf668b2651be7e43a441c0d2
/c/mbwt/vision/meme/links.example.txt	900	f1ebf2e9e462c6d48160c015c29dc0c64230dbdd
/c/mbwt/vision/meme/ocr.py	9305	bf77e7ff617b4f95ed2a7b8b959a0a487a435cd0
/c/mbwt/vision/meme/render.py	12885	64a4dd0b2a955a1c6de05315bdfb0bf4ae796545
/c/mbwt/vision/meme/reword.py	12147	f6d21307c6a845087f5b974eb757be585bd50ad4
/c/mbwt/vision/meme/tests/test_band.py	14444	f5323e6238bda3e1336c98d1b235267d6569e775
/c/mbwt/vision/meme/tests/test_cli.py	42694	7bdd65a01d55ab9cd6aad5cc5b12cf567cc9fa7f
/c/mbwt/vision/meme/tests/test_config.py	7140	426928bb94a804d0f2a2a9a6bb33d6f6c9336283
/c/mbwt/vision/meme/tests/test_download.py	10331	5607ace0811febde543c72defb92fb9dfca1e14f
/c/mbwt/vision/meme/tests/test_jobs.py	5895	29d791593f05a623ef71ad744c40e4c4998794cf
/c/mbwt/vision/meme/tests/test_ocr.py	6424	487c3660921f1cfbea44b6023c224b1b726b662c
/c/mbwt/vision/meme/tests/test_render.py	13021	817605966c749adc30567849d571a92c0904487a
/c/mbwt/vision/meme/tests/test_reword.py	13035	1df0ee454c257fcc9d3bdeb581d3c89c9cb2f454
/c/mbwt/vision/meme/tests/test_text.py	3959	9c92550dfbf18326d67cd01dfff046ec7d400564
/c/mbwt/vision/meme/tests/test_transforms.py	13877	773f849150d0fc0e4904a018800bb4088c3b1d6f
/c/mbwt/vision/meme/tests/test_vision.py	28701	4eaec5030f0e8061efe87f923b1a60b66de0de1d
/c/mbwt/vision/meme/text.py	8467	31a7aabb85814faf63c8497a807c65e18847794c
/c/mbwt/vision/meme/transforms.py	13066	be4a2b73f16f996a63eb72309720a970f87419e6
/c/mbwt/vision/meme/vision.py	24583	ea0d932970d72875818da9dfc55e4a69195f8f9e
/c/mbwt/vision/run.bat	56	8a33505116e532acd7091b2bc0d92c20d05ab67f
/c/mbwt/vision/scraper/QUICKSTART.md	2631	cc67d11b9978d7922858ec3c37810035b2c2b4cb
/c/mbwt/vision/scraper/README.md	16706	61e798a140593d1007322768c61676820c3b317a
/c/mbwt/vision/scraper/captions.example.txt	611	e42a5102d84d4b7dd3aa145d6d5b370e3ed1baa0
/c/mbwt/vision/scraper/config.yaml	5969	f6714581772d0159ecbb2525c706ec2b1a3889c8
/c/mbwt/vision/scraper/edit.py	69329	5616e04154bfcbe82a29b53d9e8ee0c96b95b867
/c/mbwt/vision/scraper/fonts/Montserrat-Bold.ttf	454864	86420f15b702aaa7cc107e0b64f294a3577eb538
/c/mbwt/vision/scraper/fonts/README.md	1023	ec9a5e7c455c86fafe87aae63303f6813e20bfdd
/c/mbwt/vision/scraper/profiles.txt	189	4e2a66159e59051b7c75a721b8be9fc34ab1bd6e
/c/mbwt/vision/scraper/requirements.txt	31	cd5759c054a81d1c91f34c46039c1c0d9b8b5b52
/c/mbwt/vision/scraper/run.py	21177	07f3945aa5616789c99f67af5368965c567f758a
/c/mbwt/vision/scraper/scrape.py	26196	dced6d35679fdad4ad35c85c77ddbedeaec28416
/c/mbwt/vision/scraper/sounds/ambient/README.md	816	2e1619b4e2c9e7c0be9368dac0bc503eed1219f8
/c/mbwt/vision/scraper/templates.yaml	2061	5856e3c4d06f783a44084692f823a5e9d89e2cef
/c/mbwt/vision/scraper/tests/test_edit.py	3902	e015cf87eabae89bf6896b212244015bb2d29343
/c/mbwt/vision/scraper/tests/test_scrape.py	7217	59203d805d7ed45ca3f4d5d352c5c94e694a80cd
/c/mbwt/vision/scraper/verify_transforms.py	6151	32d7fe05146d0a68552981cfd9cf0acc6fb9a77d
/c/mbwt/vision/tools/make_fixture.py	4474	3246652d28a972d34110123a0aa2d849b3f5dc96
/c/mbwt/wiring-evidence/WIRING_CONFUSION_REPORT.txt	8507	4613c269549523fd55814e265a33db77a587b28c
/c/mbwt/wiring-evidence/cap_fixed.txt	116	dc84915bc0f3f1b4d4f5bd9ccf3ed3d5c43b4fdd
/c/mbwt/wiring-evidence/cap_flagged.txt	186	c0c19115030230e6bc7c57e515a6b4aea659a98c
/c/mbwt/wiring-evidence/captions_full.txt	4566	af9e900aea18b48851e03ff383368c1b6fa3db0f
/c/projects1/ayocin-next-starter/ayocin-next/README.md	636	b0b64c8b838b78b37ab569b77fdd8c0b63ae422a
/c/projects1/ayocin-next-starter/ayocin-next/applayout.tsx	634	b4d055adb12bb79ced47ab31b7d9bfb546e7bef0
/c/projects1/ayocin-next-starter/ayocin-next/apppage.tsx	396	00708f99413ce39357193c859254b7a509893eec
/c/projects1/ayocin-next-starter/ayocin-next/next-env.d.ts	206	4f11a03dc6cc37f2b5105c08f2e7b24c603ab2f4
/c/projects1/ayocin-next-starter/ayocin-next/next.config.mjs	177	ce80145efc728454f02e863095097f1ccfe91dd7
/c/projects1/ayocin-next-starter/ayocin-next/package.json	518	018c8814ab14b30fc54d212d9ec1790d266e3c1e
/c/projects1/ayocin-next-starter/ayocin-next/postcss.config.js	82	33ad091d26d8a9dc95ebdf616e217d985ec215b8
/c/projects1/ayocin-next-starter/ayocin-next/public/assets/assets/css/main.34aef33c831eb5708be0.css	68158	8718e7e8363f55931fda814924f398e5df04786f
/c/projects1/ayocin-next-starter/ayocin-next/public/assets/assets/fonts/3cbcf4c00cce7e569f56.woff2	65612	fe07edea56806d23319269403b4267304fbf93e1
/c/projects1/ayocin-next-starter/ayocin-next/public/assets/assets/fonts/8842733aaf03a79f9c1f.woff2	22704	efb3a488ea5e5ba55028c89055c3e62ce76fdba6
/c/projects1/ayocin-next-starter/ayocin-next/public/assets/assets/fonts/91aef744dcf4160899ac.woff2	66280	0c404ed4adb826a4263a4eb1a7eeb26e85c4a6e9
/c/projects1/ayocin-next-starter/ayocin-next/public/assets/assets/fonts/bdc2e0b04aa3147414c6.woff2	65664	ca770eebb7c71bf8b2bbfba90cd42647c7e8809c
/c/projects1/ayocin-next-starter/ayocin-next/public/assets/assets/js/main.319cd4cd2ea376435fa5.js	257383	d243ab5d4e1cb8a61c7a8230f5fccb27e71a0cc4
/c/projects1/ayocin-next-starter/ayocin-next/public/assets/css/main.34aef33c831eb5708be0.css	68158	8718e7e8363f55931fda814924f398e5df04786f
/c/projects1/ayocin-next-starter/ayocin-next/public/assets/fonts/3cbcf4c00cce7e569f56.woff2	65612	fe07edea56806d23319269403b4267304fbf93e1
/c/projects1/ayocin-next-starter/ayocin-next/public/assets/fonts/8842733aaf03a79f9c1f.woff2	22704	efb3a488ea5e5ba55028c89055c3e62ce76fdba6
/c/projects1/ayocin-next-starter/ayocin-next/public/assets/fonts/91aef744dcf4160899ac.woff2	66280	0c404ed4adb826a4263a4eb1a7eeb26e85c4a6e9
/c/projects1/ayocin-next-starter/ayocin-next/public/assets/fonts/bdc2e0b04aa3147414c6.woff2	65664	ca770eebb7c71bf8b2bbfba90cd42647c7e8809c
/c/projects1/ayocin-next-starter/ayocin-next/public/assets/js/main.319cd4cd2ea376435fa5.js	257383	d243ab5d4e1cb8a61c7a8230f5fccb27e71a0cc4
/c/projects1/ayocin-next-starter/ayocin-next/public/cdn-cgi/scripts/5c5dd728/cloudflare-static/email-decode.min.js	1239	725b7c678f4ee3e7a42d5c449ae9bdd2336b3f27
/c/projects1/ayocin-next-starter/ayocin-next/public/index.html	185501	3e7dc2f46a9fecfd7c68c7d8d5014d007cb6b213
/c/projects1/ayocin-next-starter/ayocin-next/public/manifest.json	631	aa439bca8a567b6afc8d157b3b599b0e95483c92
/c/projects1/ayocin-next-starter/ayocin-next/public/robots.txt	72	eed072179e98ada55c51f4e3cc1141f53fecf0d4
/c/projects1/ayocin-next-starter/ayocin-next/styles/globals.css	127	217587a4ff9b696f403ad45bc0a8da3ba3c1c02b
/c/projects1/ayocin-next-starter/ayocin-next/tailwind.config.js	310	6694dbc255e8bcf02ab680c477570fe7e2f818fe
/c/projects1/ayocin-next-starter/ayocin-next/tsconfig.json	582	ccb2ed95d83251825eab2f3c2400ff909101ec7b
/c/temp/HDJSeriesCPL.txt	335	c3bbb5ad4688fa588491b9581f52f2cedc631951
/c/tmp/2726_comments.txt	5161	0192e292f13475bfae7d9c81859b091ee6b0751f
/c/tmp/b003dbg/_inkmeasure.ass	648	18cdfb3bb428aa4fdd8fdb6f15acfe394a9205ea
/c/tmp/b003dbg/hook.ass	753	1b271aba12b7855a5b117dd60029f164d145bf92
/c/tmp/b003dbg2/_inkmeasure.ass	648	18cdfb3bb428aa4fdd8fdb6f15acfe394a9205ea
/c/tmp/b003dbg2/hook.ass	753	1b271aba12b7855a5b117dd60029f164d145bf92
/c/tmp/bisect_result.txt	928	806d2bb04b3bcf4702175b8b57b4b46c0a50aa19
/c/tmp/bl1554c/route_test.py	3700	848564e3bddd3241f44b6e64b10ff5a36c329e7c
/c/tmp/bl343_gist_payload.json	7527	2b8d4137f5a6ac74447e030e3a9f34ad7e78be00
/c/tmp/bl567.json	10473	dca9cd6ffe7472ddc766d6716ff7c03bd952de85
/c/tmp/cap60.txt	710	f96baf00ff3a68df02118ac0e35414c6022c5722
/c/tmp/fresh.json	3808	72f2952bcc10af29b674b85373657f31f5085d54
/c/tmp/gist_payload.json	17601	41edc8418e124b7a38f47b57c4fc7c69d47b883d
/c/tmp/hooks_table.md	8648	67f5257398bc216fa79baadb0e4b44eaacd3aa46
/c/tmp/leads.json	283	967a7b026e818840ef44e060d98c1cc048283eb9
/c/tmp/marks.json	19831	c13ac2f772b8bf67db94ee5ccbbba0dcb274f687
/c/tmp/next.txt	3	cdb660b8c2ccadcd1c7fdaae9ffbe390d550c422
/c/tmp/page_check.js	8280	d2ffe9d04501d193788a9d52da16c4311cf6953e
/c/tmp/pair.txt	268	a731414d1bd5f8a7621e956910f8a5815b4fe5a8
/c/tmp/part4.md	10810	d457353c9a349a617d6b906026b0483da9dbdd50
/c/tmp/pf.json	216	4a85a7e240e2a9dfde5ab48f3f7971792acab703
/c/tmp/render.prepatch.bak	278053	e2feed724480cf37b59619540fc0a7ac1ac28075
/c/tmp/spend_probe.json	38325	427604563dd019a264e239f1d45d441e986184a4
/c/tmp/wall.json	226527	72fa4502331d8fb7a55c46c18268062269da837a
/c/tmp/wmeas/_inkmeasure.ass	700	baa949ce3001c24925aaa02ca77a858fe9e5fc1f
/c/tmp/x.wav	78	a09e3dab06487d36af9b008661fee64149e055ce
/c/wt/base-build.log	14684	8b9e984b47a6f81253bb39737beade78beff6ef8
/c/wt/bl666-cols.sql	317	a370b9cbe4bb2bc216f2b90a0b182d4016cea580
/c/wt/build-before.log	14659	f079cc938d3a18bade9cef425f28b5909d225964
/c/wt/build1.log	14644	e95861a57a89a002fc3d1a4317f60deaad6f3f9b
/c/wt/build2.log	14678	42f210e82e81784f904457011bc898eb466ec225
/c/wt/build3.log	15543	b85e0b5a3a42efea0303593780d9c62fceffa446
/c/wt/build4.log	14663	1acf1776e5b2773b74385ccce3eaaa144b6b93c1
/c/wt/build646.log	14668	5db6609ac4f9e9c03d64fa2bf81a0ba9b0f80799
/c/wt/build649.log	14658	0852286544b2708f6bcda8c946facd43a807d1d1
/c/wt/build650.log	14674	9f48e2e0f65d7d49e0bc361a03679ba9f2460748
/c/wt/build666.log	4293	8893fa18bab6f5abbe7572d78cfe79259926d0af
/c/wt/build666b.log	14702	81a4f2b60ecd05c808c620b07e8012933d9726f7
/c/wt/build666c.log	14695	9d110aebf734d6ae1f86bb1c9831c96ca98ecd6f
/c/wt/build667.log	14689	03aaaf45bed6ad2bf6faa9e19465c81ed058be26
/c/wt/ci646.log	1593	f3fb72759ee7c118dba7a9bd7e7be1d860e45bc3
/c/wt/ci649.log	1618	7ef12ce2d9a70228978a122db9d023f09bc7dc0c
/c/wt/ci650.log	1618	ea1b7960e16c1afa2f6710ecbf41e41f0f95a20d
/c/wt/ci666.log	1637	a6bfe84546490af6b207a9cb45e1ab128e4cdbc5
/c/wt/ci667.log	1627	f0e9cfd5ebc93a1afc3544115efb924fcd688b3f
/c/wt/gen.log	1003	763003549d05a5c81ca4241806362e70fe03aa3f
/c/wt/gen2.log	389	878afcde3c6108414113e3f8012812125e795e09
/c/wt/gen646.log	413	8986c30823fa51570645f1b040f729c0db4d6eaf
/c/wt/gen649.log	1008	d8e5b44253efe2bfe70657a2e9d8c6b167b56649
/c/wt/gen650.log	1012	bd8efc322fb543756c9ad9d25a1574f76e685807
/c/wt/gen666.log	989	1af1a2424e59a94c55fc36364129e7707399e637
/c/wt/gen667.log	992	d0f5e8557d261db95a48930021b9f9fc190e47ea
/c/wt/measure-bundle.js	1743	325017680c495417e3c4b7c74ea735edd03af4f5
/c/wt/merge-msg.txt	3338	6ee60aac04b027bca7b8c556876acd80429225fd
/c/wt/msg646.txt	2428	029d9ef7e31472a034df09897cf1d6f9060b1c70
/c/wt/msg667.txt	1812	95f93a0a1db2234df8b1e03a5b984d2538ccea42
/c/wt/npmci.log	1616	53c98f0858988284185adedb9541b71ce1ec8623
/c/wt/npmci2.log	1593	95a03f331dc3087161f699c5b8b30d2df452a460
/c/wt/probe-urls.txt	760	11dfeff71d10662576064bae2d55f57f007836ce
/c/wt/probe.mjs	1958	a3e2f391531b65ee801b241b48c3b2fa5b13802e
/c/wt/proof666.ts	3343	d1b50c97b0d4d5d760174b79c5ceef54de956473
/c/wt/proofA.txt	1303	7bf2dcd3561e3288925cb17b279668b00536da63
/c/wt/test1.log	2460	6af5654cd98aadb1cdecb1d02af02f0de21f93b5
/c/wt/test2.log	2585	b5f5788ca571ab15339bc373f5a9b079880590c1
/c/wt/test3.log	2570	4a6dc5bc655c09ca8ffd7023b6331c035fca1d12
/c/wt/test4.log	2576	fbf18105312c4722e733c87de0f387e9f11cd4c0
IN-ZIP zip-contents/ClippersHQ_renders/BL-1241_song04_one_window_20260813.zip/01_drop_4.00s.png	287555	53aa7a4201a972b75bbe278085f1d05256c9eedc
IN-ZIP zip-contents/ClippersHQ_renders/BL-1241_song04_one_window_20260813.zip/05_drop_6.00s.png	171071	89457e5dc21d29ae61ab0db7d530cd07bae2418d
IN-ZIP zip-contents/ClippersHQ_renders/BL-1241_song04_one_window_20260813.zip/06_drop_4.00s.png	267675	ce17f211373ee330a3edd014519af5c14f409f13
IN-ZIP zip-contents/ClippersHQ_renders/BL-1241_song04_one_window_20260813.zip/07_drop_4.00s.png	147746	4405564cd836132b1c92cfcda58512b3ee79b1c7
IN-ZIP zip-contents/ClippersHQ_renders/BL-1241_song04_one_window_20260813.zip/08_drop_5.00s.png	247737	adba7693d979defce0beb8f8c434c44e3c1aa2aa
IN-ZIP zip-contents/ClippersHQ_renders/BL-1241_song04_one_window_20260813.zip/09_drop_7.00s.png	564051	834dff0805822a48f5c1cb0e948e4578534efacd
IN-ZIP zip-contents/ClippersHQ_renders/BL-1241_song04_one_window_20260813.zip/10_drop_1.00s.png	37264	2ffbcdeecfef11ebb902cf5be7eb794ae00cdea4
IN-ZIP zip-contents/ClippersHQ_renders/BL-1241_song04_one_window_20260813.zip/11_drop_10.00s.png	131805	f4bd4f025436d377127c461faf2e6d9c4fb6409c
IN-ZIP zip-contents/ClippersHQ_renders/BL-1241_song04_one_window_20260813.zip/12_drop_4.00s.png	284268	55d3e7c274512800c0683eb1517647d6b80aee98
IN-ZIP zip-contents/ClippersHQ_renders/BL-1241_song04_one_window_20260813.zip/13_drop_9.00s.png	437639	97d7127728c2935f552982de435b3ea142e1dc24
IN-ZIP zip-contents/ClippersHQ_renders/BL-1241_song04_one_window_20260813.zip/15_drop_6.00s.png	733090	b6b85af49c6c2e12ba3231deabfeb113b3438d92
IN-ZIP zip-contents/ClippersHQ_renders/BL-1241_song04_one_window_20260813.zip/16_drop_13.00s.png	710584	8231e51666cc397b9eed2d065aa74244fe71dd4e
IN-ZIP zip-contents/ClippersHQ_renders/BL-1241_song04_one_window_20260813.zip/ink_parity.json	2772	10027021cbaa3cdddcee1be0b92a9a3bce650da2
IN-ZIP zip-contents/ClippersHQ_renders/BL-1241_song04_one_window_20260813.zip/ops.log	3129	02c6a34fb87c065a4fd5bf5e4176774d4a8675b6
IN-ZIP zip-contents/ClippersHQ_renders/BL-1241_song04_one_window_20260813.zip/picture.txt	5698	3c7ed54cebbfd4d79419b881caf04ea8f732d8a1
IN-ZIP zip-contents/ClippersHQ_renders/BL-1241_song04_one_window_20260813.zip/reaches_render.log	1955	40597da20a74b4cc19b40d6997f3ecc729769656
IN-ZIP zip-contents/ClippersHQ_renders/BL-1241_song04_one_window_20260813.zip/README.txt	2006	9ef835a1dd73892ecf5be779338036c2834e3d7b
IN-ZIP zip-contents/ClippersHQ_renders/BL-1241_song04_one_window_20260813.zip/verify.json	19120	c049e455dc2e3a04f4b4ecb5fae000d9c5302de5
IN-ZIP zip-contents/ClippersHQ_renders/BL-1241_song04_one_window_20260813.zip/verify_batch.txt	3184	40864abb402b7cbee865fd0f6811d8bc0a20166a
IN-ZIP zip-contents/ClippersHQ_renders/outputs_bl1241_20260813_151911/outputs_bl1241_20260813_151911.zip/README.md	23683	66ce6edd3d11430335b05ec5770259fee0e4ef92
IN-ZIP zip-contents/ClippersHQ_renders/outputs_bl1245probe_20260813_181651/outputs_bl1245probe_20260813_181651.zip/README.md	2439	b79efdebe215cac81526368443c70ee917dcea58
IN-ZIP zip-contents/ClippersHQ_renders/outputs_paste_20260811_121208/outputs_paste_20260811_121208.zip/README.md	14595	3bab2737586642a426479166d105cd59a461a72a
IN-ZIP zip-contents/ClippersHQ_renders/outputs_paste_20260811_122622/outputs_paste_20260811_122622.zip/README.md	14473	f6a434f7d46b24cd38c82a6b45684bb81425130b
IN-ZIP zip-contents/ClippersHQ_renders/outputs_paste_20260811_153854/outputs_paste_20260811_153854.zip/README.md	16488	5ec294755cbc6f7582faf948b112e50fbc8424c4
IN-ZIP zip-contents/ClippersHQ_renders/outputs_paste_20260811_170434/outputs_paste_20260811_170434.zip/README.md	28656	21e9d1c43db2cda8271bf683d04b9da660620252
IN-ZIP zip-contents/ClippersHQ_renders/outputs_paste_20260811_180119/outputs_paste_20260811_180119.zip/README.md	27782	1726727e4b39c7928857bd9e9c3cd3984d20d3d1
IN-ZIP zip-contents/ClippersHQ_renders/outputs_paste_20260811_221024/outputs_paste_20260811_221024.zip/README.md	27205	fa25dfb509676b1a6bf4d183e34ae5535b63b549
IN-ZIP zip-contents/ClippersHQ_renders/outputs_paste_20260812_120757/outputs_paste_20260812_120757.zip/README.md	4064	e436063567c3c40e4d061413d6672d490d286e2d
IN-ZIP zip-contents/ClippersHQ_renders/outputs_paste_20260812_120757/outputs_paste_20260812_120757.zip/_batch.json	14796	5a0f45d70e7b8e868fc700b50ef1bb588dc1050b
IN-ZIP zip-contents/ClippersHQ_renders/outputs_paste_20260812_141520/outputs_paste_20260812_141520.zip/README.md	28667	b290132e690a1bf0f24f3f5d4aa26830abc663df
IN-ZIP zip-contents/ClippersHQ_renders/outputs_paste_20260812_154819/outputs_paste_20260812_154819.zip/README.md	30847	38b2c76b63a5b126793866273d4aaef0dd8c9c29
IN-ZIP zip-contents/ClippersHQ_renders/outputs_paste_20260812_164104/outputs_paste_20260812_164104.zip/README.md	5939	44860a94d564e211f3596636d82d3dfb67ec0127
IN-ZIP zip-contents/ClippersHQ_renders/outputs_paste_20260812_164435/outputs_paste_20260812_164435.zip/README.md	4180	db62f6ff6468744a314a4e536c16478ce1d4a9fc
IN-ZIP zip-contents/ClippersHQ_renders/outputs_paste_20260812_164827/outputs_paste_20260812_164827.zip/README.md	6728	2b0d61189af5534cb66bfff192aa118cf60d2f6a
IN-ZIP zip-contents/ClippersHQ_renders/outputs_paste_20260812_170819/outputs_paste_20260812_170819.zip/README.md	29944	5ebee5d1bd4f5188ab9ccc5f759b6872730f03d6
IN-ZIP zip-contents/ClippersHQ_renders/outputs_paste_20260813_171405/outputs_paste_20260813_171405.zip/README.md	22600	ebdff234f8139c34452e8a7c5296dc54299f0517
IN-ZIP zip-contents/ClippersHQ_renders/outputs_paste_20260813_180421/outputs_paste_20260813_180421.zip/README.md	17648	87cbaa748e2d72aa23dcedd1bf2c76ac92b3577e
IN-ZIP zip-contents/ClippersHQ_renders/outputs_paste_20260814_184733/outputs_paste_20260814_184733.zip/README.md	23517	ebb5256f2ae3ea58ad3deeb420c3b9c66e304c4a
IN-ZIP zip-contents/ClippersHQ_renders/outputs_paste_20260815_151058/outputs_paste_20260815_151058.zip/README.md	54836	0d7b4014099c5510a4cbabddb877a2245c0ed533
IN-ZIP zip-contents/ClippersHQ_renders/outputs_paste_20260815_bl1286/outputs_paste_20260815_bl1286.zip/README.md	55919	6e61c3f7cf3ac94eb24189348e7dbff78af758dc
IN-ZIP zip-contents/ClippersHQ_renders/outputs_paste_20260815_bl1286_v1_nocover/outputs_paste_20260815_bl1286.zip/README.md	55744	62fed84fec4cf8bc65811ec19d70bbbc101eb1c5
IN-ZIP zip-contents/ClippersHQ_renders/outputs_paste_20260816_145640/outputs_paste_20260816_145640.zip/README.md	16589	a3115d9071a6782c69a2e3cadafa3a714bb7b1df
IN-ZIP zip-contents/ClippersHQ_renders/outputs_paste_20260816_bl1328_all62.zip/_resume.json	95711	c9b5a6aa8a44968519789687dd6740fbadbda614
IN-ZIP zip-contents/ClippersHQ_renders/outputs_paste_20260816_bl1328_Daa9DFBP4Cx/outputs_paste_20260816_bl1328_Daa9DFBP4Cx.zip/README.md	2432	48aae5805f9f9a30fb06e7a6da25f5d3117f0c5b
IN-ZIP zip-contents/ClippersHQ_renders/outputs_paste_20260816_bl1328_DaDlsPVBo_D/outputs_paste_20260816_bl1328_DaDlsPVBo_D.zip/README.md	2317	e11853e70b56d9201df529955d9136984961e685
IN-ZIP zip-contents/ClippersHQ_renders/outputs_paste_20260816_bl1328_DagS5tCBmJ-/outputs_paste_20260816_bl1328_DagS5tCBmJ-.zip/README.md	2479	ca5cf31eb05d1e2ebd505fd0ea4825e5f3a5ebbf
IN-ZIP zip-contents/ClippersHQ_renders/outputs_paste_20260816_bl1328_DalajbzSjXS/outputs_paste_20260816_bl1328_DalajbzSjXS.zip/README.md	2407	e88165a2d3d67eae0b2441faf209ef763dd00412
IN-ZIP zip-contents/ClippersHQ_renders/outputs_paste_20260816_bl1328_DamVhyqk4rN/outputs_paste_20260816_bl1328_DamVhyqk4rN.zip/README.md	2526	f7d78df2cc20e6d9e992d897a37744a10475a523
IN-ZIP zip-contents/ClippersHQ_renders/outputs_paste_20260816_bl1328_DaX7F2yNtNo/outputs_paste_20260816_bl1328_DaX7F2yNtNo.zip/README.md	2072	fb2c07a540ca80ae52dd27cfb81f36a36a40f64f
IN-ZIP zip-contents/ClippersHQ_renders/outputs_paste_20260816_bl1328_Db04yk8sqjf/outputs_paste_20260816_bl1328_Db04yk8sqjf.zip/README.md	1724	ee1bccb4e4ef45e5541500d8b7bb9e90d5f495d0
IN-ZIP zip-contents/ClippersHQ_renders/outputs_paste_20260816_bl1328_DbDTFN1prH4/outputs_paste_20260816_bl1328_DbDTFN1prH4.zip/README.md	2599	e198861ae1a39acd6b5b12fa4c7a18654fece9a2
IN-ZIP zip-contents/ClippersHQ_renders/outputs_paste_20260816_bl1328_DbHm1n9MuM8/outputs_paste_20260816_bl1328_DbHm1n9MuM8.zip/README.md	2349	8a301a363b88937127fc39345180eff28495f2d1
IN-ZIP zip-contents/ClippersHQ_renders/outputs_paste_20260816_bl1328_DblWOFBox54/outputs_paste_20260816_bl1328_DblWOFBox54.zip/README.md	2324	7f2c62a937708a23a3e847203067edc13b865222
IN-ZIP zip-contents/ClippersHQ_renders/outputs_paste_20260816_bl1328_DbMLBm3TCTg/outputs_paste_20260816_bl1328_DbMLBm3TCTg.zip/README.md	2239	f06c36988616ad198f4c525509f6b0809ea7e849
IN-ZIP zip-contents/ClippersHQ_renders/outputs_paste_20260816_bl1328_DboLbB2y49Y/outputs_paste_20260816_bl1328_DboLbB2y49Y.zip/README.md	2329	89196b8be64a5c66a9dac88c1deab6104ca2a18e
IN-ZIP zip-contents/ClippersHQ_renders/outputs_paste_20260816_bl1328_Dbov5RiEbHP/outputs_paste_20260816_bl1328_Dbov5RiEbHP.zip/README.md	2588	0a07cedc1a0fc4bb5cb6c5ba2ea2d74ba7023546
IN-ZIP zip-contents/ClippersHQ_renders/outputs_paste_20260816_bl1328_DbtMMh2v0yJ/outputs_paste_20260816_bl1328_DbtMMh2v0yJ.zip/README.md	2503	0d6052a6420b5ac0869ced5285917e84437dd3a0
IN-ZIP zip-contents/ClippersHQ_renders/outputs_paste_20260816_bl1328_Dbv-dLFPyrT/outputs_paste_20260816_bl1328_Dbv-dLFPyrT.zip/README.md	2370	32f81ab8d9a1a53d60127e7b9fed1298f755e3db
IN-ZIP zip-contents/ClippersHQ_renders/outputs_paste_20260816_bl1328_DbVVbLriLcH/outputs_paste_20260816_bl1328_DbVVbLriLcH.zip/README.md	2681	c255c382e028abf630384062833bfc0096313d9e
IN-ZIP zip-contents/ClippersHQ_renders/outputs_paste_20260816_bl1328_DbYO4D0RxCH/outputs_paste_20260816_bl1328_DbYO4D0RxCH.zip/README.md	2451	79e239f964f8c0967b2bbc11949997db36177636
IN-ZIP zip-contents/ClippersHQ_renders/outputs_paste_20260816_bl1328_DbzJDaxsBPN/outputs_paste_20260816_bl1328_DbzJDaxsBPN.zip/README.md	2388	72deaf31802255cea9ae8e58e4b11b926aa0cc12
IN-ZIP zip-contents/ClippersHQ_renders/outputs_paste_20260816_bl1328_Db_FHn7BdWy/outputs_paste_20260816_bl1328_Db_FHn7BdWy.zip/README.md	1723	44c4de075611b7c21dea0237eba4a7b6ae5e9665
IN-ZIP zip-contents/ClippersHQ_renders/outputs_paste_20260816_bl1328_DcBHVL2xZFX/outputs_paste_20260816_bl1328_DcBHVL2xZFX.zip/README.md	2676	a6f60139164ef61ca96c4133f06a601f44b9969f
IN-ZIP zip-contents/ClippersHQ_renders/outputs_paste_20260816_bl1328_DcCiRUtByYU/outputs_paste_20260816_bl1328_DcCiRUtByYU.zip/README.md	2401	cc1def85ec1710ffe57838fe9ba00aad36946679
IN-ZIP zip-contents/ClippersHQ_renders/outputs_paste_20260816_bl1328_DcDH9dyzeTA/outputs_paste_20260816_bl1328_DcDH9dyzeTA.zip/README.md	2436	d441bdfae1c7c16df5d8c92bd226af5061fa5d57
IN-ZIP zip-contents/ClippersHQ_renders/outputs_paste_20260816_bl1328_DVIoT7UguGk/outputs_paste_20260816_bl1328_DVIoT7UguGk.zip/README.md	2385	71deb7176285f491759c241884a3d9fa167b457a
IN-ZIP zip-contents/ClippersHQ_renders/outputs_paste_20260816_bl1328_DVpUY5dk8Sv/outputs_paste_20260816_bl1328_DVpUY5dk8Sv.zip/README.md	2190	b448a8bc59f6ed45dc5c2490b31cd677ff5faf91
IN-ZIP zip-contents/ClippersHQ_renders/outputs_paste_20260816_bl1328_DVUjllKjeFp/outputs_paste_20260816_bl1328_DVUjllKjeFp.zip/README.md	2357	eaa01a1cf01382a3600b2981b9955b62537e00de
IN-ZIP zip-contents/ClippersHQ_renders/outputs_paste_20260816_bl1328_DVZd0QXgeoM/outputs_paste_20260816_bl1328_DVZd0QXgeoM.zip/README.md	1723	ea0ae7c3f2248353fad481a71a38163c65532121
IN-ZIP zip-contents/ClippersHQ_renders/outputs_paste_20260816_bl1328_DXVM_GckzZB/outputs_paste_20260816_bl1328_DXVM_GckzZB.zip/README.md	1724	e8804a1d6515290c66751f0f3f173718dc9ab134
IN-ZIP zip-contents/ClippersHQ_renders/outputs_paste_20260816_bl1328_DYcuDT1Bgls/outputs_paste_20260816_bl1328_DYcuDT1Bgls.zip/README.md	2267	3407b38c063421135fb3b1817f33ee5cf716afa2
IN-ZIP zip-contents/ClippersHQ_renders/outputs_paste_20260816_bl1328_DYhMUZLNPzq/outputs_paste_20260816_bl1328_DYhMUZLNPzq.zip/README.md	2374	e9c0f81fa0c96c1f886a7577e4ebf2a81b751b0b
IN-ZIP zip-contents/ClippersHQ_renders/outputs_paste_20260816_bl1328_DYm7dqEzYRu/outputs_paste_20260816_bl1328_DYm7dqEzYRu.zip/README.md	2010	be95a764486af6caf079164c7d8199fc12b9d59a
IN-ZIP zip-contents/ClippersHQ_renders/outputs_paste_20260816_bl1328_DYoy1QVy_bb/outputs_paste_20260816_bl1328_DYoy1QVy_bb.zip/README.md	1724	92ea30d2c1a698c81e479e6bd24f0dbb47a338f7
IN-ZIP zip-contents/ClippersHQ_renders/outputs_paste_20260816_bl1328_DZjbVmjBVsg/outputs_paste_20260816_bl1328_DZjbVmjBVsg.zip/README.md	2357	5c7be2b6e67a128d8588a71aa9c1efe29b41d392
IN-ZIP zip-contents/ClippersHQ_renders/outputs_paste_20260816_bl1328_DZNYsVOiZDu/outputs_paste_20260816_bl1328_DZNYsVOiZDu.zip/README.md	2422	362be7ea8fc652a6ee0510afea27ce0408303ae7
IN-ZIP zip-contents/ClippersHQ_renders/outputs_paste_20260816_bl1328_DZP4JNrpwtg/outputs_paste_20260816_bl1328_DZP4JNrpwtg.zip/README.md	2563	f2efdf54e6e47874ecfb80dbf4a8320167eece40
IN-ZIP zip-contents/ClippersHQ_renders/outputs_paste_20260816_bl1328_DZvWgGWRPNQ/outputs_paste_20260816_bl1328_DZvWgGWRPNQ.zip/README.md	2415	7b7256da5fb3e2254b2ffa77c3da25079147d92a
IN-ZIP zip-contents/ClippersHQ_renders/outputs_paste_20260820_bl1354.zip/README.md	57388	814c8f13e00e61628f53f90411005e2bde300239
IN-ZIP zip-contents/ClippersHQ_renders/outputs_paste_20260820_bl1354.zip/_resume.json	77803	303e5351460b85fbbad186b55cbe8fc62ca283c8
IN-ZIP zip-contents/ClippersHQ_renders/outputs_paste_20260820_bl1354_Db-uSdtoK8Z/outputs_paste_20260820_bl1352_Db-uSdtoK8Z.zip/README.md	2462	5845608fff2fc17e9db11e6520e799e868250059
IN-ZIP zip-contents/ClippersHQ_renders/outputs_paste_20260820_bl1354_Db7Uol5t4It/outputs_paste_20260820_bl1352_Db7Uol5t4It.zip/README.md	2164	dfbfcae7f6eb3cd868efba640668016c3cbeb5a8
IN-ZIP zip-contents/ClippersHQ_renders/outputs_paste_20260820_bl1354_DbJazZkhbSX/outputs_paste_20260820_bl1352_DbJazZkhbSX.zip/README.md	2394	7e53dfd6e69424edaac31204da38ef68ceff9cad
IN-ZIP zip-contents/ClippersHQ_renders/outputs_paste_20260820_bl1354_DbtSRi5Mz42/outputs_paste_20260820_bl1352_DbtSRi5Mz42.zip/README.md	2216	c4f54148b07e9c58ea79259aff8cea621df973c6
IN-ZIP zip-contents/ClippersHQ_renders/outputs_paste_20260820_bl1354_DbuKhWKynNc/outputs_paste_20260820_bl1352_DbuKhWKynNc.zip/README.md	1986	7805160dee5620cce48b92e8be664b1d7166abab
IN-ZIP zip-contents/ClippersHQ_renders/outputs_paste_20260820_bl1354_DbvkpSZP8Xs/outputs_paste_20260820_bl1352_DbvkpSZP8Xs.zip/README.md	2424	fa00e41b98a033579592f0c935a9d0bfa75a51f3
IN-ZIP zip-contents/ClippersHQ_renders/outputs_paste_20260820_bl1354_DcJJq8DvfGY/outputs_paste_20260820_bl1352_DcJJq8DvfGY.zip/README.md	2345	151551387ce74847c7b287ce709c9d3576187824
IN-ZIP zip-contents/ClippersHQ_renders/outputs_paste_20260820_bl1354_DcKZyngomkz/outputs_paste_20260820_bl1352_DcKZyngomkz.zip/README.md	2557	cbf30cf579da7eb0c118e51b742c84b9a21d07a9
IN-ZIP zip-contents/ClippersHQ_renders/outputs_paste_20260820_bl1354_DcMbpi3s0sY/outputs_paste_20260820_bl1352_DcMbpi3s0sY.zip/README.md	2305	01a6a359a65cdd98d52c37e0a6f22a7963a31745
IN-ZIP zip-contents/ClippersHQ_renders/outputs_paste_20260820_bl1354_DcMGSgPAPQb/outputs_paste_20260820_bl1352_DcMGSgPAPQb.zip/README.md	2291	57513834485f4b269b614417c1a972b412be3301
IN-ZIP zip-contents/ClippersHQ_renders/outputs_paste_20260820_bl1354_DcMQG2VPLVt/outputs_paste_20260820_bl1352_DcMQG2VPLVt.zip/README.md	2302	f3f75bc6b8f8a3d9ee415939fcfa5f65397adedb
IN-ZIP zip-contents/ClippersHQ_renders/outputs_paste_20260820_bl1354_DcMRUjyPrDT/outputs_paste_20260820_bl1352_DcMRUjyPrDT.zip/README.md	2565	4ec6558e1f914527b9eb2c798aea517e9f795fbc
IN-ZIP zip-contents/ClippersHQ_renders/outputs_paste_20260820_bl1354_DcMr_PxTxzG/outputs_paste_20260820_bl1352_DcMr_PxTxzG.zip/README.md	2141	6de3370e36d4f837616ed431629af5d168aa332c
IN-ZIP zip-contents/ClippersHQ_renders/outputs_paste_20260820_bl1354_DcMsb4Hz-y6/outputs_paste_20260820_bl1352_DcMsb4Hz-y6.zip/README.md	2263	8eea8d8bda0789866b34a16eeed165779495dab8
IN-ZIP zip-contents/ClippersHQ_renders/outputs_paste_20260820_bl1354_DcOgUOJvTov/outputs_paste_20260820_bl1352_DcOgUOJvTov.zip/README.md	2211	88ae3201597434bb7776aa327dfb7ac184e9ef96
IN-ZIP zip-contents/ClippersHQ_renders/outputs_paste_20260820_bl1354_DcOjBYdMaQz/outputs_paste_20260820_bl1352_DcOjBYdMaQz.zip/README.md	2287	3b10ab89182c22847cd98a1bfa2f172947afcebf
IN-ZIP zip-contents/ClippersHQ_renders/outputs_paste_20260820_bl1354_DcOngbjP8gx/outputs_paste_20260820_bl1352_DcOngbjP8gx.zip/README.md	2271	820428281ead95288db2e3389f6579df46b6db2f
IN-ZIP zip-contents/ClippersHQ_renders/outputs_paste_20260820_bl1354_DcOSe_0Iuxj/outputs_paste_20260820_bl1352_DcOSe_0Iuxj.zip/README.md	2242	0b62c95635eb42fdec6afcae20f5b300356772ee
IN-ZIP zip-contents/ClippersHQ_renders/outputs_paste_20260820_bl1354_DcOYIl-P6_E/outputs_paste_20260820_bl1352_DcOYIl-P6_E.zip/README.md	2248	09b2ccbd973f729063649e25dc035f0ffd2a7b2b
IN-ZIP zip-contents/ClippersHQ_renders/outputs_paste_20260820_bl1354_DcOZM4ypaRy/outputs_paste_20260820_bl1352_DcOZM4ypaRy.zip/README.md	2197	cd9ff2953ec144eb2b0638f35c20d55b74e67977
IN-ZIP zip-contents/ClippersHQ_renders/outputs_paste_20260820_bl1354_DcOZtiKNflC/outputs_paste_20260820_bl1352_DcOZtiKNflC.zip/README.md	2306	29ad1b67846fcc1456f1f67d5adff98471261cf1
IN-ZIP zip-contents/ClippersHQ_renders/outputs_paste_20260820_bl1354_DcP35JgRj32/outputs_paste_20260820_bl1352_DcP35JgRj32.zip/README.md	2219	32799e3e429d9aa67a3508d03f9a0127088fc215
IN-ZIP zip-contents/ClippersHQ_renders/outputs_paste_20260820_bl1354_DcQ3O64CY1p/outputs_paste_20260820_bl1352_DcQ3O64CY1p.zip/README.md	2375	cc656bd26fd7499e17ede64a2120fbbcb3b46214
IN-ZIP zip-contents/ClippersHQ_renders/outputs_paste_20260820_bl1354_DcQ5aPCzmVT/outputs_paste_20260820_bl1352_DcQ5aPCzmVT.zip/README.md	2236	5353985ec940edc3f75490709ff6e89964a939be
IN-ZIP zip-contents/ClippersHQ_renders/outputs_paste_20260820_bl1354_DcQ9ePrIIE4/outputs_paste_20260820_bl1352_DcQ9ePrIIE4.zip/README.md	2357	dd0fda301a86dc2549fbae1de6cf6219070a3298
IN-ZIP zip-contents/ClippersHQ_renders/outputs_paste_20260820_bl1354_DVQ_t_QE9Sr/outputs_paste_20260820_bl1352_DVQ_t_QE9Sr.zip/README.md	2646	9cf1b9eda745bfc43df66a847f9521c9c3b28224
IN-ZIP zip-contents/ClippersHQ_renders/outputs_paste_20260820_bl1354_DXmp4aIjx7K/outputs_paste_20260820_bl1352_DXmp4aIjx7K.zip/README.md	2584	2589721801234199354a05b2290ebf463a361f64
IN-ZIP zip-contents/ClippersHQ_renders/outputs_paste_20260820_bl1354_DXn-AbxgLqy/outputs_paste_20260820_bl1352_DXn-AbxgLqy.zip/README.md	2228	1556f081009948f6be3da58c4264750696b4221d
IN-ZIP zip-contents/ClippersHQ_renders/outputs_paste_20260820_bl1354_DYXhyfvR9EU/outputs_paste_20260820_bl1352_DYXhyfvR9EU.zip/README.md	2459	1185cb9e498d7f3281bce6d36ade19092d0dce71
IN-ZIP zip-contents/ClippersHQ_renders/outputs_paste_20260820_bl1354_DZFmoefI2xi/outputs_paste_20260820_bl1352_DZFmoefI2xi.zip/README.md	2278	f95b51beb45dcbd65ca2e6f33a2affe6405e08cb
IN-ZIP zip-contents/ClippersHQ_renders/outputs_paste_20260820_bl1354_DZR24cqhS7i/outputs_paste_20260820_bl1352_DZR24cqhS7i.zip/README.md	2421	8c4aab497acaa6464eb214f5dcf21c019e0058f3
IN-ZIP zip-contents/ClippersHQ_renders/outputs_paste_20260820_bl1354_DZZuMOmOj9r/outputs_paste_20260820_bl1352_DZZuMOmOj9r.zip/README.md	2243	678d22aca0e699f1b5430ea0b7ee933acf5cdeb7
IN-ZIP zip-contents/ClippersHQ_renders/outputs_paste_20260825_153512/outputs_paste_20260825_153512.zip/README.md	3459	4b22fe2455015d453ce6c75b33a264409d9da6fd
IN-ZIP zip-contents/ClippersHQ_renders/outputs_paste_20260825_154328/outputs_paste_20260825_154328.zip/README.md	3459	8585fb8c4890c2acb94f05570fb091688725f7d4
IN-ZIP zip-contents/ClippersHQ_renders/outputs_paste_20260825_bl1405.zip/README.md	57766	612e392984446d91b2393df0f97fb4bbba3fa698
IN-ZIP zip-contents/ClippersHQ_renders/outputs_paste_20260825_bl1405.zip/_resume.json	76679	d84316ab8822688f3d74800b561f8e479f07ed12
IN-ZIP zip-contents/ClippersHQ_renders/outputs_paste_20260825_bl1405_DaBQvnuTkV3/outputs_paste_20260825_bl1405_DaBQvnuTkV3.zip/README.md	2323	5b259c2626eb0dab3a9c876ab37ea67210065859
IN-ZIP zip-contents/ClippersHQ_renders/outputs_paste_20260825_bl1405_DaK8cFSNDbm/outputs_paste_20260825_bl1405_DaK8cFSNDbm.zip/README.md	2458	178808b0997f7288fa2dd34ba7f74617dc32a9e0
IN-ZIP zip-contents/ClippersHQ_renders/outputs_paste_20260825_bl1405_DcBPKIyM1gN/outputs_paste_20260825_bl1405_DcBPKIyM1gN.zip/README.md	2417	3f9e546b7067a9947bd7a35b8559c6dcc23938dd
IN-ZIP zip-contents/ClippersHQ_renders/outputs_paste_20260825_bl1405_DcJWIBryfwl/outputs_paste_20260825_bl1405_DcJWIBryfwl.zip/README.md	2433	24a757abf912737871009ed0aa5a588c9e882a3e
IN-ZIP zip-contents/ClippersHQ_renders/outputs_paste_20260825_bl1405_DcOXS8GvUFa/outputs_paste_20260825_bl1405_DcOXS8GvUFa.zip/README.md	2353	e4d42fac53446cc4a4cefc0f33037364fe473687
IN-ZIP zip-contents/ClippersHQ_renders/outputs_paste_20260825_bl1405_DcT8BHovkZw/outputs_paste_20260825_bl1405_DcT8BHovkZw.zip/README.md	2249	9379591cbf2f9b9ac0ef262bf76e42452bf18e5b
IN-ZIP zip-contents/ClippersHQ_renders/outputs_paste_20260825_bl1405_DcY2cIGPUVd/outputs_paste_20260825_bl1405_DcY2cIGPUVd.zip/README.md	2417	074ad37c5f5ec9dc262645b55427eb00dc01e6af
IN-ZIP zip-contents/ClippersHQ_renders/outputs_paste_20260825_bl1405_DcY2T11sQu6/outputs_paste_20260825_bl1405_DcY2T11sQu6.zip/README.md	2606	61e9892a8ab1d8cb86ebed128bc40c876ca89a90
IN-ZIP zip-contents/ClippersHQ_renders/outputs_paste_20260825_bl1405_DcZJYzJPi9w/outputs_paste_20260825_bl1405_DcZJYzJPi9w.zip/README.md	2289	2c37bba757d750e3fc6fe3f18aaf85c0de2419a7
IN-ZIP zip-contents/ClippersHQ_renders/outputs_paste_20260825_bl1405_DVfvm21Dku0/outputs_paste_20260825_bl1405_DVfvm21Dku0.zip/README.md	1988	cb68cbb2eee176641873d47c5e0519b5bb79972d
IN-ZIP zip-contents/ClippersHQ_renders/outputs_paste_20260825_bl1405_DVZM6yDCMyE/outputs_paste_20260825_bl1405_DVZM6yDCMyE.zip/README.md	2460	363730dbef99b3eab64ed86106158cdf247321ef
IN-ZIP zip-contents/ClippersHQ_renders/outputs_paste_20260825_bl1405_DW1A_lRDABr/outputs_paste_20260825_bl1405_DW1A_lRDABr.zip/README.md	2249	516345df99b5211675ddbad3993f3b9d817c772f
IN-ZIP zip-contents/ClippersHQ_renders/outputs_paste_20260825_bl1405_DWwnJ7BEpDX/outputs_paste_20260825_bl1405_DWwnJ7BEpDX.zip/README.md	2515	64e07aed13819ecf4b556a9896f024a0bb927262
IN-ZIP zip-contents/ClippersHQ_renders/outputs_paste_20260825_bl1405_DX4QwcnTbjn/outputs_paste_20260825_bl1405_DX4QwcnTbjn.zip/README.md	2343	191ae92370bb120bd5cd12e62ecc6ec7ed0c998e
IN-ZIP zip-contents/ClippersHQ_renders/outputs_paste_20260825_bl1405_DXMB9kcgEat/outputs_paste_20260825_bl1405_DXMB9kcgEat.zip/README.md	2244	f1d2103b70cdfc68c099d047095c86296dbf89e5
IN-ZIP zip-contents/ClippersHQ_renders/outputs_paste_20260825_bl1405_DXnV5uzEkZL/outputs_paste_20260825_bl1405_DXnV5uzEkZL.zip/README.md	2253	2c2c417ca42c9e173ce90bc36901b24a26b80f85
IN-ZIP zip-contents/ClippersHQ_renders/outputs_paste_20260825_bl1405_DY2pgiMuwXX/outputs_paste_20260825_bl1405_DY2pgiMuwXX.zip/README.md	2407	b57ebe53ca87f3836a6b1e9c699e7b2ed86451f0
IN-ZIP zip-contents/ClippersHQ_renders/outputs_paste_20260825_bl1405_DY91hZ8SSRE/outputs_paste_20260825_bl1405_DY91hZ8SSRE.zip/README.md	2409	e86938da54d2f1bbd5245357b851f7b74bdfe8ab
IN-ZIP zip-contents/ClippersHQ_renders/outputs_paste_20260825_bl1405_DYM7c5Ph85R/outputs_paste_20260825_bl1405_DYM7c5Ph85R.zip/README.md	2310	977bf9aebde055571209fd0d1c0ffac47369dbba
IN-ZIP zip-contents/ClippersHQ_renders/outputs_paste_20260825_bl1405_DYqi6n9IcY0/outputs_paste_20260825_bl1405_DYqi6n9IcY0.zip/README.md	2239	7739a79887230c163a192b499aa79125226a8ebf
IN-ZIP zip-contents/ClippersHQ_renders/outputs_paste_20260825_bl1405_DYUc5uSySjU/outputs_paste_20260825_bl1405_DYUc5uSySjU.zip/README.md	2216	5010209150b1829349308c651d07e2ee266de2f4
IN-ZIP zip-contents/ClippersHQ_renders/outputs_paste_20260825_bl1405_DYzvp53ukO2/outputs_paste_20260825_bl1405_DYzvp53ukO2.zip/README.md	2461	d959c829659e0ac8efbb54d9eceb0ad9be56532c
IN-ZIP zip-contents/ClippersHQ_renders/outputs_paste_20260825_bl1405_DYzWu1ht9NE/outputs_paste_20260825_bl1405_DYzWu1ht9NE.zip/README.md	2299	49599c81ab63d4bfdc4397b141b7c82d998021c1
IN-ZIP zip-contents/ClippersHQ_renders/outputs_paste_20260825_bl1405_DZ1he2sSACF/outputs_paste_20260825_bl1405_DZ1he2sSACF.zip/README.md	2745	a7d4fb38a9bd91b32a6772ffc84f9e9be42a940f
IN-ZIP zip-contents/ClippersHQ_renders/outputs_paste_20260825_bl1405_DZaUyhVkn42/outputs_paste_20260825_bl1405_DZaUyhVkn42.zip/README.md	2339	f0cf09d7389d1595cd43afc7ede2b8ca4f657890
IN-ZIP zip-contents/ClippersHQ_renders/outputs_paste_20260825_bl1405_DZfNJz4te2w/outputs_paste_20260825_bl1405_DZfNJz4te2w.zip/README.md	2430	543922c5bd6c556adbd8460c30cb9ba18d704384
IN-ZIP zip-contents/ClippersHQ_renders/outputs_paste_20260825_bl1405_DZoOmVLvGrO/outputs_paste_20260825_bl1405_DZoOmVLvGrO.zip/README.md	2394	b5961ebd6c791aa01d54eb97880869ff5d5bf249
IN-ZIP zip-contents/ClippersHQ_renders/outputs_paste_20260825_bl1405_DZQV3imlVmy/outputs_paste_20260825_bl1405_DZQV3imlVmy.zip/README.md	2284	4b6bd2f570673b34a0f65c531136811210e4e708
IN-ZIP zip-contents/ClippersHQ_renders/outputs_paste_20260825_bl1405_DZsX0CFTpJc/outputs_paste_20260825_bl1405_DZsX0CFTpJc.zip/README.md	2253	89ee433f7a63b26a36d1ac2ccbc06381f9eb3fae
IN-ZIP zip-contents/ClippersHQ_renders/outputs_paste_20260825_bl1405_DZu1b5pPEGy/outputs_paste_20260825_bl1405_DZu1b5pPEGy.zip/README.md	2362	80ae6e5de13a6b4ebfe0e93e9c01c560daf4a66a
IN-ZIP zip-contents/ClippersHQ_renders/outputs_paste_20260825_bl1408_original.zip/README.md	28260	4f78c55cbb2d85004ac2f784a3e345a1e7a81b76
IN-ZIP zip-contents/ClippersHQ_renders/outputs_paste_20260825_bl1408_original.zip/_resume.json	104353	12e69e3b2aae4b6c214f96f3603fdca38425d38f
IN-ZIP zip-contents/ClippersHQ_renders/outputs_paste_20260825_bl1408_original_DaBQvnuTkV3/outputs_paste_20260825_bl1408_original_DaBQvnuTkV3.zip/README.md	2505	c6973b63ab8d2145adaea914f452fce63cde0193
IN-ZIP zip-contents/ClippersHQ_renders/outputs_paste_20260825_bl1408_original_DaK8cFSNDbm/outputs_paste_20260825_bl1408_original_DaK8cFSNDbm.zip/README.md	2640	872fe8301546a1c8d6cc06c4bd2bd5838afc9370
IN-ZIP zip-contents/ClippersHQ_renders/outputs_paste_20260825_bl1408_original_DcBPKIyM1gN/outputs_paste_20260825_bl1408_original_DcBPKIyM1gN.zip/README.md	2599	3f56fcabec58862298823a6fe485fb7190ba5f74
IN-ZIP zip-contents/ClippersHQ_renders/outputs_paste_20260825_bl1408_original_DcJWIBryfwl/outputs_paste_20260825_bl1408_original_DcJWIBryfwl.zip/README.md	2615	fc7527eb94c09d18abaa42105127586e7368a692
IN-ZIP zip-contents/ClippersHQ_renders/outputs_paste_20260825_bl1408_original_DcOXS8GvUFa/outputs_paste_20260825_bl1408_original_DcOXS8GvUFa.zip/README.md	2334	7f536ba56f2502cfd400f156a2bf1d196fc9465b
IN-ZIP zip-contents/ClippersHQ_renders/outputs_paste_20260825_bl1408_original_DcT8BHovkZw/outputs_paste_20260825_bl1408_original_DcT8BHovkZw.zip/README.md	2431	0cf825a760e80e37ccfc75007b1614d756b1998c
IN-ZIP zip-contents/ClippersHQ_renders/outputs_paste_20260825_bl1408_original_DcY2cIGPUVd/outputs_paste_20260825_bl1408_original_DcY2cIGPUVd.zip/README.md	2599	d6e643bb1a3ec4d2d160033b62ba4fb869586e3d
IN-ZIP zip-contents/ClippersHQ_renders/outputs_paste_20260825_bl1408_original_DcY2T11sQu6/outputs_paste_20260825_bl1408_original_DcY2T11sQu6.zip/README.md	2788	a10091d408a69aefa21aa98686d0b2f6a13e2901
IN-ZIP zip-contents/ClippersHQ_renders/outputs_paste_20260825_bl1408_original_DcZJYzJPi9w/outputs_paste_20260825_bl1408_original_DcZJYzJPi9w.zip/README.md	2471	469650ed51fd021c8ea2c04aa4a2af393a3268a0
IN-ZIP zip-contents/ClippersHQ_renders/outputs_paste_20260825_bl1408_original_DVfvm21Dku0/outputs_paste_20260825_bl1408_original_DVfvm21Dku0.zip/README.md	2170	164bf4bb2b4bcd9c74f6ad2ef61838203ad6b57d
IN-ZIP zip-contents/ClippersHQ_renders/outputs_paste_20260825_bl1408_original_DVZM6yDCMyE/outputs_paste_20260825_bl1408_original_DVZM6yDCMyE.zip/README.md	2642	bf8288a2afd376e89651f6aab600f60084628848
IN-ZIP zip-contents/ClippersHQ_renders/outputs_paste_20260825_bl1408_original_DW1A_lRDABr/outputs_paste_20260825_bl1408_original_DW1A_lRDABr.zip/README.md	2431	fab498d67e1b21828fb2afa51e9a30cf769c8d2c
IN-ZIP zip-contents/ClippersHQ_renders/outputs_paste_20260825_bl1408_original_DWwnJ7BEpDX/outputs_paste_20260825_bl1408_original_DWwnJ7BEpDX.zip/README.md	2697	f20e21eb1a5fa6cc40f7d0bcc172bf4255854366
IN-ZIP zip-contents/ClippersHQ_renders/outputs_paste_20260825_bl1408_original_DX4QwcnTbjn/outputs_paste_20260825_bl1408_original_DX4QwcnTbjn.zip/README.md	2525	b8a75434c1dae76d7049bab8ecc3a4f536c12538
IN-ZIP zip-contents/ClippersHQ_renders/outputs_paste_20260825_bl1408_original_DXMB9kcgEat/outputs_paste_20260825_bl1408_original_DXMB9kcgEat.zip/README.md	2426	2e85cd9c5c2f9a9f0f273868c7bccffa1ce35580
IN-ZIP zip-contents/ClippersHQ_renders/outputs_paste_20260825_bl1408_original_DXnV5uzEkZL/outputs_paste_20260825_bl1408_original_DXnV5uzEkZL.zip/README.md	2435	f8583652b224d4074aa27a244b3de172fd36ae17
IN-ZIP zip-contents/ClippersHQ_renders/outputs_paste_20260825_bl1408_original_DY2pgiMuwXX/outputs_paste_20260825_bl1408_original_DY2pgiMuwXX.zip/README.md	2589	d6dd486ba7e4be7e1ad9f7df4acd63fa0802d759
IN-ZIP zip-contents/ClippersHQ_renders/outputs_paste_20260825_bl1408_original_DY91hZ8SSRE/outputs_paste_20260825_bl1408_original_DY91hZ8SSRE.zip/README.md	2591	0510ed1b5b1a624e81402f6bcc5cd7a410f2086a
IN-ZIP zip-contents/ClippersHQ_renders/outputs_paste_20260825_bl1408_original_DYM7c5Ph85R/outputs_paste_20260825_bl1408_original_DYM7c5Ph85R.zip/README.md	2493	07fc696cb0f28b1dba8f31190544bf105fc2bd2d
IN-ZIP zip-contents/ClippersHQ_renders/outputs_paste_20260825_bl1408_original_DYqi6n9IcY0/outputs_paste_20260825_bl1408_original_DYqi6n9IcY0.zip/README.md	2421	54b718f47f6a4d41815ce506b9ea7f05115e4d56
IN-ZIP zip-contents/ClippersHQ_renders/outputs_paste_20260825_bl1408_original_DYUc5uSySjU/outputs_paste_20260825_bl1408_original_DYUc5uSySjU.zip/README.md	2398	5715d72f777b64437eb1c6329bdf6a78940b982e
IN-ZIP zip-contents/ClippersHQ_renders/outputs_paste_20260825_bl1408_original_DYzvp53ukO2/outputs_paste_20260825_bl1408_original_DYzvp53ukO2.zip/README.md	2643	ce4f032f8404f9e246de0e2c215f3a1c164c9a38
IN-ZIP zip-contents/ClippersHQ_renders/outputs_paste_20260825_bl1408_original_DYzWu1ht9NE/outputs_paste_20260825_bl1408_original_DYzWu1ht9NE.zip/README.md	2481	429f948db119cb7d7fbddab5c16809a471f8b9c3
IN-ZIP zip-contents/ClippersHQ_renders/outputs_paste_20260825_bl1408_original_DZ1he2sSACF/outputs_paste_20260825_bl1408_original_DZ1he2sSACF.zip/README.md	2927	12fed6a4f9b6dc98e9108ccf529fdb1335eab2c8
IN-ZIP zip-contents/ClippersHQ_renders/outputs_paste_20260825_bl1408_original_DZaUyhVkn42/outputs_paste_20260825_bl1408_original_DZaUyhVkn42.zip/README.md	2521	2b6483e63db0492d393aadbfd61ae69a4b17dbb2
IN-ZIP zip-contents/ClippersHQ_renders/outputs_paste_20260825_bl1408_original_DZfNJz4te2w/outputs_paste_20260825_bl1408_original_DZfNJz4te2w.zip/README.md	2612	dc8bb95b4d5ff5a2660774b59df9ee464eabede8
IN-ZIP zip-contents/ClippersHQ_renders/outputs_paste_20260825_bl1408_original_DZoOmVLvGrO/outputs_paste_20260825_bl1408_original_DZoOmVLvGrO.zip/README.md	2576	d87f45563af636beb86d409561a29ccce132655f
IN-ZIP zip-contents/ClippersHQ_renders/outputs_paste_20260825_bl1408_original_DZQV3imlVmy/outputs_paste_20260825_bl1408_original_DZQV3imlVmy.zip/README.md	2466	b9f9d6a8d29ddc07162a3f1157909272d1f68c95
IN-ZIP zip-contents/ClippersHQ_renders/outputs_paste_20260825_bl1408_original_DZsX0CFTpJc/outputs_paste_20260825_bl1408_original_DZsX0CFTpJc.zip/README.md	2435	4b5c6ad7723fff1ef67778da60f00e82d32b17c1
IN-ZIP zip-contents/ClippersHQ_renders/outputs_paste_20260825_bl1408_original_DZu1b5pPEGy/outputs_paste_20260825_bl1408_original_DZu1b5pPEGy.zip/README.md	2544	0b24bc5271f38cd0cdedf27d0d912f1cc1944dae
IN-ZIP zip-contents/ClippersHQ_renders/outputs_paste_20260825_bl1408_song_DcY2cIGPUVd/outputs_paste_20260825_bl1408_song_DcY2cIGPUVd.zip/README.md	2422	73312be6fe5c2d95afa3df576dba298e4d18be17
IN-ZIP zip-contents/ClippersHQ_renders/outputs_paste_20260825_bl1408_song_DZaUyhVkn42/outputs_paste_20260825_bl1408_song_DZaUyhVkn42.zip/README.md	2344	a669034e42e6ac496c5c5fd63d6db98bdca1a806
IN-ZIP zip-contents/ClippersHQ_renders/outputs_paste_20260825_bl1408_song_DZu1b5pPEGy/outputs_paste_20260825_bl1408_song_DZu1b5pPEGy.zip/README.md	2367	6056fd5d3f15f88ef2aff20681bf5b50d19a63e7
IN-ZIP zip-contents/ClippersHQ_renders/outputs_paste_20260825_bl1409_original.zip/README.md	12884	84bec90a8f62518a9732e34d02ca0372ae092073
IN-ZIP zip-contents/ClippersHQ_renders/outputs_paste_20260825_bl1409_original.zip/_resume.json	46768	ab413df98ded6bbbfd0948abaed1fc7c9734d4a9
IN-ZIP zip-contents/ClippersHQ_renders/outputs_paste_20260825_bl1409_original_Db-BJl9ofFA/outputs_paste_20260825_bl1409_original_Db-BJl9ofFA.zip/README.md	2585	6ce36b50b704e3385f1b370ae91b3cbe86f6783c
IN-ZIP zip-contents/ClippersHQ_renders/outputs_paste_20260825_bl1409_original_DbyU2ifSFYu/outputs_paste_20260825_bl1409_original_DbyU2ifSFYu.zip/README.md	2399	b7cacaa90f69eff852788917b357edc3f7c7dad3
IN-ZIP zip-contents/ClippersHQ_renders/outputs_paste_20260825_bl1409_original_Dcad7Y2MMAF/outputs_paste_20260825_bl1409_original_Dcad7Y2MMAF.zip/README.md	2452	6ceceb199a9d92bd43319c60c65f2985ed6f0644
IN-ZIP zip-contents/ClippersHQ_renders/outputs_paste_20260825_bl1409_original_Dcbfwl5BvK7/outputs_paste_20260825_bl1409_original_Dcbfwl5BvK7.zip/README.md	2547	0b32d43c338d1bd7bf72b79f360f22d6fc2cd749
IN-ZIP zip-contents/ClippersHQ_renders/outputs_paste_20260825_bl1409_original_DcbHggAqOUD/outputs_paste_20260825_bl1409_original_DcbHggAqOUD.zip/README.md	2416	4b55bb1b5fd0e452770baab703b85dd054bda313
IN-ZIP zip-contents/ClippersHQ_renders/outputs_paste_20260825_bl1409_original_Dcd21ufE0ts/outputs_paste_20260825_bl1409_original_Dcd21ufE0ts.zip/README.md	2407	55ab4b86d93ae41442a225c196ec4715d1319bfe
IN-ZIP zip-contents/ClippersHQ_renders/outputs_paste_20260825_bl1409_original_DcWKqCrtOME/outputs_paste_20260825_bl1409_original_DcWKqCrtOME.zip/README.md	1906	3766e688a251fa0e8dbe0757b1ef52cc790da01a
IN-ZIP zip-contents/ClippersHQ_renders/outputs_paste_20260825_bl1409_original_DcYXlkBRJLF/outputs_paste_20260825_bl1409_original_DcYXlkBRJLF.zip/README.md	2319	4976f5a3988434e7e683789a0c1f7d715a76a90e
IN-ZIP zip-contents/ClippersHQ_renders/outputs_paste_20260825_bl1409_original_DcZQPilBOmc/outputs_paste_20260825_bl1409_original_DcZQPilBOmc.zip/README.md	2413	a49472d60421cf6ba6eb261c6b9b1dd8cb5df07d
IN-ZIP zip-contents/ClippersHQ_renders/outputs_paste_20260825_bl1409_original_DVhBwA_DWcj/outputs_paste_20260825_bl1409_original_DVhBwA_DWcj.zip/README.md	1733	51f3da5db3226790406c1517d35dfab2367ecdd0
IN-ZIP zip-contents/ClippersHQ_renders/outputs_paste_20260825_bl1409_original_DXH5gPzAcj9/outputs_paste_20260825_bl1409_original_DXH5gPzAcj9.zip/README.md	2490	30173c760d08ddd7826c273147fcff447e6b7938
IN-ZIP zip-contents/ClippersHQ_renders/outputs_paste_20260825_bl1409_original_DXrBm2bFQPM/outputs_paste_20260825_bl1409_original_DXrBm2bFQPM.zip/README.md	2388	fa4be18540a9bd7168d497689af7726eaa7cbee3
IN-ZIP zip-contents/ClippersHQ_renders/outputs_paste_20260825_bl1409_original_DXwsc_cy_ny/outputs_paste_20260825_bl1409_original_DXwsc_cy_ny.zip/README.md	2545	44ad618cecfa14f9bfa5d786fe213fc6c8a35d20
IN-ZIP zip-contents/ClippersHQ_renders/outputs_paste_bl1430_21/outputs_paste_bl1430_21.zip/README.md	26861	a13acd5719c4a92af2cb23e913fd0f150fc54881
IN-ZIP zip-contents/ClippersHQ_renders/outputs_paste_bl1430_21/_links/link_01_DZOfaprvQbh/link_01_DZOfaprvQbh.zip/README.md	2427	461ff518dd2e86aa99ce721ea405e62dcac594b0
IN-ZIP zip-contents/ClippersHQ_renders/outputs_paste_bl1430_21/_links/link_02_DcbqzZMSwLe/link_02_DcbqzZMSwLe.zip/README.md	2389	b46063254dae092cf3f064c0bd492430332f417a
IN-ZIP zip-contents/ClippersHQ_renders/outputs_paste_bl1430_21/_links/link_03_DcgsenBKNUl/link_03_DcgsenBKNUl.zip/README.md	2470	2fda4bf371df419de5774d35f88e132eec2f955e
IN-ZIP zip-contents/ClippersHQ_renders/outputs_paste_bl1430_21/_links/link_04_DY-oq7XBGmE/link_04_DY-oq7XBGmE.zip/README.md	2321	cb19da3bf3700823ae5308b41c584c097e8c7ef3
IN-ZIP zip-contents/ClippersHQ_renders/outputs_paste_bl1430_21/_links/link_05_DcaTqnAzhBG/link_05_DcaTqnAzhBG.zip/README.md	2423	2753ee01e0568b4eced4f19506f62f93ad1f8b9f
IN-ZIP zip-contents/ClippersHQ_renders/outputs_paste_bl1430_21/_links/link_06_DV9H7B7ko7V/link_06_DV9H7B7ko7V.zip/README.md	2205	433a818fd77657f011effe27d62ec3836d17a2d7
IN-ZIP zip-contents/ClippersHQ_renders/outputs_paste_bl1430_21/_links/link_07_DWzNCShj60T/link_07_DWzNCShj60T.zip/README.md	2394	7e7397ac125ccd5d04b3dcc0aa1335cd8b1b8372
IN-ZIP zip-contents/ClippersHQ_renders/outputs_paste_bl1430_21/_links/link_08_DbYonQnzByT/link_08_DbYonQnzByT.zip/README.md	2309	7cb53c432a80d159c331403811ab2171da0a4c08
IN-ZIP zip-contents/ClippersHQ_renders/outputs_paste_bl1430_21/_links/link_09_DYchbeVhf9F/link_09_DYchbeVhf9F.zip/README.md	2131	64ce320b51d863f477061affdd959a7fea21d76b
IN-ZIP zip-contents/ClippersHQ_renders/outputs_paste_bl1430_21/_links/link_10_DY_oM6tlXdx/link_10_DY_oM6tlXdx.zip/README.md	2458	6e062a27ade0172a7bbd3c8a607fcf1518e0ba97
IN-ZIP zip-contents/ClippersHQ_renders/outputs_paste_bl1430_21/_links/link_11_DXePleEEalS/link_11_DXePleEEalS.zip/README.md	2273	5857a12e9e21d90263a81a381ef3962e0c6dd265
IN-ZIP zip-contents/ClippersHQ_renders/outputs_paste_bl1430_21/_links/link_12_DZtL8J8IhXa/link_12_DZtL8J8IhXa.zip/README.md	2243	2c85b4c7dead96065f32f175acc5cef3f58f183f
IN-ZIP zip-contents/ClippersHQ_renders/outputs_paste_bl1430_21/_links/link_13_DZErTPaz4HZ/link_13_DZErTPaz4HZ.zip/README.md	2211	874b1bcfa579043c86670c34bfb8915c34ccbec0
IN-ZIP zip-contents/ClippersHQ_renders/outputs_paste_bl1430_21/_links/link_14_DX2R3luBGWi/link_14_DX2R3luBGWi.zip/README.md	2208	5f9780d9448876e28895bfd9ad9059bbecc28696
IN-ZIP zip-contents/ClippersHQ_renders/outputs_paste_bl1430_21/_links/link_15_DYSfglqNVw6/link_15_DYSfglqNVw6.zip/README.md	2403	8b6823c7cf115b52c822b49a47c7e56decce81ae
IN-ZIP zip-contents/ClippersHQ_renders/outputs_paste_bl1430_21/_links/link_16_DZ19BVjyPxv/link_16_DZ19BVjyPxv.zip/README.md	2315	ccdf87c03835bd256eab34bf26e8ade6a69242a3
IN-ZIP zip-contents/ClippersHQ_renders/outputs_paste_bl1430_21/_links/link_17_DYkMnEvuFOo/link_17_DYkMnEvuFOo.zip/README.md	2285	a409e537e51f30c693887069c868a19140e75590
IN-ZIP zip-contents/ClippersHQ_renders/outputs_paste_bl1430_21/_links/link_18_DZFp0i9MMFm/link_18_DZFp0i9MMFm.zip/README.md	2314	b603e78bf24b0b7dfdf42bd16933e44be4c2ca6f
IN-ZIP zip-contents/ClippersHQ_renders/outputs_paste_bl1430_21/_links/link_19_DaJ-vslhuRN/link_19_DaJ-vslhuRN.zip/README.md	2370	546073157593c6addde5988f077ab2b7a1586f2f
IN-ZIP zip-contents/ClippersHQ_renders/outputs_paste_bl1430_21/_links/link_20_DbhQRCeo6TK/link_20_DbhQRCeo6TK.zip/README.md	2199	d51a8e9499461e5bd9d623ae8720e226a725aac8
IN-ZIP zip-contents/ClippersHQ_renders/outputs_paste_bl1430_21/_links/link_21_DcYuZ2CzECo/link_21_DcYuZ2CzECo.zip/README.md	2206	0f776163a32f7eec4123f0dc70de482d9a8b5873
